segment_id,segment_description,road_name,lga,region,district,start_lat,start_lon,gda_x,gda_y
5,500M NTH OF AUSTRAL PARK RD,PRINCES HIGHWAY,SHOALHAVEN,South,Russell Vale M3Ed3,-34.424399763636366,150.66839661818182,4363904.502945454,9636608.327018183
10,NTHN ABUT MENANGLE BRIDGE SBC,HUME HIGHWAY,WOLLONDILLY,South,HMO North M3Ed3,-34.15053625517241,150.4797112,4394671.9982344825,9620580.387782758
11,INT MITCHELL HWY AND NDR,MITCHELL HIGHWAY,ORANGE,West,Central West M3Ed3,-33.3123236,149.1418476,4491052.9782,9499252.0632
15,640M STH OF AUSTRAL PARK RD EXIT,PRINCES HIGHWAY,SHOALHAVEN,South,Russell Vale M3Ed3,-34.51694252666667,150.67744704666666,4353629.3166,9637140.67592
20,1.52KM NTH OF STH ABUT MENANGE BRIDGE (PHONE 137),HUME HIGHWAY,WOLLONDILLY,South,HMO North M3Ed3,-34.240266211764705,150.50126610588237,4384702.773694118,9622069.012170589
21,N/B CGE SEAL NEAR OLD TOLL OFFICE,SOUTHERN FREEWAY,WOLLONGONG,South,Russell Vale M3Ed3,-34.1508788,150.9897516,4393149.7713,9667546.1598
25,NOMBI CUT,OXLEY HIGHWAY,WARRUMBUNGLE,West,North West M3Ed3,-32.82711745625,150.13183090625,4542003.3463,9593110.44865
30,250M SOUTH OF MORETON PARK RD (NORTH) OVERPASS,HUME HIGHWAY,WOLLONDILLY,South,HMO North M3Ed3,-34.085952635714285,150.56342862142856,4401335.182628571,9628942.37295
35,DEEP CK,SNOWY MOUNTAINS HIGHWAY,SNOWY VALLEYS,South,HMO South M3Ed3,-33.70645996428571,150.34837462142858,4443580.005314286,9611215.076235713
40,GEMBROOK LANE,PRINCES HIGHWAY,SHOALHAVEN,South,Russell Vale M3Ed3,-33.98494178275862,149.9837735,4414187.9645517245,9575679.44396207
41,N/B PHONE NO 46N,SOUTHERN FREEWAY,WOLLONGONG,South,Russell Vale M3Ed3,-34.15420596,150.9871871,4392790.296159999,9667295.96284
45,160M NTH OF ON RAMP PRINCES HWY,PRINCES HIGHWAY,SHOALHAVEN,South,Bomaderry M3Ed3,-34.333621185714286,150.6392319714286,4373712.467314286,9635007.180657143
50,STH ABUT BGE OVER HW1 H/BURGH N/B,SOUTHERN FREEWAY,WOLLONGONG,South,Russell Vale M3Ed3,-34.239734387096775,150.43461919032256,4384880.990577419,9616097.852574194
55,HW2/MR84 INTERSECT-BOWNING DEV,BURLEY GRIFFIN WAY,YASS VALLEY,South,HMO South M3Ed3,-34.73123471666667,149.65259192916668,4332250.967129166,9543066.380383333
60,425M NTH OF BERRY EXIT,PRINCES HIGHWAY,SHOALHAVEN,South,Bomaderry M3Ed3,-34.42293615535714,149.76822004464287,4365912.468964285,9554798.323783929
64,FAILFORD RD,PACIFIC HIGHWAY,MID-COAST,North,Newcastle M3Ed3,-32.073658699999996,152.43645055000002,4616998.16975,9812688.327399999
65,PUNCHS  PIT,OXLEY HIGHWAY,WARRUMBUNGLE,West,North West M3Ed3,-32.609745825,150.3945789,4565412.8658374995,9617565.5781125
70,SHIRE BOUNDARY,NARRANDERA-MOSSGIEL,NARRANDERA,South,Riverina East M3Ed3,-34.33190578,149.04439722,4377577.02102,9488419.449
71,STHN ABUT DOUGLAS PARK BRIDGE,HUME HIGHWAY,WOLLONDILLY,South,HMO North M3Ed3,-34.20162545,150.70211538333334,4388504.3425,9640860.706133334
72,7 MILE ROAD,PACIFIC HIGHWAY,MID-COAST,North,Newcastle M3Ed3,-32.0000934,152.4630691,4625007.6592,9815622.4106
73,7 MILE ROAD NTH BOUND,PACIFIC HIGHWAY,MID-COAST,North,Newcastle M3Ed2,-31.9954296,152.4657651,4625510.43,9815903.6624
75,"END DIV CWAY 470M WEST MR 513, ACROSS BRIDGE OV MR513, TO NR TOP MT OUSLEY E/B",WOLLONGONG-PHEASANTS NEST,WOLLONGONG,South,Russell Vale M3Ed3,-33.3086307,150.78126709411765,4486758.355829411,9651520.278094118
80,CUMBERLAND GAP,SNOWY MOUNTAINS HIGHWAY,SNOWY VALLEYS,South,HMO South M3Ed3,-34.325490804761905,149.6296985761905,4377038.978528571,9542638.85657619
81,STHN ABUT MOOLGUN CREEK BRIDGE  SBC,HUME HIGHWAY,WOLLONDILLY,South,HMO North M3Ed3,-34.215155857142854,150.6844408142857,4387063.1747,9639181.128157143
85,CUMBERLAND CK,SNOWY MOUNTAINS HIGHWAY,SNOWY VALLEYS,South,HMO South M3Ed3,-34.13296341111111,149.84545732222222,4397574.682611112,9563697.063438889
90,CLIMBING LANE (RHS),BURLEY GRIFFIN WAY,YASS VALLEY,South,HMO South M3Ed3,-34.04746392105263,149.70791437894735,4407431.776263158,9551117.77125
91,350M NORTH OF PICTON RD EXIT  SBC,HUME HIGHWAY,WOLLONDILLY,South,HMO North M3Ed3,-34.23086874444444,150.66722366666667,4385378.4493,9637535.695422223
95,TALBINGO MOUNTAIN,SNOWY MOUNTAINS HIGHWAY,SNOWY VALLEYS,South,HMO South M3Ed3,-34.53340324333333,149.88945850666667,4353103.580303333,9566489.459426668
100,CLIMBING LANE TO CIS,BURLEY GRIFFIN WAY,YASS VALLEY,South,HMO South M3Ed3,-34.649830597435894,149.27467827179487,4342169.513028205,9508547.395910257
101,STHN ABUT PHEASANTS NEST BDGE SBC,HUME HIGHWAY,WOLLONDILLY,South,HMO North M3Ed3,-34.243700360000005,150.65967425333332,4383981.46704,9636791.308833333
105,TALBINGO MOUNTAIN,SNOWY MOUNTAINS HIGHWAY,SNOWY VALLEYS,South,HMO South M3Ed3,-34.410059833333335,149.6376879,4367837.770622222,9542650.549377777
110,TALBINGO MOUNTAIN,SNOWY MOUNTAINS HIGHWAY,SNOWY VALLEYS,South,HMO South M3Ed3,-34.08775713428572,149.38325529714285,4404025.879768572,9520348.478797143
111,3KM SOUTH OF PHEASANTS NEST BRIDGE (PHONE 165) SBC,HUME HIGHWAY,WOLLONDILLY,South,HMO North M3Ed3,-34.271410225000004,150.64574045,4380956.849941666,9635402.366466666
115,TALBINGO - JOUNAMA DAM,SNOWY MOUNTAINS HIGHWAY,SNOWY VALLEYS,South,HMO South M3Ed3,-35.022642916,148.814778652,4301658.086708,9466188.370112
120,CIS TO ABUT 1,SNOWY MOUNTAINS HIGHWAY,SNOWY VALLEYS,South,HMO South M3Ed3,-34.884885266666664,148.79210101333334,4317019.370636667,9464350.332296668
121,UNDERPASS AT SERVICE STATION SBC,HUME HIGHWAY,WOLLONDILLY,South,HMO North M3Ed3,-34.28946104285714,150.63033907142858,4379006.649064286,9633916.520728571
125,MCGREGORS CK TO MORRIS CK,SNOWY MOUNTAINS HIGHWAY,SNOWY VALLEYS,South,HMO South M3Ed3,-35.156779109375,148.60729525625,4287232.379471875,9446881.018790625
130,ABUT 1 TO TPA SIGN,BURLEY GRIFFIN WAY,YASS VALLEY,South,HMO South M3Ed3,-34.85420088194444,148.8599319777778,4320281.653983333,9470422.354498612
131,1.7KM SOUTH OF PHEASANTS NEST SERVICE CENTRE (MOBILE) ON LOAD LANE,HUME HIGHWAY,WOLLONDILLY,South,HMO North M3Ed3,-34.302596581818186,150.60998625454548,4377616.428145454,9631994.950527273
135,BLOWERING RANGER STATION,SNOWY MOUNTAINS HIGHWAY,SNOWY VALLEYS,South,HMO South M3Ed3,-35.15837221666667,148.70834319444444,4286831.660387778,9456010.30113111
140,BOWLERS CREEK,SNOWY MOUNTAINS HIGHWAY,SNOWY VALLEYS,South,HMO South M3Ed3,-35.0701526,148.741382225,4296520.015177,9459217.417774
145,AB1 WILEYS CREEK BRIDGE,PRINCES HIGHWAY,SHOALHAVEN,South,Bomaderry M3Ed3,-33.2682276,150.0422959375,4493599.411125,9581377.1797125
147,JANEYS CREEK  SEGS 145 & 150,SNOWY MOUNTAINS HIGHWAY,SNOWY VALLEYS,South,HMO South M3Ed3,-35.47807497878788,148.2744471606061,4252310.648163636,9415636.150584847
150,"S/B U-TURN  BAY FACILITY, BERRY",PRINCES HIGHWAY,SHOALHAVEN,South,Bomaderry M3Ed3,-34.008856321875,150.1684616375,4410900.1385,9592305.180959376
155,MT ULAMAMBRI,OXLEY HIGHWAY,WARRUMBUNGLE,West,North West M3Ed3,-35.129952523469385,148.5432287,4290349.087821429,9440964.160523469
160,THE PINES - RYANS CREEK,SNOWY MOUNTAINS HIGHWAY,SNOWY VALLEYS,South,HMO South M3Ed3,-35.057719729807694,148.7858842096154,4297743.834716346,9463523.28560673
165,OVERBRIDGE,SNOWY MOUNTAINS HIGHWAY,SNOWY VALLEYS,South,HMO South M3Ed3,-34.861474250617285,148.84448302222222,4319214.133166666,9469716.683911111
170,SPENCERS CUT,OXLEY HIGHWAY,PORT MACQUARIE - HASTINGS,North,Mid North Coast M3Ed3,-35.013036872972975,149.0870877810811,4301779.868159459,9491499.893962163
175,1KM EAST OF ENTRANCE OF CORDEAUX COLLIERY,SNOWY MOUNTAINS HIGHWAY,SNOWY VALLEYS,South,HMO South M3Ed3,-35.22097036060606,148.8680240878788,4279542.522933333,9470354.0766
180,20M SOUTH OF BARGO EXIT  SBC,HUME HIGHWAY,WOLLONDILLY,South,HMO North M3Ed3,-34.89687421666667,149.46409306166666,4314198.157446667,9525726.80263
185,WILLOWIE,SNOWY MOUNTAINS HIGHWAY,SNOWY VALLEYS,South,HMO South M3Ed3,-34.908122,149.78198475,4312241.8703,9554527.282125
190,EAST OF THE WILLOWS ROAD,BURLEY GRIFFIN WAY,NARRANDERA,South,Riverina East M3Ed3,-34.520431244,149.62168221800002,4355434.873852001,9541200.193744
195,TUMUT RIVER,SNOWY MOUNTAINS HIGHWAY,SNOWY VALLEYS,South,HMO South M3Ed3,-35.15244302,149.0568163066667,4286732.915126666,9487675.553426666
200,CATTLE ROAD,BURLEY GRIFFIN WAY,YASS VALLEY,South,HMO South M3Ed3,-34.632364458333335,149.775908475,4342351.62385,9555312.108191667
205,"MR261 ROUNDABOUT, BOMADERRY",SNOWY MOUNTAINS HIGHWAY,SNOWY VALLEYS,South,HMO South M3Ed3,-34.135019225,150.24315205,4396927.2206999995,9598701.271675
210,BOUNDARY YSC & HSC,NEWELL HIGHWAY,WARRUMBUNGLE,West,North West M3Ed3,-34.02927109473684,149.6422951,4410106.860871052,9543840.44365
215,STONEY CREEK,SNOWY MOUNTAINS HIGHWAY,SNOWY VALLEYS,South,HMO South M3Ed3,-32.85136912666667,149.04224172666667,4542066.48496,9491760.988486668
220,BINNAWAY HILL,NEWELL HIGHWAY,WARRUMBUNGLE,West,North West M3Ed3,-33.272761450000004,149.89668626153846,4493346.831692307,9569386.902873076
225,AIR PORT,NEWELL HIGHWAY,WARRUMBUNGLE,West,North West M3Ed3,-31.7051815375,149.48149097499999,4668297.3455125,9534573.1222875
227,HARDINGE STREET,COBB HIGHWAY,DENILIQUIN,South,Riverina West M3Ed2,-35.5334064,144.9510289,4245056.109833334,9114217.012166666
230,MERRYULA CREEK,NEWELL HIGHWAY,WARRUMBUNGLE,West,North West M3Ed3,-32.81502590555556,149.56323173333334,4544775.055711111,9539452.181694444
235,3.755KM EAST OF END OF CONCRETE E/B,WOLLONGONG-PHEASANTS NEST,WOLLONDILLY,South,Russell Vale M3Ed3,-32.756562642105266,149.97340025789472,4550507.271705263,9577207.354994737
238,BR.OV.BELAR CREEK ABUT.2,NEWELL HIGHWAY,WARRUMBUNGLE,West,North West M3Ed3,-31.378101733333335,149.26437878333334,4705087.7657,9515294.546166668
240,ENTRANCE CORDEAUX DAM ROAD,WOLLONGONG-PHEASANTS NEST,WOLLONDILLY,South,Russell Vale M3Ed3,-33.964798575,149.68764994375,4416543.100075,9548571.0029375
241,400M NORTH OF SIERRA ST SBC,HUME HIGHWAY,WINGECARRIBEE,South,HMO North M3Ed3,-34.38478984444444,150.6067456111111,4368512.112388889,9631380.566511111
245,12 MILE,NEWELL HIGHWAY,WARRUMBUNGLE,West,North West M3Ed3,-33.17398899166667,149.90380205833333,4504332.438183334,9569845.528916666
250,WAUCHOPE CEMETERY,NEWELL HIGHWAY,WARRUMBUNGLE,West,North West M3Ed3,-32.01809514814815,149.7288977296296,4632648.0642,9557121.226177778
251,N/B RAMP OFF TO UNIVERSITY,SOUTHERN FREEWAY,WOLLONGONG,South,Russell Vale M3Ed3,-34.40502684285714,150.88280344285712,4365370.747614286,9656651.64202857
255,21K,NEWELL HIGHWAY,WARRUMBUNGLE,West,North West M3Ed3,-33.3630202,148.70929495625,4486002.09675,9459984.72325625
260,WHATMANS LANE,SNOWY MOUNTAINS HIGHWAY,SNOWY VALLEYS,South,HMO South M3Ed3,-33.054578541463414,148.94315101707318,4519713.029090244,9482049.693285367
265,900M EAST OF END OF CONCRETE E/B,WOLLONGONG-PHEASANTS NEST,WOLLONDILLY,South,Russell Vale M3Ed3,-32.897209653333334,149.5626725333333,4535806.0520399995,9539104.751093334
270,GILMORE CREEK BRIDGE,SNOWY MOUNTAINS HIGHWAY,SNOWY VALLEYS,South,HMO South M3Ed3,-34.078750306060606,149.3899490939394,4405001.088281819,9520872.500333333
275,END OF CONCRETE E/B,NEWELL HIGHWAY,WARRUMBUNGLE,West,North West M3Ed3,-32.389266766666665,150.2664788666667,4589840.604850001,9606549.179516668
276,SANDY CREEK,SNOWY MOUNTAINS HIGHWAY,SNOWY VALLEYS,South,HMO South M3Ed3,-35.3258651,148.16088975,4269312.909875,9405520.687975
280,START OF CONCRETE W/B,WOLLONGONG-PHEASANTS NEST,WOLLONDILLY,South,Russell Vale M3Ed3,-34.18666489,150.52123794,4390435.86489,9624650.255645
285,GREENBAH CREEK,NEWELL HIGHWAY,WARRUMBUNGLE,West,North West M3Ed3,-32.41791295,148.8937925,4590473.787675,9478734.2739
286,402 - W/B DIVIDED CARRIAGEWAY FROM WEST END R/B KALKTIE STREET JINDABYNE,COOMA-CHARLOTTES PASS,SNOWY MONARO REGIONAL,South,Cooma M3Ed3,-36.41492515,148.6148837,4147927.38265,9444915.914450001
290,CROSSING MIDDLE ROAD,BURLEY GRIFFIN WAY,NARRANDERA,South,Riverina East M3Ed3,-33.78673417096774,149.9672768387097,4436081.527422581,9574213.886164518
295,2.59KM EAST OF START OF CONCRETE E/B,WOLLONGONG-PHEASANTS NEST,WOLLONDILLY,South,Russell Vale M3Ed3,-33.831902824,150.088314096,4430881.755148,9585242.77484
300,MAGPIE CORNER STH,NEWELL HIGHWAY,WARRUMBUNGLE,West,North West M3Ed3,-34.091336482352936,149.55388989411765,4403152.6225764705,9535872.156344118
305,1.29KM EAST OF START OF CONCRETE E/B,WOLLONGONG-PHEASANTS NEST,WOLLONDILLY,South,Russell Vale M3Ed3,-33.282287781818184,150.1105307,4491874.264636364,9588303.244
309,EASTERN AC APPROACH TO A,SNOWY MOUNTAINS HIGHWAY,SNOWY VALLEYS,South,HMO South M3Ed3,-35.307511,148.0662638,4271440.197,9396940.6647
310,2.6KM WEST OF ALKOOMIE PL,WOLLONGONG-PHEASANTS NEST,WOLLONDILLY,South,Russell Vale M3Ed3,-34.09433857297297,150.82639083513513,4399549.337586487,9653879.780535135
312,HICKEYS FALLS,NEWELL HIGHWAY,WARRUMBUNGLE,West,North West M3Ed3,-31.429207612962962,149.07573673888888,4699797.399731481,9497248.68985
315,QUINNS LANE TO NORTH OF BROWNS ROAD,PRINCES HIGHWAY,SHOALHAVEN,South,Bomaderry M3Ed3,-31.82273502222222,149.22177315555555,4655818.691933333,9509629.566733334
320,END OF CONCRETE W/B,WOLLONGONG-PHEASANTS NEST,WOLLONDILLY,South,Russell Vale M3Ed3,-33.96165592352941,150.7497648294118,4414511.474897059,9646830.92022059
325,ADELONG GAP,SNOWY MOUNTAINS HIGHWAY,SNOWY VALLEYS,South,HMO South M3Ed3,-35.15335412,149.06636880000002,4286476.6672600005,9488439.18608
330,900M SOUTH OF DRAPERS RD SBC,HUME HIGHWAY,WINGECARRIBEE,South,HMO North M3Ed3,-34.2265355625,150.4124289,4385908.6085125,9615035.1108125
335,OVERTAKING LANES,SNOWY MOUNTAINS HIGHWAY,SNOWY VALLEYS,South,HMO South M3Ed3,-35.297583,148.019607,4272583.6241,9392709.7137
340,WARRA WARRA ROAD TO BTU RD,PRINCES HIGHWAY,SHOALHAVEN,South,Bomaderry M3Ed3,-34.93045887777778,150.26614737777777,4308796.6047,9598314.968886111
345,BTU ROAD TO WARRA WARRA RD,SNOWY MOUNTAINS HIGHWAY,SNOWY VALLEYS,South,HMO South M3Ed3,-34.999528613636365,150.12553838636362,4301373.999995454,9585278.189736364
350,BANGADANG ROAD,SNOWY MOUNTAINS HIGHWAY,SNOWY VALLEYS,South,HMO South M3Ed3,-34.705884989655175,149.45557425172413,4334855.22547931,9526479.410768965
351,FOREST ROAD TO BTU ROAD,PRINCES HIGHWAY,SHOALHAVEN,South,Bomaderry M3Ed2,-34.94284675,150.6019211,4306705.8186,9628806.646200001
353,BTU TO FOREST ROAD,PRINCES HIGHWAY,SHOALHAVEN,South,Bomaderry M3Ed3,-34.94405265,150.6021912,4306571.334875,9628826.682950001
355,ELLERSLIE ROAD,SNOWY MOUNTAINS HIGHWAY,SNOWY VALLEYS,South,HMO South M3Ed3,-35.266311380000005,147.94138686000002,4276118.544439999,9385628.86208
360,CLAREMONT,SNOWY MOUNTAINS HIGHWAY,SNOWY VALLEYS,South,HMO South M3Ed3,-34.505852858333334,150.39100910416667,4355541.2387666665,9611532.090158334
365,FOREST ROAD TO PARMA RD,PRINCES HIGHWAY,SHOALHAVEN,South,Bomaderry M3Ed3,-35.014062111363636,150.05104310681818,4299898.321125,9578425.729813637
370,800M SOUTH OF WELBY ON RAMP SBC,HUME HIGHWAY,WINGECARRIBEE,South,HMO North M3Ed3,-34.00855548902439,150.47842677560976,4410399.294593902,9621365.528557317
375,START LEFT TURN BAY 300M,SNOWY MOUNTAINS HIGHWAY,COOTAMUNDRA-GUNDAGAI REGIONAL,South,HMO South M3Ed3,-35.171873399999996,148.44239018,4285567.5063000005,9431438.99842
380,YAVEN YAVEN CREEK,SNOWY MOUNTAINS HIGHWAY,COOTAMUNDRA-GUNDAGAI REGIONAL,South,HMO South M3Ed3,-34.41363426666666,150.1568184952381,4365910.620047619,9590993.472469047
385,OBERNE ELLERSLIE TRAIL,SNOWY MOUNTAINS HIGHWAY,COOTAMUNDRA-GUNDAGAI REGIONAL,South,HMO South M3Ed3,-34.10419032,150.523864658,4399699.9409920005,9625026.019442
390,START 3 LANES BERRIMA BYPASS S/B,HUME HIGHWAY,WINGECARRIBEE,South,HMO North M3Ed3,-33.28134286190476,150.5134028047619,4490783.047805714,9627463.709093334
395,,SNOWY MOUNTAINS HIGHWAY,COOTAMUNDRA-GUNDAGAI REGIONAL,South,HMO South M3Ed3,-35.1857062,147.87956361,4285106.77651,9380080.87009
400,"END 3 LANES BERRIMA BYPASS, BENDOOLEY HILL SBC",HUME HIGHWAY,WINGECARRIBEE,South,HMO North M3Ed3,-34.658660732499996,150.001577395,4339466.8972675,9575088.3558075
405,LOADING RAMP TO SH2,SNOWY MOUNTAINS HIGHWAY,COOTAMUNDRA-GUNDAGAI REGIONAL,South,HMO South M3Ed3,-33.86035903333333,148.35171033333333,4431287.016333333,9426326.819366666
410,100M SOUTH OF CORDEAUX CREEK BRIDGE,HUME HIGHWAY,WINGECARRIBEE,South,HMO North M3Ed3,-34.21780473571429,150.2585146857143,4387985.958957143,9599393.878994644
415,12 K CORNER,NEWELL HIGHWAY,WARRUMBUNGLE,West,North West M3Ed3,-31.433534499999997,146.68452463333335,4694795.765,9271452.670866666
420,450M SOUTH OF OLD MANDEMAR RD,HUME HIGHWAY,WINGECARRIBEE,South,HMO North M3Ed3,-33.97039563191489,150.33929878085107,4415075.432865958,9607906.026321277
421,"1.52KM STH OF CRANBROOK RD, END OF O/T LANE S/B",PRINCES HIGHWAY,EUROBODALLA,South,Bega M3Ed3,-35.734185499999995,150.16724795,4220259.927999999,9586479.18105
425,RUSSELS CORNER,NEWELL HIGHWAY,WARRUMBUNGLE,West,North West M3Ed3,-31.157589733333335,149.3689082666667,4729301.620233334,9525785.587866666
430,"END N/B O/T LANE 900M SOUTH OF HAWKEN RD, TOMERONG",PRINCES HIGHWAY,SHOALHAVEN,South,Bomaderry M3Ed3,-34.47752147843138,150.3020930098039,4358342.919292157,9602619.50557647
435,21/22 K,NEWELL HIGHWAY,WARRUMBUNGLE,West,North West M3Ed3,-31.4997791125,145.30076292500002,4685103.516375,9140440.122275
440,50M SOUTH OF BLACK SPRINGS CREEK SBC,HUME HIGHWAY,WINGECARRIBEE,South,HMO North M3Ed3,-34.482105391379314,150.1445851051724,4358466.81245862,9588055.170512069
445,50M SOUTH OF TOMERONG CK,PRINCES HIGHWAY,SHOALHAVEN,South,Bomaderry M3Ed3,-33.46159212857143,148.89922562857143,4470430.612157143,9473257.154728573
450,SOUTHERN ABUT BRIDGE OVER MEDWAY RD SBC,HUME HIGHWAY,WINGECARRIBEE,South,HMO North M3Ed3,-34.19376281590909,150.34906176136363,4390325.672093182,9608239.86038409
455,SAND BANK,NEWELL HIGHWAY,WARRUMBUNGLE,West,North West M3Ed3,-31.04882778,149.39684638,4741293.30718,9528724.52794
460,31KM TRUCK STOP,NEWELL HIGHWAY,WARRUMBUNGLE,West,North West M3Ed3,-34.09721470769231,150.41214865384615,4400810.031653846,9614416.41743077
465,BOX FLAT,NEWELL HIGHWAY,WARRUMBUNGLE,West,North West M3Ed3,-31.02241045,149.40264485,4744208.119750001,9529345.10115
470,"70M NTH OF 80KM SIGN, START OF N/B CLIMBING LANE",PRINCES HIGHWAY,EUROBODALLA,South,Bega M3Ed3,-34.061025083333334,150.26018630000002,4405284.9330625,9600579.1273
473,"200M NTH OF KELLS RD, TOMERONG S/B",PRINCES HIGHWAY,SHOALHAVEN,South,Bomaderry M3Ed3,-35.0663959,150.5728868,4293104.8596250005,9625688.774175
475,SANDSTONE CAVES,NEWELL HIGHWAY,WARRUMBUNGLE,West,North West M3Ed3,-31.004913950000002,149.40925215,4746132.54535,9530020.41835
478,"330M NTH OF ISLAND POINT RD, TOMERONG S/B",PRINCES HIGHWAY,SHOALHAVEN,South,Bomaderry M3Ed3,-35.0718502,150.5701423,4292508.928,9625418.0278
480,600M SOUTH OF GOLDEN VALE RD,HUME HIGHWAY,WINGECARRIBEE,South,HMO North M3Ed3,-34.30977198666667,150.54360400666667,4376872.11684,9626276.27792
483,"320M NTH OF ISLAND POINT RD, TOMERONG N/B",PRINCES HIGHWAY,SHOALHAVEN,South,Bomaderry M3Ed3,-35.064902849999996,150.57308725,4293269.704725,9625712.70085
485,BILLY CREEK,NEWELL HIGHWAY,WARRUMBUNGLE,West,North West M3Ed3,-30.96314196666667,149.41953750000002,4750739.058066666,9531109.460666666
488,280M NTH OF ISLAND POINT,PRINCES HIGHWAY,SHOALHAVEN,South,Bomaderry M3Ed2,-35.072846,150.5681843,4292404.6636,9625235.855
490,BELANGLO STATE FOREST RD SBC,HUME HIGHWAY,WINGECARRIBEE,South,HMO North M3Ed3,-34.27264612325581,150.33933904418606,4381592.95227907,9607120.31666279
495,C/BRAN 45K N/BRI 75K,NEWELL HIGHWAY,WARRUMBUNGLE,West,North West M3Ed3,-30.919660444444446,149.43290312222223,4755528.159711111,9532498.147955555
500,100M NORTH OF CHERRY TREE HILL ENTRANCE SB,HUME HIGHWAY,WINGECARRIBEE,South,HMO North M3Ed3,-34.2909079,150.23537613333332,4379577.590697436,9598485.963194871
501,NEAR POLO FLAT ROAD 3.6K,MONARO HIGHWAY,SNOWY MONARO REGIONAL,South,Cooma M3Ed3,-35.77003275,149.58183845,4217461.797775,9534029.04265
502,CONC NOSE ONLOAD FIVE ISLAND ROAD,SOUTHERN FREEWAY,WOLLONGONG,South,Russell Vale M3Ed3,-34.85327386666667,150.46580608888888,4316801.762944444,9617242.742444444
503,WATER DAM 5.6KM NORTH OF,MONARO HIGHWAY,SNOWY MONARO REGIONAL,South,Cooma M3Ed3,-36.19040836666667,149.16017871111112,4171963.0882666665,9494358.540933333
504,6.7KM NORTH OF COOMA,MONARO HIGHWAY,SNOWY MONARO REGIONAL,South,Cooma M3Ed3,-36.17822836842105,149.1561641,4173322.2746,9494025.283605263
505,ANDYS CREEK,NEWELL HIGHWAY,NARRABRI,West,North West M3Ed3,-34.33846213076923,149.25585354615384,4377006.7524500005,9507772.566938462
506,BUNYAN HILL OVERTAKING LANE 1.3KM NORTH OF COOMA CREEK,MONARO HIGHWAY,SNOWY MONARO REGIONAL,South,Cooma M3Ed3,-36.15993691538461,149.15241843846155,4175359.161669231,9493730.107684616
507,NORTH END BUNYAN HILL O,MONARO HIGHWAY,SNOWY MONARO REGIONAL,South,Cooma M3Ed3,-36.14493555882353,149.14914835588235,4177030.000229412,9493470.069985295
508,SOARING CLUB BUNYAN AIRF,MONARO HIGHWAY,SNOWY MONARO REGIONAL,South,Cooma M3Ed3,-36.12604084545455,149.1428463,4179138.4684090912,9492945.84960909
509,1.7KM NORTH OF SOARING,MONARO HIGHWAY,SNOWY MONARO REGIONAL,South,Cooma M3Ed3,-36.110731795238095,149.14297964761903,4180837.091061905,9492992.721366666
510,CHAKOLA RD 3.3KM NORTH O,MONARO HIGHWAY,SNOWY MONARO REGIONAL,South,Cooma M3Ed3,-34.643405658620686,150.16838222586205,4340832.664215517,9590890.966918966
511,1.6KM NORTH OF CHAKOLA R,MONARO HIGHWAY,SNOWY MONARO REGIONAL,South,Cooma M3Ed3,-36.08610406428571,149.1482922642857,4183560.181414286,9493527.305292858
512,NUMERALLA RIVER AB1,MONARO HIGHWAY,SNOWY MONARO REGIONAL,South,Cooma M3Ed3,-36.083472240000006,149.15281868,4183843.83354,9493941.02386
513,NUMERALLA OVERFLOW BRIDGE AB2,MONARO HIGHWAY,SNOWY MONARO REGIONAL,South,Cooma M3Ed3,-36.07798167142857,149.1589496,4184441.7059952384,9494505.856428573
514,NUMERALLA RIVER REST ARE,MONARO HIGHWAY,SNOWY MONARO REGIONAL,South,Cooma M3Ed3,-36.069830024324325,149.15904904594595,4185346.0775459455,9494533.506472973
515,START OVERTAKING LANE DR,MONARO HIGHWAY,SNOWY MONARO REGIONAL,South,Cooma M3Ed3,-34.40120927777778,148.4021458,4368977.974111111,9426584.562444445
516,DRISCOLS HILL 2.89KM NOR,MONARO HIGHWAY,SNOWY MONARO REGIONAL,South,Cooma M3Ed3,-36.0507272,149.15757227692308,4187468.5619461536,9494444.254646154
517,END OF O/T LANE 4.05KM N,MONARO HIGHWAY,SNOWY MONARO REGIONAL,South,Cooma M3Ed3,-36.04028538461539,149.1558756923077,4188630.3724769233,9494315.2925
518,5.2KM NORTH OF NUMERALLA,MONARO HIGHWAY,SNOWY MONARO REGIONAL,South,Cooma M3Ed3,-36.02960612142857,149.1529984357143,4189820.709407143,9494080.417221429
519,BILLILINGRA ROAD RIVERSDALE,MONARO HIGHWAY,SNOWY MONARO REGIONAL,South,Cooma M3Ed3,-36.01807842857143,149.1487196464286,4191107.769453571,9493721.076185714
520,BILLILINGRA CREEK 1.3KM NORTH OF BILLILINGRA ROAD,MONARO HIGHWAY,SNOWY MONARO REGIONAL,South,Cooma M3Ed3,-34.490798230508474,149.98290020169492,4357587.57990678,9574410.430994915
521,HARRYS WILLOW CREEK,MONARO HIGHWAY,SNOWY MONARO REGIONAL,South,Cooma M3Ed3,-35.99921311666667,149.14176463333334,4193213.9227166665,9493137.051966665
522,END OF O/T LANES 3.6KM N,MONARO HIGHWAY,SNOWY MONARO REGIONAL,South,Cooma M3Ed3,-35.295163026666664,149.95138984,4269141.252933334,9569010.100106666
523,4.6KM NORTH OF BILLILING,MONARO HIGHWAY,SNOWY MONARO REGIONAL,South,Cooma M3Ed3,-35.97944936,149.13769751333334,4195414.359773333,9492815.2351
524,END OF S/B O/T LANE STH,MONARO HIGHWAY,SNOWY MONARO REGIONAL,South,Cooma M3Ed3,-35.967572575,149.1437554,4196720.949125,9493388.614816668
525,340M SOUTH OF BREDBO RIVER BRIDGE,MONARO HIGHWAY,SNOWY MONARO REGIONAL,South,Cooma M3Ed3,-35.10192731666667,149.47023588333334,4291876.825316667,9525299.740126668
526,POVEYS SHOP BREDBO,MONARO HIGHWAY,SNOWY MONARO REGIONAL,South,Cooma M3Ed3,-35.9521686,149.14594423333332,4198426.022866666,9493621.1469
527,NORTH STREET BREDBO,MONARO HIGHWAY,SNOWY MONARO REGIONAL,South,Cooma M3Ed3,-35.94697102941176,149.14683791176472,4199001.048294118,9493713.623358823
528,RAILWAY XING 540M NORTH,MONARO HIGHWAY,SNOWY MONARO REGIONAL,South,Cooma M3Ed3,-35.94159544222222,149.1483311511111,4199594.708642223,9493860.609028889
529,1.6KM NORTH OF OLD BREDBO POST OFFICE,MONARO HIGHWAY,SNOWY MONARO REGIONAL,South,Cooma M3Ed3,-35.93143566,149.14905175500002,4200720.60697,9493948.81964
530,"260M SOUTH OF WOOL ROAD, BEWONG",PRINCES HIGHWAY,SHOALHAVEN,South,Bomaderry M3Ed3,-34.82841263294117,150.15412581529412,4320378.160482353,9589017.714302354
531,3.6KM NORTH OF OLD BREDB,MONARO HIGHWAY,SNOWY MONARO REGIONAL,South,Cooma M3Ed3,-35.91383118285714,149.15527733142858,4202662.23222,9494550.894574286
532,GUNGOANDRA CREEK AB2,MONARO HIGHWAY,SNOWY MONARO REGIONAL,South,Cooma M3Ed3,-35.90576600714286,149.1601073357143,4203548.040207143,9495005.325114286
533,0.9KM NORTH OF GUNGOANDRA CREEK,MONARO HIGHWAY,SNOWY MONARO REGIONAL,South,Cooma M3Ed3,-35.897976908695654,149.16132892173914,4204409.934608695,9495133.468630435
534,1.9KM NORTH OF GUNGOANDR,MONARO HIGHWAY,SNOWY MONARO REGIONAL,South,Cooma M3Ed3,-35.889320345,149.16157978500001,4205369.875820001,9495175.990600001
535,GUNGOANDRA GAP 2.5KM NORTH OF GUNGOANDRA CREEK,MONARO HIGHWAY,SNOWY MONARO REGIONAL,South,Cooma M3Ed3,-34.261225440909094,149.26641897272728,4385570.009818182,9508943.69705
536,BREDBO NORTH PROPERTY 3.6KM NORTH OF GUNGOANDRA CREEK,MONARO HIGHWAY,SNOWY MONARO REGIONAL,South,Cooma M3Ed3,-35.87246035862069,149.16106530344828,4207241.358831035,9495168.243396552
537,230M SOUTH OF COLLYERS C,MONARO HIGHWAY,SNOWY MONARO REGIONAL,South,Cooma M3Ed3,-35.86438608125,149.158924675,4208141.14254375,9494993.4649625
538,340M NORTH OF COLLYERS CREEK SOUTH OF COLLINTON,MONARO HIGHWAY,SNOWY MONARO REGIONAL,South,Cooma M3Ed3,-35.85801947857143,149.15853949285716,4208848.18755,9494973.278771428
539,RAILWAY HOUSE 1.7KM NORT,MONARO HIGHWAY,SNOWY MONARO REGIONAL,South,Cooma M3Ed3,-35.84636286,149.160664048,4210137.421712,9495191.90638
540,STATION CK C/BRAN 63/4 K,NEWELL HIGHWAY,NARRABRI,West,North West M3Ed3,-34.6413777,149.85095632727274,4342014.926285714,9561388.354361039
541,COLLINTON XING NORTH OF,MONARO HIGHWAY,SNOWY MONARO REGIONAL,South,Cooma M3Ed3,-35.82503884482759,149.16283245862067,4212499.044979311,9495436.75628276
542,INGELARA CREEK AB2,MONARO HIGHWAY,SNOWY MONARO REGIONAL,South,Cooma M3Ed3,-35.815500379999996,149.166104292,4213551.095212,9495754.30924
543,INGELARA  RAIL BRIDGE 940M NORTH OF INGELARA CREEK,MONARO HIGHWAY,SNOWY MONARO REGIONAL,South,Cooma M3Ed3,-35.80645944375,149.169010584375,4214548.619321875,9496037.737415625
544,END O/T LANE 2.3KM NORTH,MONARO HIGHWAY,SNOWY MONARO REGIONAL,South,Cooma M3Ed3,-35.796522780000004,149.1646629,4215659.103268,9495667.691692
545,90M SOUTH OF RYRIE HILL RD 3.3KM NORTH OF INGELARA CREEK,MONARO HIGHWAY,SNOWY MONARO REGIONAL,South,Cooma M3Ed3,-35.786192257575756,149.16279485151514,4216808.616272728,9495522.590639394
546,100M NORTH OF RYANS ROAD 4.7KM NORTH OF INGELARA CREEK,MONARO HIGHWAY,SNOWY MONARO REGIONAL,South,Cooma M3Ed3,-35.775155028571426,149.16194649642856,4218034.606078572,9495471.253685715
547,5.6KM NORTH OF INGELARA,MONARO HIGHWAY,SNOWY MONARO REGIONAL,South,Cooma M3Ed3,-35.766451065217396,149.1613020478261,4219001.366326087,9495432.973904347
548,GREEN SLOPES 7KM NORTH O,MONARO HIGHWAY,SNOWY MONARO REGIONAL,South,Cooma M3Ed3,-35.75363577380953,149.16101429047617,4220423.526295238,9495436.370747618
549,NYORA 8.4KM NORTH OF ING,MONARO HIGHWAY,SNOWY MONARO REGIONAL,South,Cooma M3Ed3,-35.742218873684216,149.1606572631579,4221690.676115789,9495430.28551579
550,100M SOUTH OF SB OFFRAMP SALLYS CNR SBC,HUME HIGHWAY,WINGECARRIBEE,South,HMO North M3Ed3,-34.51310695769231,150.31473600192308,4354969.452648077,9604393.198575001
551,10KM NORTH OF INGELARA C,MONARO HIGHWAY,SNOWY MONARO REGIONAL,South,Cooma M3Ed3,-35.52006405714286,149.34044733714285,4245702.190877143,9512881.600385714
552,300M SOUTH OF MICHELAGO RD (DIRT),MONARO HIGHWAY,SNOWY MONARO REGIONAL,South,Cooma M3Ed3,-35.7140757278481,149.15856506835442,4224816.462770886,9495305.592620254
553,MICHELAGO CREEK AB1 COOM,MONARO HIGHWAY,SNOWY MONARO REGIONAL,South,Cooma M3Ed3,-35.49196287352942,149.34612564411765,4248800.750738235,9513478.174682353
554,NEAR CHURCH 1.07KM NORTH OF MICHELAGO ROAD,MONARO HIGHWAY,SNOWY MONARO REGIONAL,South,Cooma M3Ed3,-35.688722812500004,149.163682434375,4227619.171303125,9495826.799203126
555,LENANES CREEK AB1,MONARO HIGHWAY,SNOWY MONARO REGIONAL,South,Cooma M3Ed3,-34.991301337931034,149.21549462068964,4304792.4782275865,9502392.118327586
556,POPLARS 830M NORTH OF L,MONARO HIGHWAY,SNOWY MONARO REGIONAL,South,Cooma M3Ed3,-35.66846409787234,149.16261891276596,4229868.327525532,9495777.084459575
557,START 2 LANES 2.6KM NORTH OF LENANES CREEK,MONARO HIGHWAY,SNOWY MONARO REGIONAL,South,Cooma M3Ed3,-35.656360761904764,149.1635371952381,4231209.129042857,9495888.011745239
558,170M NORTH OF KELLY ROA,MONARO HIGHWAY,SNOWY MONARO REGIONAL,South,Cooma M3Ed3,-35.64845307241379,149.16367171034483,4232086.0025724135,9495918.358168965
559,1.42KM NORTH OF KELLY RO,MONARO HIGHWAY,SNOWY MONARO REGIONAL,South,Cooma M3Ed3,-35.63477313414634,149.16317618292683,4233604.304709756,9495904.920529269
560,2.7KM NORTH OF KELLY ROAD,MONARO HIGHWAY,SNOWY MONARO REGIONAL,South,Cooma M3Ed3,-35.17036943146067,149.79575022471911,4283496.791103371,9554995.794001125
561,SHEARING SHED 4KM NORTH OF KELLY ROAD,MONARO HIGHWAY,SNOWY MONARO REGIONAL,South,Cooma M3Ed3,-35.61479123103449,149.15358232068965,4235838.6093379315,9495081.881731035
562,WATERHOLE CREEK 1.9KM SO,MONARO HIGHWAY,SNOWY MONARO REGIONAL,South,Cooma M3Ed3,-35.605289033333335,149.14901170952382,4236901.0908,9494689.605
563,DEEP CREEK  NEAR ACT BORDER,MONARO HIGHWAY,SNOWY MONARO REGIONAL,South,Cooma M3Ed3,-35.597320966666665,149.1442996904762,4237793.649142857,9494280.9247
565,DUCK CK N/BRI 45K,NEWELL HIGHWAY,NARRABRI,West,North West M3Ed3,-30.655323120000002,149.55682692,4784541.733840001,9545055.64598
570,1.07KM STH OF BROULEE/MOSSY POINT TURNOFF,PRINCES HIGHWAY,EUROBODALLA,South,Bega M3Ed3,-32.91497245,150.16446953,4532332.805095,9595244.85847
575,81K LAKE,NEWELL HIGHWAY,NARRABRI,West,North West M3Ed3,-30.609262966666666,149.57863691666668,4789595.631883333,9547271.62675
580,970M SOUTH OF HANGING ROCK RD SBC,HUME HIGHWAY,WINGECARRIBEE,South,HMO North M3Ed3,-34.3893746245283,150.47729245660378,4368277.853456604,9619883.114098113
581,90 - TRAFFIC LIGHTS ENTRANCE NORTH GATE TO STEELWORKS S/B,CRINGILA-NORTH WOLLONGONG,WOLLONGONG,South,Russell Vale M3Ed3,-34.44547685,150.880427,4360898.133874999,9656266.96965
585,SPARROW RD N/BRI 35,NEWELL HIGHWAY,NARRABRI,West,North West M3Ed3,-30.5854712,149.5913874,4792202.495,9548559.4652
590,"END PAINTED MEDIAN, 250M SOUTH OF SUSSEX INLET ROAD",PRINCES HIGHWAY,SHOALHAVEN,South,Bomaderry M3Ed3,-34.459967534375,150.6459045875,4359901.604209375,9635111.399109375
591,"END N/B O/T LANE, 1.2KM SOUTH OF SUSSEX INLET ROAD",PRINCES HIGHWAY,SHOALHAVEN,South,Bomaderry M3Ed3,-34.96516132,150.377730424,4304906.496572,9608232.780416
592,"START N/B O/T LANE, 40M NTH OF ARMCHAIR RD",PRINCES HIGHWAY,SHOALHAVEN,South,Bomaderry M3Ed3,-35.13303423076923,150.4659805,4286047.419930769,9615702.173915384
593,"1.04KM STH OF ARMCHAIR RD, WOODENHEAD",PRINCES HIGHWAY,SHOALHAVEN,South,Bomaderry M3Ed3,-35.137093300000004,150.4646745,4285601.4757,9615568.328200001
595,APPLE RD,NEWELL HIGHWAY,NARRABRI,West,North West M3Ed3,-30.55549913333333,149.60689926666666,4795487.667433334,9550129.9622
600,C/BRAN 90K,NEWELL HIGHWAY,NARRABRI,West,North West M3Ed3,-34.456314724242425,150.07625116060606,4362098.640533334,9582205.416966666
601,GARBAGE TIP T/O 3KM SOUT,MONARO HIGHWAY,SNOWY MONARO REGIONAL,South,Cooma M3Ed3,-36.24928935,149.14655027499998,4165453.5494250003,9492998.216375
602,4.23KM SOUTH OF COOMA,MONARO HIGHWAY,SNOWY MONARO REGIONAL,South,Cooma M3Ed3,-36.25826375,149.152366675,4164446.7431,9493500.5707375
603,BOTTOMS 5.6KM SOUTH OF COOMA,MONARO HIGHWAY,SNOWY MONARO REGIONAL,South,Cooma M3Ed3,-36.266370083333335,149.16135625,4163530.3471333333,9494290.006733334
604,PINE TREES 7.16KM SOUTH,MONARO HIGHWAY,SNOWY MONARO REGIONAL,South,Cooma M3Ed3,-36.27665108,149.16877178,4162375.4546999997,9494932.82166
605,PINE TREES  WINDERMERE 8.0KM SOUTH OF COOMA,MONARO HIGHWAY,SNOWY MONARO REGIONAL,South,Cooma M3Ed3,-35.32518266666667,149.251433325,4267645.168333333,9505016.394458333
606,WINDERMERE 9.0KM SOUTH OF COOMA,MONARO HIGHWAY,SNOWY MONARO REGIONAL,South,Cooma M3Ed3,-36.29522915,149.180912975,4160290.74365,9495980.8791
607,AVOCA 10.9KM SOUTH OF CO,MONARO HIGHWAY,SNOWY MONARO REGIONAL,South,Cooma M3Ed3,-36.304806525,149.18402638333333,4159221.8830083334,9496238.385775
608,MANEROO 11.5KM SOUTH OF,MONARO HIGHWAY,SNOWY MONARO REGIONAL,South,Cooma M3Ed3,-36.31931095,149.18798325,4157604.54445,9496560.14525
609,MANEROO 12.3KM SOUTH OF COOMA,MONARO HIGHWAY,SNOWY MONARO REGIONAL,South,Cooma M3Ed3,-36.323618637500005,149.189170525,4157124.1783375,9496656.7673375
610,CHANGE OF SEAL 2KM NORTH,MONARO HIGHWAY,SNOWY MONARO REGIONAL,South,Cooma M3Ed3,-35.06350727931034,149.7764635758621,4295487.189396552,9553391.183110343
611,"TABLE & CHAIRS REST AREA, WOODENHEAD",PRINCES HIGHWAY,SHOALHAVEN,South,Bomaderry M3Ed3,-35.46780714,150.12031582,4249769.6587000005,9583424.31734
612,ROCK FLAT CREEK 15.2KM SOUTH OF COOMA,MONARO HIGHWAY,SNOWY MONARO REGIONAL,South,Cooma M3Ed3,-36.343366315384614,149.20506162307692,4154902.237369231,9498037.796561537
613,GUARDRAIL OVER CULVERT 1,MONARO HIGHWAY,SNOWY MONARO REGIONAL,South,Cooma M3Ed3,-36.34713475,149.210412825,4154473.79815,9498509.471275
614,GUARDRAIL OVER CULVERT 19.25KM NORTH OF NIMMITABEL,MONARO HIGHWAY,SNOWY MONARO REGIONAL,South,Cooma M3Ed3,-36.35670448888889,149.2147269333333,4153403.369588889,9498874.3243
615,REST AREA,NEWELL HIGHWAY,NARRABRI,West,North West M3Ed3,-33.426721675,149.427585,4477661.20385,9526195.90615
616,TYNEDALE 17.2KM NORTH OF,MONARO HIGHWAY,SNOWY MONARO REGIONAL,South,Cooma M3Ed3,-36.37038795,149.2138346875,4151886.2089375,9498762.025375001
617,200M EAST OF WHITE HOUSE 16.7KM NORTH OF NIMMITABEL,MONARO HIGHWAY,SNOWY MONARO REGIONAL,South,Cooma M3Ed3,-36.380808550000005,149.215336725,4150726.6538,9498872.324375
618,15.7KM NORTH OF NIMMITAB,MONARO HIGHWAY,SNOWY MONARO REGIONAL,South,Cooma M3Ed3,-36.386645566666665,149.21741605,4150074.7725000004,9499045.201916667
619,500M WEST OF THE PEAK RO,MONARO HIGHWAY,SNOWY MONARO REGIONAL,South,Cooma M3Ed3,-36.39324515714286,149.21717078571427,4149342.666957143,9499007.640899999
620,N/B 100M STH KANAHOOKA RD BDGE,SOUTHERN FREEWAY,WOLLONGONG,South,Russell Vale M3Ed3,-32.603227004255324,150.4899569606383,4566034.90245,9627873.682906384
621,BE89 CLARKES STRAIGHT 12,MONARO HIGHWAY,SNOWY MONARO REGIONAL,South,Cooma M3Ed3,-36.16178115333334,149.47307935333336,4174391.962046667,9522839.079253335
622,NARONGA 10.6KM NORTH OF,MONARO HIGHWAY,SNOWY MONARO REGIONAL,South,Cooma M3Ed3,-36.4236844875,149.23738591875,4145925.0701375,9500749.4291375
623,BOX CULVERT BOTTOM OF HILL 9.6KM NORTH OF NIMMITABEL,MONARO HIGHWAY,SNOWY MONARO REGIONAL,South,Cooma M3Ed3,-36.435785025,149.237802425,4144581.0240499997,9500758.024966666
624,8.5KM NORTH OF NIMMITABEL,MONARO HIGHWAY,SNOWY MONARO REGIONAL,South,Cooma M3Ed3,-36.442368253846155,149.23733774615386,4143851.1219307696,9500700.690676924
625,GAS LINE CROSSING 7.5KM NORTH OF NIMMITABEL,MONARO HIGHWAY,SNOWY MONARO REGIONAL,South,Cooma M3Ed3,-35.45070773333333,149.30830565,4253599.1241,9509870.836183334
626,BOBINGAH XING 6.6KM NORT,MONARO HIGHWAY,SNOWY MONARO REGIONAL,South,Cooma M3Ed3,-36.45881321428572,149.24294094285713,4142014.7894285717,9501164.041414285
627,50M SOUTH OF GOUROCK QUARRY T/O 5.9KM NORTH OF NIMMITABEL,MONARO HIGHWAY,SNOWY MONARO REGIONAL,South,Cooma M3Ed3,-36.46606246,149.24870816,4141198.92108,9501663.883200001
628,BOBINGAH CUTTING 4.6KM NORTH OF NIMMITABEL,MONARO HIGHWAY,SNOWY MONARO REGIONAL,South,Cooma M3Ed3,-36.138301122222224,149.27887047222222,4177458.6165277776,9505301.268811112
629,MURRUMBONG GATE 3.6KM NORTH OF NIMMITABEL,MONARO HIGHWAY,SNOWY MONARO REGIONAL,South,Cooma M3Ed3,-36.482491055555556,149.26059987777776,4139352.123722222,9502690.68858889
630,THREE LANES BOTTOM OF BLACK HILL,NEW ENGLAND HIGHWAY,LIVERPOOL PLAINS,North,New England M3Ed3,-33.033848324,150.509777938,4518295.772474,9628122.127558
631,CEMETERY GATE 1.56KM NORTH OF NIMMITABEL,MONARO HIGHWAY,SNOWY MONARO REGIONAL,South,Cooma M3Ed3,-36.491280966666665,149.27273146666667,4138352.7188166664,9503757.02695
632,NIMMITABEL PUB,MONARO HIGHWAY,SNOWY MONARO REGIONAL,South,Cooma M3Ed3,-36.50165344444444,149.28274204444446,4137181.6510666665,9504629.194111113
634,1.2KM SOUTH OF NIMMITABEL,MONARO HIGHWAY,SNOWY MONARO REGIONAL,South,Cooma M3Ed3,-36.522167714285715,149.28198402857143,4134905.704942857,9504511.4997
635,,NEWELL HIGHWAY,NARRABRI,West,North West M3Ed3,-30.4264643,149.6861432,4809598.1448,9558099.5244
636,3KM NORTH OF MACLAUGHLIN RIVER SOUTH OF NIMMITABEL,MONARO HIGHWAY,SNOWY MONARO REGIONAL,South,Cooma M3Ed3,-36.530333266666666,149.2876136074074,4133988.1359777777,9504996.080362963
637,1.5KM NORTH OF MCLAUGHLI,MONARO HIGHWAY,SNOWY MONARO REGIONAL,South,Cooma M3Ed3,-36.5379022875,149.2928653625,4133137.5132125,9505448.1840375
638,AB1 MACLAUGHLIN RIVER BRIDGE SOUTH OF NIMMITABEL,MONARO HIGHWAY,SNOWY MONARO REGIONAL,South,Cooma M3Ed3,-36.54927731333333,149.29715558666666,4131866.203566666,9505804.75702
639,2.08KM NORTH OF KELLYS CORNER,MONARO HIGHWAY,SNOWY MONARO REGIONAL,South,Cooma M3Ed3,-36.56287026363636,149.3028215909091,4130345.9045181815,9506279.016527273
640,GEMMAWALLA,NEW ENGLAND HIGHWAY,LIVERPOOL PLAINS,North,New England M3Ed3,-34.02156529444445,150.2380261111111,4409608.994516667,9599844.060727779
641,KELLYS CORNER SH4 INTERSECTION,MONARO HIGHWAY,SNOWY MONARO REGIONAL,South,Cooma M3Ed3,-36.4057997625,149.43914311666666,4147406.926216667,9519145.762633333
642,KELLYS GATE 1.2KM SOUTH OF KELLYS CORNER,MONARO HIGHWAY,SNOWY MONARO REGIONAL,South,Cooma M3Ed3,-36.58785042777778,149.31564878333333,4127547.096938889,9507366.37135
643,5.1KM NORTH OF HOLTS FLAT,MONARO HIGHWAY,SNOWY MONARO REGIONAL,South,Cooma M3Ed3,-36.593143815384614,149.30289448461536,4126984.6355923074,9506211.455192309
644,3.6KM NORTH OF HOLTS FLA,MONARO HIGHWAY,SNOWY MONARO REGIONAL,South,Cooma M3Ed3,-36.60115148888889,149.29881112222222,4126103.618111111,9505826.300544444
645,180M NORH OF LUNCHEON CK BRIDGE,PRINCES HIGHWAY,SHOALHAVEN,South,Bomaderry M3Ed3,-34.294502924999996,150.09984213333334,4379637.817416667,9586673.441608334
646,BOMBALA COOMA SHIRE BDRY,MONARO HIGHWAY,SNOWY MONARO REGIONAL,South,Cooma M3Ed3,-36.62804484285714,149.29240058571426,4123130.252942857,9505186.892785715
650,1.2KM SOUTH OF INVERARY RD SBC,HUME HIGHWAY,WINGECARRIBEE,South,HMO North M3Ed3,-33.78212981044776,150.2168708955224,4436376.819477611,9597756.513232836
655,,NEWELL HIGHWAY,NARRABRI,West,North West M3Ed3,-30.3912321,149.71018935,4813444.040750001,9560510.839000002
660,"END OF LANE, 900M SOUTH OF LUNCHEON CREEK",PRINCES HIGHWAY,SHOALHAVEN,South,Bomaderry M3Ed3,-32.1984513804878,150.75216085853657,4610109.410414634,9653459.8731
664,BENDALONG ROAD TO START,PRINCES HIGHWAY,SHOALHAVEN,South,Bomaderry M3Ed2,-35.1955959,150.4407015,4279189.228,9613171.9712
665,LONG GULLY,NEWELL HIGHWAY,NARRABRI,West,North West M3Ed3,-30.3603138,149.74064505,4816795.08495,9563527.5889
670,BLACK HILL NORTH,NEW ENGLAND HIGHWAY,LIVERPOOL PLAINS,North,New England M3Ed3,-31.43808111923077,150.63385053846153,4694690.241111538,9644936.131711539
672,SB START OF DIVIDED CARRIAGEWAY,PRINCES HIGHWAY,SHOALHAVEN,South,Bomaderry M3Ed3,-35.204055125,150.44006685,4278253.48785,9613083.3381
675,N/BRI 5K,NEWELL HIGHWAY,NARRABRI,West,North West M3Ed3,-34.066380116666664,149.97550236666666,4405543.318383333,9573961.016549999
678,AB2 CONJOLA MOUNTAIN BRIDGE NB,PRINCES HIGHWAY,SHOALHAVEN,South,Bomaderry M3Ed3,-35.20877725,150.43805625000002,4277736.095783333,9612883.187183334
680,FAIR VIEW,NEW ENGLAND HIGHWAY,LIVERPOOL PLAINS,North,New England M3Ed3,-31.667530534210528,150.8318077263158,4668664.538568421,9662993.275586842
681,CGE SL 10M NTH FOWLERS RD OFFRAMP,SOUTHERN FREEWAY,WOLLONGONG,South,Russell Vale M3Ed3,-34.50196363333333,150.7937926,4354932.8481,9648089.13
684,AB1 CONJOLA MOUNTAIN BRIDGE SB,PRINCES HIGHWAY,SHOALHAVEN,South,Bomaderry M3Ed3,-35.210085,150.43732235714288,4277593.338357143,9612811.650707142
685,"WILTON AIRSTRIP ENTRANCE, WEST OF HUME HIGHWAY, WILTON W/B",PHEASANTS NEST-OAKDALE,WOLLONDILLY,South,Russell Vale M3Ed3,-34.832268072000005,150.455132488,4319346.709676,9616051.553447999
689,175M NTH OF AB2 BN7353 BR OVER WYONG RIVER,SYDNEY-NEWCASTLE FREEWAY,CENTRAL COAST,North,Central Coast M3Ed3,-33.2611028,151.40386895,4490131.376700001,9709829.61495
690,"PROPERTY ACCESS SHINGLE HILL 2280M WEST OF HUME HIGHWAY, MALDON W/B",PHEASANTS NEST-OAKDALE,WOLLONDILLY,South,Russell Vale M3Ed3,-32.1388270852459,150.79899023442624,4616602.013452458,9658138.405232787
692,START OF DIVIDED CARRIAGEWAY NB,PRINCES HIGHWAY,SHOALHAVEN,South,Bomaderry M3Ed3,-35.19813465,150.4414319,4278905.637125,9613229.154025
695,160M NTH OF NOADES DR,PRINCES HIGHWAY,EUROBODALLA,South,Bega M3Ed3,-35.656898715384614,150.23052288461537,4228636.175846154,9592525.4201
698,"CHANGE OF SEAL, 144M NORTH OF AB1, CONJOLA CREEK",PRINCES HIGHWAY,SHOALHAVEN,South,Bomaderry M3Ed3,-35.21741409333333,150.43492392000002,4276788.132226666,9612566.738359999
700,URINGALLA CK BOUNDARY       NBC,HUME HIGHWAY,WINGECARRIBEE,South,HMO North M3Ed3,-33.59387106195652,150.3744660152174,4456656.191633696,9613749.415386956
701,701 - 100M SOUTH OF MURRAYS ROAD,PRINCES HIGHWAY,SHOALHAVEN,South,Bomaderry M3Ed3,-35.753712006451615,150.00791588709677,4218360.549832258,9572385.886229033
702,BOTTOM OF HILL START OF STRAIGHT 3KM EAST OF KELLYS CORNER,SNOWY MOUNTAINS HIGHWAY,SNOWY MONARO REGIONAL,South,Cooma M3Ed3,-36.59558048333333,149.33975195000002,4126640.7649333333,9509505.211933333
703,WHITE SLIP TOP OF HILL END OF CHAINWIRE 2.2KM WEST OF ROAD TO STEEPLE FLAT,SNOWY MOUNTAINS HIGHWAY,SNOWY MONARO REGIONAL,South,Cooma M3Ed3,-36.60105026666667,149.34979765,4126013.2840666664,9510390.905916667
704,NORTH ARM BOMBALA RIVER 1KM WEST OF ROAD TO STEEPLE FLAT,SNOWY MOUNTAINS HIGHWAY,SNOWY MONARO REGIONAL,South,Cooma M3Ed3,-36.606061370588236,149.35531163529413,4125445.7953235297,9510871.968711765
705,60M EAST OF ROAD TO STEE,SNOWY MOUNTAINS HIGHWAY,SNOWY MONARO REGIONAL,South,Cooma M3Ed3,-36.61269810666667,149.36322444,4124692.9303200003,9511563.6133
706,GLENBOG SWAMP 700M WEST OF PLUMEKES ROAD,SNOWY MOUNTAINS HIGHWAY,SNOWY MONARO REGIONAL,South,Cooma M3Ed3,-36.21857378095238,149.6765393904762,4167632.799285714,9541041.720238095
707,540M WEST OF BEGA / COOMA SHIRE BDRY EAST OF PLUMEKES ROAD,SNOWY MOUNTAINS HIGHWAY,SNOWY MONARO REGIONAL,South,Cooma M3Ed3,-36.519079242857146,149.44626279142858,4134843.5588371432,9519443.146557143
708,540M WEST OF BEGA / COOM,SNOWY MOUNTAINS HIGHWAY,SNOWY MONARO REGIONAL,South,Cooma M3Ed3,-36.6177945,149.39386048,4124064.64586,9514292.8029
709,BEGA VALLEY / COOMA MONARO SHIRE BDY WESTBOUND,SNOWY MOUNTAINS HIGHWAY,SNOWY MONARO REGIONAL,South,Cooma M3Ed3,-36.61825023,149.39831265,4124004.90471,9514690.11733
710,150M SOUTH BRICK PIT ENTRANCE,HUME HIGHWAY,WINGECARRIBEE,South,HMO North M3Ed3,-33.6512129921875,150.4476319734375,4450174.717490625,9619945.579876563
711,"320M STH OF FISHERMANS PARADISE RD, MYRTLE GULLY",PRINCES HIGHWAY,SHOALHAVEN,South,Bomaderry M3Ed3,-35.134003650000004,150.48199042142855,4285881.160057143,9617189.097814286
712,CHANGE SEAL START FREEWA,SOUTHERN FREEWAY,SHELLHARBOUR,South,Russell Vale M3Ed2,-34.5186777,150.7888687,4353097.6635,9647570.3597
715,AB2 DUCK CREEK,SOUTHERN FREEWAY,WOLLONGONG,South,Russell Vale M3Ed3,-34.5301126,150.7864849,4351838.824,9647305.8426
720,NOGGARULA DRIVE,PRINCES HIGHWAY,EUROBODALLA,South,Bega M3Ed3,-34.028114347727275,150.3870291909091,4408559.35695,9612921.660852272
721,"START S/B O/T, 80M SOUTH OF MYRTLE GULLY BRIDGE",PRINCES HIGHWAY,SHOALHAVEN,South,Bomaderry M3Ed3,-35.08930495714286,150.50409666428573,4290763.8357214285,9619381.012385715
725,"CHAPMAN ST, COOMA",SNOWY MOUNTAINS HIGHWAY,SNOWY MONARO REGIONAL,South,Cooma M3Ed3,-36.239834359999996,149.10720664000002,4166574.95502,9489482.46532
726,START OVERTAKING LANE 2K,SNOWY MOUNTAINS HIGHWAY,SNOWY MONARO REGIONAL,South,Cooma M3Ed3,-36.240344666666665,149.09852475,4166534.0282666665,9488700.749416666
727,UNNAMED RD TO STOCKPILE,SNOWY MOUNTAINS HIGHWAY,SNOWY MONARO REGIONAL,South,Cooma M3Ed3,-36.24077554285714,149.08728161428573,4166506.464671429,9487688.940485714
730,NTHN ABUT PADDYS RIVER BRIDGE NBC,HUME HIGHWAY,WINGECARRIBEE,South,HMO North M3Ed3,-34.67712765,150.3132102475,4336897.27751,9603837.2513475
731,"END N/B O/T, 850M SOUTH OF MYRTLE GULLY BRIDGE",PRINCES HIGHWAY,SHOALHAVEN,South,Bomaderry M3Ed3,-35.247745475,150.4240989,4273458.36015,9611471.81135
735,"250M WEST OF ENTRANCE TO MALDON CEMENT WORKS, MALDON W/B",PHEASANTS NEST-OAKDALE,WOLLONDILLY,South,Russell Vale M3Ed3,-33.95079678,150.57544844,4416679.153973334,9629933.57614
740,WALLABADAH CREEK ROAD,NEW ENGLAND HIGHWAY,LIVERPOOL PLAINS,North,New England M3Ed3,-32.06532197101449,150.77099142463769,4624779.423324638,9655928.478991305
741,300M NORTH OF LAKE CONJOLA RD,PRINCES HIGHWAY,SHOALHAVEN,South,Bomaderry M3Ed3,-35.29425308181818,150.41123694090908,4268337.888386363,9610144.536172727
742,"AB1 CURROWAR CK, YATTEYATTAH",PRINCES HIGHWAY,SHOALHAVEN,South,Bomaderry M3Ed3,-35.27504911538462,150.42363147692308,4270433.187730769,9611330.082284616
745,380M NTH OF LABASHEEDA (R),PRINCES HIGHWAY,EUROBODALLA,South,Bega M3Ed3,-35.54443258125,150.12748886875,4241354.9351625,9583452.65215625
750,DEVILS ELBOW CREEK,NEW ENGLAND HIGHWAY,LIVERPOOL PLAINS,North,New England M3Ed3,-32.10214526923077,150.76946666923078,4620732.284101923,9655697.059903847
751,"950M STH OF LABASHEEDA , START OVERTAKING LANE N/B",PRINCES HIGHWAY,EUROBODALLA,South,Bega M3Ed3,-36.006186771428574,150.10529225714285,4190258.294442857,9579979.84252857
755,SPRING CREEK,NEWELL HIGHWAY,NARRABRI,West,North West M3Ed3,-32.43841203333333,149.8446953,4586074.4411,9566558.591633333
760,150MT NTH OF HANGING RK RD STH NB,HUME HIGHWAY,WINGECARRIBEE,South,HMO North M3Ed3,-33.41915546851852,150.56941344444445,4475449.265892593,9632238.776218519
765,BRIDGE OVER TONGARRA ROAD,SOUTHERN FREEWAY,SHELLHARBOUR,South,Russell Vale M3Ed3,-33.112384999999996,150.4602855,4509852.336800001,9621601.540333332
770,NUNDLE ROAD,NEW ENGLAND HIGHWAY,LIVERPOOL PLAINS,North,New England M3Ed3,-32.679960975,150.6925210725,4556947.858482501,9646480.889925
780,"180M STH OF HECTOR MCWILLIAM DR, TUROSS",PRINCES HIGHWAY,EUROBODALLA,South,Bega M3Ed3,-32.78273679428572,150.5611761857143,4545947.550677143,9633746.79102857
785,NORTH OF CROOBYAR CREEK,PRINCES HIGHWAY,SHOALHAVEN,South,Bomaderry M3Ed3,-35.16946835454546,150.4981893,4281898.010218182,9618541.4464
790,NEAR SIGN 'S 145'   NBC,HUME HIGHWAY,WINGECARRIBEE,South,HMO North M3Ed3,-33.897523875000005,150.4017709638889,4423023.6066499995,9614858.929155555
795,GASPARD ROAD,NEW ENGLAND HIGHWAY,LIVERPOOL PLAINS,North,New England M3Ed3,-31.43942966451613,150.75578371612903,4694175.629167742,9656662.168441936
800,AB2 BLACK CREEK BN10895,HUNTER EXPRESSWAY,SINGLETON,North,Upper Hunter M3Ed3,-33.758178936363635,150.26999147727273,4438680.253661363,9603355.896618182
801,"SKIHOFF SERVICE STATION, WEST OF COOMA",SNOWY MOUNTAINS HIGHWAY,SNOWY MONARO REGIONAL,South,Cooma M3Ed3,-36.24501302,149.056332,4166091.34738,9484897.05788
802,MR286 KOSCIUSKO RD,SNOWY MOUNTAINS HIGHWAY,SNOWY MONARO REGIONAL,South,Cooma M3Ed3,-36.246280225,149.044291675,4165971.948575,9483811.823475
803,380M EAST OF BLACK CREE,SNOWY MOUNTAINS HIGHWAY,SNOWY MONARO REGIONAL,South,Cooma M3Ed3,-36.24342982857143,149.02485484285714,4166322.347314286,9482070.516571429
804,600M WEST OF SLACKS CREE,SNOWY MOUNTAINS HIGHWAY,SNOWY MONARO REGIONAL,South,Cooma M3Ed3,-36.237056249999995,149.0082761875,4167058.5162125,9480593.5869125
805,NEAR APPLE TREES (JOLINE,SNOWY MOUNTAINS HIGHWAY,SNOWY MONARO REGIONAL,South,Cooma M3Ed3,-35.14688796470588,149.13435827647058,4287602.563164705,9495157.808282353
806,300M EAST OF SPRING PLAI,SNOWY MOUNTAINS HIGHWAY,SNOWY MONARO REGIONAL,South,Cooma M3Ed3,-36.2295558375,148.9880607375,4167925.75755,9478791.800825
807,700M WEST OF SPRING PLAIN ROAD,SNOWY MOUNTAINS HIGHWAY,SNOWY MONARO REGIONAL,South,Cooma M3Ed3,-36.22608363571429,148.97505242142856,4168333.3207714288,9477629.359064287
808,CULVERT BN6041 2.2KM WES,SNOWY MOUNTAINS HIGHWAY,SNOWY MONARO REGIONAL,South,Cooma M3Ed3,-36.22151305714286,148.9647927285714,4168857.9942714283,9476716.284414286
809,KENO - 700M WEST OF BRID,SNOWY MOUNTAINS HIGHWAY,SNOWY MONARO REGIONAL,South,Cooma M3Ed3,-36.2134076,148.94994580000002,4169782.6245,9475397.8908
810,AB2 WAMBROOK CREEK,SNOWY MOUNTAINS HIGHWAY,SNOWY MONARO REGIONAL,South,Cooma M3Ed3,-34.81005818275862,149.7465984051724,4323373.767472413,9552500.669494828
811,300M WEST OF ROAD TO RED HILL 1.7KM WEST OF WAMBROOK CREEK,SNOWY MOUNTAINS HIGHWAY,SNOWY MONARO REGIONAL,South,Cooma M3Ed3,-36.20790822941177,148.9275426294118,4170430.377988235,9473394.224370588
812,200M EAST OF WAMBROOK HILL SIGN,SNOWY MOUNTAINS HIGHWAY,SNOWY MONARO REGIONAL,South,Cooma M3Ed3,-36.204953360000005,148.9175352,4170774.8966800002,9472500.11348
813,300M EAST OF WELCHES CREEK 900M WEST OF WAMBROOK HILL,SNOWY MOUNTAINS HIGHWAY,SNOWY MONARO REGIONAL,South,Cooma M3Ed3,-36.196201478947366,148.90840591578947,4171761.2751526316,9471696.691336842
814,400M WEST OF RHINE FALLS,SNOWY MOUNTAINS HIGHWAY,SNOWY MONARO REGIONAL,South,Cooma M3Ed3,-36.185715,148.89989365000002,4172939.0726300003,9470952.10222
815,UNNAMED CREEK 1.9KM WEST OF RHINE FALLS ROAD,SNOWY MOUNTAINS HIGHWAY,SNOWY MONARO REGIONAL,South,Cooma M3Ed3,-36.17834401428571,148.8915977714286,4173770.6839142856,9470220.54215
816,3.5KM WEST OF  RHINE FALLS ROAD 1.3KM EAST OF MR585 MIDDLINGBANK ROAD,SNOWY MOUNTAINS HIGHWAY,SNOWY MONARO REGIONAL,South,Cooma M3Ed3,-36.16797022222222,148.88331274444442,4174935.4740444445,9469495.839422222
817,MUNIONG HILL 500M EAST OF MR585 MIDDLINGBANK ROAD,SNOWY MOUNTAINS HIGHWAY,SNOWY MONARO REGIONAL,South,Cooma M3Ed3,-36.15859567142857,148.8803625428571,4175980.6648571426,9469249.0852
818,900M WEST OF MR585 MIDDLINGBANK ROAD,SNOWY MOUNTAINS HIGHWAY,SNOWY MONARO REGIONAL,South,Cooma M3Ed3,-36.14762932307693,148.88439077692308,4177191.185646154,9469633.58346923
819,650M EAST OF TOP HUT CREEK 2.3KM WEST OF MR585 MIDDLINGBANK ROAD,SNOWY MOUNTAINS HIGHWAY,SNOWY MONARO REGIONAL,South,Cooma M3Ed3,-36.137456075,148.89037153750002,4178310.4820499998,9470192.3415125
820,N/B ON RAMP SALLY'S CNR RD   NBC,HUME HIGHWAY,WINGECARRIBEE,South,HMO North M3Ed3,-32.72735752,150.57168425875,4552064.1648825,9635099.188555
821,160M EAST OF PROPERTY MILBURN 5KM WEST OF MR585 MIDDLINGBANK ROAD,SNOWY MOUNTAINS HIGHWAY,SNOWY MONARO REGIONAL,South,Cooma M3Ed3,-36.110684975,148.88267725,4181293.9819,9469553.24265
822,220M EAST OF DRY PLAINS ROAD,SNOWY MOUNTAINS HIGHWAY,SNOWY MONARO REGIONAL,South,Cooma M3Ed3,-36.09771034285715,148.87656494285716,4182743.7485285713,9469028.691585714
823,UNNAMED CREEK 150M EAST,SNOWY MOUNTAINS HIGHWAY,SNOWY MONARO REGIONAL,South,Cooma M3Ed3,-36.090937975,148.8733383125,4183500.525,9468751.574475
824,300M EAST OF SEVEN GATES ROAD,SNOWY MOUNTAINS HIGHWAY,SNOWY MONARO REGIONAL,South,Cooma M3Ed3,-36.07618275714286,148.86705287142857,4185148.0941,9468214.709371429
825,1.2KM WEST OF SEVEN GATE,SNOWY MOUNTAINS HIGHWAY,SNOWY MONARO REGIONAL,South,Cooma M3Ed3,-35.60577443846154,148.93691693846154,4237135.728669231,9475893.248453846
826,BOLARO ROAD (1ST OCC),SNOWY MOUNTAINS HIGHWAY,SNOWY MONARO REGIONAL,South,Cooma M3Ed3,-36.0588458,148.85261235,4187095.167,9466947.937025
827,870M WEST OF BOLARO ROAD,SNOWY MOUNTAINS HIGHWAY,SNOWY MONARO REGIONAL,South,Cooma M3Ed3,-36.05605267777778,148.84304195555558,4187420.370622222,9466091.053677777
828,300M WEST OF CARNEYS CRE,SNOWY MOUNTAINS HIGHWAY,SNOWY MONARO REGIONAL,South,Cooma M3Ed3,-36.04814115,148.831100225,4188317.2420416665,9465030.400775
829,COOMBE 250M EAST OF STRA,SNOWY MOUNTAINS HIGHWAY,SNOWY MONARO REGIONAL,South,Cooma M3Ed3,-36.03992642,148.81696756000002,4189251.0647,9463772.65621
830,START HODDLES X/ROAD JOB   NBC,HUME HIGHWAY,WINGECARRIBEE,South,HMO North M3Ed3,-33.62269736451613,150.12500132580647,4454147.51616129,9590283.168880645
831,TOP OF HILL AT RED CUTTI,SNOWY MOUNTAINS HIGHWAY,SNOWY MONARO REGIONAL,South,Cooma M3Ed3,-36.012716,148.8074814714286,4192285.3782428573,9462969.968828572
832,80M WEST OF WILD MARES C,SNOWY MOUNTAINS HIGHWAY,SNOWY MONARO REGIONAL,South,Cooma M3Ed3,-36.007408350000006,148.80106175,4192884.3431,9462401.3551
833,400M EAST OF BOLARO ROAD,SNOWY MOUNTAINS HIGHWAY,SNOWY MONARO REGIONAL,South,Cooma M3Ed3,-35.998719300000005,148.790829375,4193864.3912,9461495.3341
834,"AB2 LOCKERS CREEK, ADAMI",SNOWY MOUNTAINS HIGHWAY,SNOWY MONARO REGIONAL,South,Cooma M3Ed3,-35.996315075,148.77979485,4194148.1724,9460504.901975
835,PAN CREEK,NEWELL HIGHWAY,NARRABRI,West,North West M3Ed3,-30.0368737,149.7895875,4852529.4491,9569190.3437
836,180M WEST OF LETTE STREE,SNOWY MOUNTAINS HIGHWAY,SNOWY MONARO REGIONAL,South,Cooma M3Ed2,-35.99850576666667,148.7610102,4193933.7968666665,9458806.936766667
837,600M EAST OF OLD ADAMINI,SNOWY MOUNTAINS HIGHWAY,SNOWY MONARO REGIONAL,South,Cooma M3Ed2,-35.9990024,148.7503797,4193894.8006499996,9457847.451299999
838,LUTONS DAM 1KM WEST OF OLD ADAMINIBY ROAD,SNOWY MOUNTAINS HIGHWAY,SNOWY MONARO REGIONAL,South,Cooma M3Ed3,-35.99521221111112,148.73733804444444,4194335.015711111,9456678.472111112
839,500M EAST OF WILLOW GROVE 2KM WEST OF OLD ADAMINIBY ROAD,SNOWY MOUNTAINS HIGHWAY,SNOWY MONARO REGIONAL,South,Cooma M3Ed3,-35.986815225,148.7290203,4195279.236625,9455943.8516
840,THREE LANES NORTH OF SUGARLOAF,NEW ENGLAND HIGHWAY,TAMWORTH REGIONAL,North,New England M3Ed3,-33.7066456,150.28914765813954,4444398.550939535,9605335.994644186
841,50M WEST OF GILLONS CREE,SNOWY MOUNTAINS HIGHWAY,SNOWY MONARO REGIONAL,South,Cooma M3Ed3,-35.97240025,148.71389185,4196901.2613,9454605.750583334
842,300M WEST OF BUGTOWN ROAD (2ND OCC),SNOWY MOUNTAINS HIGHWAY,SNOWY MONARO REGIONAL,South,Cooma M3Ed3,-35.96958564444444,148.70573697777778,4197225.623411111,9453875.296444444
843,1.4KM WEST OF BUGTOWN RO,SNOWY MOUNTAINS HIGHWAY,SNOWY MONARO REGIONAL,South,Cooma M3Ed3,-35.96324059285714,148.6963354857143,4197943.496435714,9453038.6868
844,ROCK FOREST QUARRY ON LE,SNOWY MOUNTAINS HIGHWAY,SNOWY MONARO REGIONAL,South,Cooma M3Ed3,-35.955149999999996,148.6869201142857,4198855.006414286,9452203.841128571
845,"WARDEN RD, MILTON CARAVAN PARK",PRINCES HIGHWAY,SHOALHAVEN,South,Bomaderry M3Ed3,-35.17060040714286,149.77238507857143,4283430.615014286,9552685.337035714
846,500M EAST OF WILLOW GROVE 2KM WEST OF OLD ADAMINIBY ROAD,SNOWY MOUNTAINS HIGHWAY,SNOWY MONARO REGIONAL,South,Cooma M3Ed3,-35.94030731333333,148.67310283333333,4200522.01564,9450983.65324
847,300M EAST OF KOSCIUSKO NATIONAL PARK SIGN (SNOW LINE),SNOWY MOUNTAINS HIGHWAY,SNOWY MONARO REGIONAL,South,Cooma M3Ed3,-35.93496002727273,148.66295127272727,4201129.9840636365,9450077.090827273
848,700M WEST OF KOSCIUSKO NATIONAL PARK SIGN (SNOWLINE),SNOWY MOUNTAINS HIGHWAY,SNOWY MONARO REGIONAL,South,Cooma M3Ed3,-35.935098385714284,148.6500890142857,4201133.035128571,9448916.166557143
849,CAHILLS HILL 300M WEST O,SNOWY MOUNTAINS HIGHWAY,SNOWY MONARO REGIONAL,South,Cooma M3Ed3,-35.937430649999996,148.63946107499999,4200889.34595,9447953.046775
850,TWO LANES NORTH OF SUGARLOAF,NEW ENGLAND HIGHWAY,TAMWORTH REGIONAL,North,New England M3Ed3,-34.22240686774194,149.90578192258064,4388040.7515064515,9568998.520012904
851,LUCAS CREEK PROVIDENCE P,SNOWY MOUNTAINS HIGHWAY,SNOWY MONARO REGIONAL,South,Cooma M3Ed3,-35.931184328571426,148.61962814285715,4201610.365,9446174.112642858
852,TANTANGARA DAM TURNOFF,SNOWY MOUNTAINS HIGHWAY,SNOWY MONARO REGIONAL,South,Cooma M3Ed2,-35.92931445,148.6116131,4201829.03565,9445454.0092
853,170M WEST OF GANG GANG C,SNOWY MOUNTAINS HIGHWAY,SNOWY MONARO REGIONAL,South,Cooma M3Ed3,-35.9348078,148.598201975,4201238.0833250005,9444234.378325
854,100M WEST OF GANG GANG INLET ROAD (2ND OCC),SNOWY MOUNTAINS HIGHWAY,SNOWY MONARO REGIONAL,South,Cooma M3Ed3,-35.9316494,148.5939343,4201594.4303,9443854.6078
855,AB2 BOGGY CK,NEWELL HIGHWAY,NARRABRI,West,North West M3Ed3,-32.95353985,149.19217271666665,4530466.437966667,9506654.935
856,FIRE TRAIL 550M WEST OF ALPINE CREEK,SNOWY MOUNTAINS HIGHWAY,SNOWY MONARO REGIONAL,South,Cooma M3Ed3,-35.918957199999994,148.589423,4203008.96305,9443468.919599999
857,CONNORS HILL 1.5KM WEST OF ALPINE CREEK,SNOWY MOUNTAINS HIGHWAY,SNOWY MONARO REGIONAL,South,Cooma M3Ed3,-35.9114027,148.581070475,4203858.64205,9442727.731
858,CONNORS HILL 2.5KM WEST,SNOWY MOUNTAINS HIGHWAY,SNOWY MONARO REGIONAL,South,Cooma M3Ed2,-35.91009353333333,148.56275136666667,4204028.7929,9441076.313233333
859,DELANEYS CREEK 200M WEST,SNOWY MOUNTAINS HIGHWAY,SNOWY MONARO REGIONAL,South,Cooma M3Ed3,-35.9020718,148.5484412,4204938.1124,9439797.7683
860,SUGARLOAF PROPERTY,NEW ENGLAND HIGHWAY,TAMWORTH REGIONAL,North,New England M3Ed3,-32.7886661046875,150.5955522828125,4545204.529835938,9637136.821379688
862,SAWYERS HILL START OF GUARDRAIL 1.7KM WEST OF SAWYERS HILL EMERGENCY HUT,SNOWY MOUNTAINS HIGHWAY,SNOWY MONARO REGIONAL,South,Cooma M3Ed3,-35.8986925,148.518701,4205352.4922,9437118.3894
864,AB1 EUCUMBENE RIVER BRID,SNOWY MOUNTAINS HIGHWAY,SNOWY MONARO REGIONAL,South,Cooma M3Ed2,-35.883476,148.50327353333333,4207061.023033333,9435749.892766668
865,DARRA,NEW ENGLAND HIGHWAY,TAMWORTH REGIONAL,North,New England M3Ed3,-31.643516323076923,150.61409360769233,4671855.5015,9643232.957292307
866,180M EAST OF OLD RTA DEP,SNOWY MOUNTAINS HIGHWAY,SNOWY MONARO REGIONAL,South,Cooma M3Ed3,-35.86850245,148.49796605,4208729.32335,9435294.4753
868,300M EAST OF GIANDARRA C,SNOWY MOUNTAINS HIGHWAY,SNOWY MONARO REGIONAL,South,Cooma M3Ed2,-35.8537791,148.4906946,4210372.3442,9434661.0874
870,TOP OF COMFORT HILL  NBC,HUME HIGHWAY,WINGECARRIBEE,South,HMO North M3Ed3,-33.31659491315789,150.40025505789473,4487405.208578947,9616511.35691842
871,"CAMDEN ST, 1.3KMS NORTH OF MILLARDS CREEK, ULLADULLA",PRINCES HIGHWAY,SHOALHAVEN,South,Bomaderry M3Ed3,-35.34866515,150.47117415,4262130.0919,9615380.558400001
873,"BULLOCKS HILL 1KM WEST OF DIP CREEK, WEST OF KIANDRA",SNOWY MOUNTAINS HIGHWAY,SNOWY MONARO REGIONAL,South,Cooma M3Ed3,-35.784445000000005,148.50646435,4218044.5276,9436196.491500001
874,BULLOCKS FIRE TRAIL 500M WEST OF GREAT DIVIDING RANGE SIGN,SNOWY MOUNTAINS HIGHWAY,SNOWY MONARO REGIONAL,South,Cooma M3Ed3,-35.7741045,148.5168436,4219178.1877,9437151.4357
875,"600M WEST OF BULLOCKS FIRE TRAIL, YARRENGOBILLY",SNOWY MOUNTAINS HIGHWAY,SNOWY MONARO REGIONAL,South,Cooma M3Ed3,-34.09903058571429,148.88318607142855,4404108.723185713,9475223.6308
876,C103 BETWEEN 2 GUARDRAIL,SNOWY MOUNTAINS HIGHWAY,SNOWY MONARO REGIONAL,South,Cooma M3Ed2,-35.7524961,148.5181202,4221573.834,9437301.6977
880,GAROO ROAD,NEW ENGLAND HIGHWAY,TAMWORTH REGIONAL,North,New England M3Ed3,-32.631009436,150.649828764,4562543.180732,9642624.764376
885,,NEWELL HIGHWAY,NARRABRI,West,North West M3Ed3,-29.9015672,149.7911168,4867529.2878,9569738.8563
890,30MT NTH 0F BELANGLO FOREST RD NB,HUME HIGHWAY,WINGECARRIBEE,South,HMO North M3Ed3,-33.13728727719298,150.54181789298246,4506819.9733385965,9630549.02194035
895,OVER HEAD BRIDGE,NEWELL HIGHWAY,NARRABRI,West,North West M3Ed2,-29.879586425,149.788980625,4869972.3531,9569597.5524
900,690M STH OF BODALLA PARK DRIVE,PRINCES HIGHWAY,EUROBODALLA,South,Bega M3Ed3,-34.15571289259259,150.06894822222222,4395059.627355556,9584179.084475925
902,CARAVAN PARK 100M WEST M,COOMA-CHARLOTTES PASS,SNOWY MONARO REGIONAL,South,Cooma M3Ed3,-36.4051698,148.5997557,4149031.29,9443575.0615
903,"PINE TREE ON R/H SIDE OF ROAD, 1.1KM WEST OF MR677 ALPINE WAY",COOMA-CHARLOTTES PASS,SNOWY MONARO REGIONAL,South,Cooma M3Ed3,-36.3990942,148.59706293333332,4149709.4787666667,9443343.7232
904,"WOLLONDIBBY CREEK, 2.1KM WEST OF MR677 ALPINE WAY",COOMA-CHARLOTTES PASS,SNOWY MONARO REGIONAL,South,Cooma M3Ed3,-36.3896466,148.5976815,4150757.4586,9443415.2799
905,"ROAD TO GADEN TROUT FARM, 3.4KM WEST OF MR677 ALPINE WAY",COOMA-CHARLOTTES PASS,SNOWY MONARO REGIONAL,South,Cooma M3Ed3,-31.69510638666667,150.72647228,4665814.625253334,9653759.749906667
907,"ABUT 1 THREDBO RIVER BRIDGE, KOSCIUSZKO NATIONAL PARK ENTRANCE",COOMA-CHARLOTTES PASS,SNOWY MONARO REGIONAL,South,Cooma M3Ed3,-36.3648056,148.5877699,4153528.70615,9442567.5563
908,"START OVERTAKING LANE, 800M WEST OF LITTLE THREDBO RIVER",COOMA-CHARLOTTES PASS,SNOWY MONARO REGIONAL,South,Cooma M3Ed3,-36.356603799999995,148.58849843333334,4154438.2036,9442646.812233334
909,"WASTE POINT T/O, 2KM WEST OF LITTLE THREDBO RIVER",COOMA-CHARLOTTES PASS,SNOWY MONARO REGIONAL,South,Cooma M3Ed3,-36.3458214,148.5805753,4155645.9536,9441953.4887
910,"SURGE TANK, 3.5KM WEST OF LITTLE THREDBO RIVER",COOMA-CHARLOTTES PASS,SNOWY MONARO REGIONAL,South,Cooma M3Ed3,-33.7567573475,150.25582972249998,4438887.7176625,9602183.59905
911,VES KNP TOLL GATES AT SAWPIT SERVICE STN,COOMA-CHARLOTTES PASS,SNOWY MONARO REGIONAL,South,Cooma M3Ed3,-36.34724488,148.56466102,4155509.44836,9440521.95484
912,"CARAVAN PARK, 940M WEST OF KNP TOLL GATE",COOMA-CHARLOTTES PASS,SNOWY MONARO REGIONAL,South,Cooma M3Ed3,-36.35347303333334,148.56074173333334,4154823.3238666668,9440159.6585
913,"SAWPIT OVERTAKING LANE,",COOMA-CHARLOTTES PASS,SNOWY MONARO REGIONAL,South,Cooma M3Ed3,-36.3501494,148.5523918,4155203.4576,9439415.3494
914,"WATERFALL - CHANGE SEAL, 3.47KM WEST OF KNP TOLL GATE",COOMA-CHARLOTTES PASS,SNOWY MONARO REGIONAL,South,Cooma M3Ed3,-36.34723846666667,148.54330508333334,4155538.6907333336,9438604.132133333
915,"PARKING BAY, 1.3KM EAST",COOMA-CHARLOTTES PASS,SNOWY MONARO REGIONAL,South,Cooma M3Ed2,-36.3466921,148.5329464,4155613.0436,9437674.7852
916,WILSONS VALLEY AT ENTRANCE TO RTA DEPOT,COOMA-CHARLOTTES PASS,SNOWY MONARO REGIONAL,South,Cooma M3Ed3,-36.3508331,148.5202975,4155169.949,9436532.1745
917,"RENNIX TRAIL, 1.9KM WEST OF WILSONS VALLEY",COOMA-CHARLOTTES PASS,SNOWY MONARO REGIONAL,South,Cooma M3Ed3,-36.361164,148.50786440000002,4154039.2778,9435399.1331
920,TOP GOWRIE ROAD,NEW ENGLAND HIGHWAY,TAMWORTH REGIONAL,North,New England M3Ed3,-32.81184675588235,150.63126411029413,4542542.5888382355,9640348.929051472
921,CONC NOSE MR 177/SH1 BULLI TOPS N/B,PRINCES HIGHWAY,WOLLONGONG,South,Russell Vale M3Ed3,-34.30438072,150.90593194000002,4376439.75594,9659192.132539999
924,170M EAST OF MR4016 TO S,COOMA-CHARLOTTES PASS,SNOWY MONARO REGIONAL,South,Cooma M3Ed3,-36.3952122,148.4263826,4150362.1429,9428031.3295
925,HIGH ST,NEW ENGLAND HIGHWAY,MAITLAND,North,Upper Hunter M3Ed3,-32.7407119,151.5580355,4547120.8955,9726682.6204
926,100M WEST OF ROAD TO EIG,COOMA-CHARLOTTES PASS,SNOWY MONARO REGIONAL,South,Cooma M3Ed2,-36.4129442,148.3973118,4148428.8088,9425395.7843
930,SOUTH OF NUNDLE SHIRE BOUNDARY,NEW ENGLAND HIGHWAY,TAMWORTH REGIONAL,North,New England M3Ed3,-33.66932932790698,150.47175140697675,4448114.2863720935,9622081.10935814
931,"CONC NOSE F6/SH1 JUNCTION PANORAMA, BULLI TOPS S/B",PRINCES HIGHWAY,WOLLONGONG,South,Russell Vale M3Ed3,-34.300049,150.91335565,4376894.0038,9659892.48065
935,SWAMP CREEK SOUTH,NEW ENGLAND HIGHWAY,TAMWORTH REGIONAL,North,New England M3Ed3,-31.377783516666668,150.91634831666667,4700471.833816667,9672264.939716667
940,SWAMP CREEK,NEW ENGLAND HIGHWAY,TAMWORTH REGIONAL,North,New England M3Ed3,-32.63671789375,150.6579951734375,4561880.5498625,9643397.2553625
946,TRZECINSKI 'BRIDGE AB2,NEW ENGLAND HIGHWAY,MAITLAND,North,Upper Hunter M3Ed3,-32.7294835,151.5439053,4548421.4433,9725414.8124
950,30MT STH WINGE'BEE RV BRIDGE  NBC,HUME HIGHWAY,WINGECARRIBEE,South,HMO North M3Ed3,-33.673769668292685,150.55013167560978,4447355.676514634,9629390.994209757
960,450 MT STH OLD MANDEMAR RD   NBC,HUME HIGHWAY,WINGECARRIBEE,South,HMO North M3Ed3,-33.43805847333333,150.561628412,4473448.305430667,9631284.066838667
970,100MT STH OF CORDEAUX CK   NBC,HUME HIGHWAY,WINGECARRIBEE,South,HMO North M3Ed3,-34.04751296818182,150.4885411840909,4406175.363468181,9622156.00296591
980,490M STH OF ROAD TO DALMENY,PRINCES HIGHWAY,EUROBODALLA,South,Bega M3Ed3,-33.10922883428571,150.61093402857142,4509693.328988572,9637225.750314286
990,"120M NORTH OF JULIES CNR, RIVER ROAD TABOURIE LAKE",PRINCES HIGHWAY,SHOALHAVEN,South,Bomaderry M3Ed3,-33.18187796031746,150.6336473634921,4501570.386173015,9639047.222557144
1000,SHIRE BDY TO  CONCRETE,HUME HIGHWAY,YASS VALLEY,South,HMO South M3Ed3,-34.31588188192771,149.7695078385542,4378016.399820482,9555348.087874698
1010,CONC TO YASS VALLEY WAY,HUME HIGHWAY,YASS VALLEY,South,HMO South M3Ed3,-33.825778057142855,150.09394223636363,4431455.197032467,9586959.547327273
1015,DURI-DUNGOWAN ROAD,NEW ENGLAND HIGHWAY,TAMWORTH REGIONAL,North,New England M3Ed3,-31.291691874999998,151.1416079,4709025.1424375,9693983.250425
1020,BARBERS  YASS BYPASS,HUME HIGHWAY,YASS VALLEY,South,HMO South M3Ed3,-34.32919787820513,149.8881136692308,4375974.339092308,9565955.424251283
1025,STONY HEIGHTS S-B,NARRANDERA-MOSSGIEL,CARRATHOOL,South,Riverina West M3Ed3,-33.276906966666665,148.12553133333333,4491621.560933334,9408581.374633335
1030,"500M NORTH OF NOTRIK PROP, 5.6KM NORTH OF MARULAN N/B",HUME HIGHWAY,GOULBURN MULWAREE,South,HMO North M3Ed3,-33.71443683333333,149.97987619629632,4443675.509194444,9577075.739264814
1035,OT LANES,NARRANDERA-MOSSGIEL,CARRATHOOL,South,Riverina West M3Ed3,-33.76781925,146.57581615,4442004.0534666665,9261220.895049999
1040,MANTON RIDGE STH-YASS BY PASS,HUME HIGHWAY,YASS VALLEY,South,HMO South M3Ed3,-33.788372025,150.16334912115386,4435475.15990577,9593814.0785
1045,"END S/B OT LANE, 1.57KM SOUTH OF TERMEIL CREEK BRIDGE",PRINCES HIGHWAY,SHOALHAVEN,South,Bomaderry M3Ed3,-34.47689643333334,150.4539444222222,4357977.838777778,9618704.020088889
1050,NORTH OF TIMBUMBURI SCHOOL,NARRANDERA-MOSSGIEL,CARRATHOOL,South,Riverina West M3Ed3,-34.05789436393443,150.0244769655738,4405942.038413115,9579878.768995082
1053,FROM SB ON  CAMPBELL ST TO BELLAMBI LN,PRINCES HIGHWAY,WOLLONGONG,South,Russell Vale M3Ed3,-34.3577459,150.90938,4370516.9054,9659287.7552
1055,,NARRANDERA-MOSSGIEL,CARRATHOOL,South,Riverina West M3Ed3,-34.02741843333333,145.76657573333333,4413180.6691333335,9186187.951333333
1056,BELLAMBI LN TO NB OFF RAMP TO CAMPBELL S,PRINCES HIGHWAY,WOLLONGONG,South,Russell Vale M3Ed3,-34.3557372,150.9097211,4370738.2286,9659327.4201
1059,COOBANG,NEWELL HIGHWAY,PARKES,West,Western Plains M3Ed3,-33.0596886,148.18285815000002,4520463.56635,9410361.65655
1060,BALD HILL CK - YASS BYPASS,HUME HIGHWAY,YASS VALLEY,South,HMO South M3Ed3,-33.96727368484848,150.12236685757574,4415901.954587879,9589029.51128788
1062,PEDESTRIAN LINE BELLAMBI LANE S/B,PRINCES HIGHWAY,WOLLONGONG,South,Russell Vale M3Ed3,-34.3620696,150.9072512,4370045.3034,9659074.2801
1064,"SOUTH SIDE RAILWAY ST,",PRINCES HIGHWAY,WOLLONGONG,South,Russell Vale M3Ed2,-34.3631394,150.9063189,4369930.0093,9658984.2091
1065,"REEDY CK BRIDGE (AB1), TERMEIL",NARRANDERA-MOSSGIEL,CARRATHOOL,South,Riverina West M3Ed3,-34.749334233333336,148.04512098333333,4331045.566766667,9393824.66835
1066,"SOUTH SIDE RAILWAY ST, CORRIMAL S/B",PRINCES HIGHWAY,WOLLONGONG,South,Russell Vale M3Ed3,-34.3785172,150.9006136,4368246.2404333325,9658396.514633333
1068,"SOUTH SIDE TOWRADGI RD, TOWRADGI N/B",PRINCES HIGHWAY,WOLLONGONG,South,Russell Vale M3Ed3,-34.37758208333333,150.90046701666668,4368350.324316666,9658386.921666667
1070,MCRENOLDS - YASS BY PASS,HUME HIGHWAY,YASS VALLEY,South,HMO South M3Ed3,-34.1189755893617,149.93017615106385,4399594.6391,9570851.796651063
1072,"SOUTH SIDE TOWRADGI RD, TOWRADGI S/B",PRINCES HIGHWAY,WOLLONGONG,South,Russell Vale M3Ed3,-34.3922757,150.8972104,4366733.901333333,9658027.0932
1074,"STH ABUT CABBAGE TREE CK BDGE, FAIRY MEADOW N/B",PRINCES HIGHWAY,WOLLONGONG,South,Russell Vale M3Ed3,-34.390030175,150.898045775,4366979.771225,9658113.08925
1075,,NARRANDERA-MOSSGIEL,CARRATHOOL,South,Riverina West M3Ed3,-33.279706425,147.579493225,4496055.259625,9354404.7947
1076,"STH ABUT CABBAGE TREE CK BDGE, FAIRY MEADOW S/B",PRINCES HIGHWAY,WOLLONGONG,South,Russell Vale M3Ed3,-34.4036623,150.8928484,4365487.5591,9657579.5215
1080,BANGO CREEK STH - YASS BY PASS,HUME HIGHWAY,YASS VALLEY,South,HMO South M3Ed3,-34.27850743913043,150.16510534565217,4381402.015482609,9591736.569076087
1082,START CONCRETE ROAD NORTH WOLLONGONG S/B,PRINCES HIGHWAY,WOLLONGONG,South,Russell Vale M3Ed3,-34.4057043,150.8924443,4365262.7505,9657533.9879
1083,TELESCOPE OTAKE,NEWELL HIGHWAY,PARKES,West,Western Plains M3Ed3,-33.0085021,148.21037504999998,4526105.286800001,9412994.581799999
1084,CONC NOSE END RAMP FROM NTH WOLLONGONG BRIDGE N/B,PRINCES HIGHWAY,WOLLONGONG,South,Russell Vale M3Ed3,-34.4029618,150.8928669,4365565.0899,9657584.113
1085,END OF OTAKE,NEWELL HIGHWAY,PARKES,West,Western Plains M3Ed3,-32.09670408333333,151.22170716666668,4617660.171916666,9699461.019916667
1087,VINCANZA,NARRANDERA-MOSSGIEL,CARRATHOOL,South,Riverina West M3Ed3,-33.9961146,145.72606933333333,4416604.873966667,9182408.171633333
1090,END OF CONCRETE PAVEMENT  NBC,HUME HIGHWAY,WINGECARRIBEE,South,HMO North M3Ed3,-34.98420991764706,149.81623177058825,4304125.270114706,9556911.950961765
1092,,NARRANDERA-MOSSGIEL,CARRATHOOL,South,Riverina West M3Ed3,-33.986007475,145.71223592500002,4417709.267,9181117.514325
1095,GOSPERS CREEK CULVERT,NEWELL HIGHWAY,PARKES,West,Western Plains M3Ed3 22-23,-32.9504087,148.2332025,4532516.6839,9415201.515
1100,OCEAN DRIVE N-B,PACIFIC HIGHWAY,PORT MACQUARIE - HASTINGS,North,Mid North Coast M3Ed3,-33.78705134444445,150.1261122851852,4435355.103325926,9590915.14037037
1105,PAST SILOS,NARRANDERA-MOSSGIEL,CARRATHOOL,South,Riverina West M3Ed3,-32.8065512,149.21661289999997,4541326.2044,9511654.8252
1110,20MT NTH OF NB OFF RAMP CHURCH AV,HUME HIGHWAY,WINGECARRIBEE,South,HMO North M3Ed3,-34.36263304915254,149.82066152881356,4372408.636511864,9559607.324881356
1115,BURRILL CREEK OT LANES,NARRANDERA-MOSSGIEL,CARRATHOOL,South,Riverina West M3Ed3,-33.59847463333333,146.53708129999998,4460654.147100001,9257716.882366667
1120,"50M NTH OF STEPHENS CREEK BRIDGE, KIOALA",PRINCES HIGHWAY,SHOALHAVEN,South,Bomaderry M3Ed3,-34.4086218984127,149.62111156507936,4367639.536769842,9542254.45155873
1125,,NEWELL HIGHWAY,PARKES,West,Western Plains M3Ed2,-32.8448963,148.2275818,4544212.8152,9414813.8542
1130,1ST BOWNING TURNOFF,HUME HIGHWAY,YASS VALLEY,South,HMO South M3Ed3,-34.753772084126986,149.3906918222222,4330477.26486508,9518638.875649206
1135,"270M NTH OF COCKWHY CK, 1KM SOUTH OF STEPHENS CREEK",PRINCES HIGHWAY,SHOALHAVEN,South,Bomaderry M3Ed3,-34.21275705,151.11784303333334,4385110.022666667,9681275.325033333
1137,,NEWELL HIGHWAY,PARKES,West,Western Plains M3Ed3,-32.8237076,148.2317057,4546555.8096,9415227.2171
1140,BOWNING CREEK (SOUTH),HUME HIGHWAY,YASS VALLEY,South,HMO South M3Ed3,-34.75430322521739,149.0065572,4330934.20932,9483702.198895652
1141,300MT SOUTH OF SIERRA ST   NBC,HUME HIGHWAY,WINGECARRIBEE,South,HMO North M3Ed3,-34.35719757142857,150.54252440000002,4371780.211785714,9625587.9613
1150,"400M NORTH OF MARULAN TURNOFF, PAST BP N/B",HUME HIGHWAY,GOULBURN MULWAREE,South,HMO North M3Ed3,-34.553170607594936,149.13150987974683,4352992.813659494,9495748.400815189
1155,RAVENSHAW,NARRANDERA-MOSSGIEL,CARRATHOOL,South,Riverina West M3Ed3,-33.812167438461536,145.84725929230768,4436911.578523077,9193585.960676923
1157,,NEWELL HIGHWAY,PARKES,West,Western Plains M3Ed2,-32.7690226,148.2114667,4552636.6091,9413404.2006
1160,MONTE CHRISTO,NEW ENGLAND HIGHWAY,TAMWORTH REGIONAL,North,New England M3Ed3,-33.42688338148148,150.05597488518518,4475408.121548148,9585399.612744443
1165,PEAK HILL,NARRANDERA-MOSSGIEL,CARRATHOOL,South,Riverina West M3Ed3,-33.4930819,146.49204963333332,4472309.854333334,9253540.3874
1170,SOUTHERN HIGHLANDS TOURISM SIGN,HUME HIGHWAY,WINGECARRIBEE,South,HMO North M3Ed3,-34.113224721875,150.297200965625,4399223.06430625,9604599.961682813
1175,,NARRANDERA-MOSSGIEL,CARRATHOOL,South,Riverina West M3Ed3,-33.85708971428571,145.63542735714285,4431905.115828572,9173840.517185714
1180,CH SEAL 900M SOUTH OF HIGGINS CK,PRINCES HIGHWAY,SHOALHAVEN,South,Bomaderry M3Ed3,-34.06215943363637,149.7000434290909,4406162.149773636,9549932.384554546
1185,TINTINHULL ROAD,NEW ENGLAND HIGHWAY,TAMWORTH REGIONAL,North,New England M3Ed3,-31.21783161666667,150.78306667500001,4718377.820808333,9660634.455866667
1187,,NARRANDERA-MOSSGIEL,CARRATHOOL,South,Riverina West M3Ed3,-33.82343425,145.62348759999998,4435620.01095,9172687.565299999
1189,MERRIWAGGA,NARRANDERA-MOSSGIEL,CARRATHOOL,South,Riverina West M3Ed3,-33.8190118,145.6211061,4436107.15635,9172460.84555
1190,"100M NORTH OF SOUTH MARULAN ROAD TO BUNGONIA, N/B",HUME HIGHWAY,GOULBURN MULWAREE,South,HMO North M3Ed3,-34.2344221983871,149.8416832032258,4386966.548059678,9561827.244904839
1193,BLACK STUMP ROAD,NARRANDERA-MOSSGIEL,CARRATHOOL,South,Riverina West M3Ed3,-33.81467681666667,145.61956751666665,4436585.634166666,9172312.19535
1195,KYALITE RD,NEWELL HIGHWAY,NARROMINE,West,Western Plains M3Ed3,-32.61332865,148.21426474999998,4569883.1985,9413866.63825
1200,50M SOUTH OF BACKHOUSE,PRINCES HIGHWAY,SHOALHAVEN,South,Bomaderry M3Ed3,-33.7867427875,149.8204970640625,4436504.874010937,9561934.3795375
1202,BUNDA ROAD,NARRANDERA-MOSSGIEL,CARRATHOOL,South,Riverina West M3Ed3,-33.7951026,145.6133162,4438746.9749,9171705.1973
1203,,NARRANDERA-MOSSGIEL,CARRATHOOL,South,Riverina West M3Ed3,-33.7913245,145.6119434,4439163.9339,9171572.6309
1205,,NARRANDERA-MOSSGIEL,CARRATHOOL,South,Riverina West M3Ed3,-33.784165,145.6093956,4439954.1309,9171326.3522
1210,"START OF CONCRETE, SOUTH MARULAN N/B",HUME HIGHWAY,GOULBURN MULWAREE,South,HMO North M3Ed3,-33.901620545,150.1744635625,4422892.417287501,9593948.817373749
1215,MERUNGIE WELL,NARRANDERA-MOSSGIEL,CARRATHOOL,South,Riverina West M3Ed3,-33.15448326666667,146.92489386666668,4509799.431799999,9293854.428583333
1220,"CHANGE OF SEAL 130M STH LIVINGSTONE CK, 400M SOUTH OF EAST LYNNE",PRINCES HIGHWAY,SHOALHAVEN,South,Bomaderry M3Ed3,-34.666488702,149.509464934,4339680.585478,9529722.119822001
1225,,NARRANDERA-MOSSGIEL,CARRATHOOL,South,Riverina West M3Ed3,-33.439804525,146.2686752,4478127.307225,9232721.370450001
1230,1.5KM NORTH OF AVON DAM RD  NBC,HUME HIGHWAY,WOLLONDILLY,South,HMO North M3Ed3,-34.26623265348837,149.91448145581396,4383156.488846512,9568965.38034186
1232,,NARRANDERA-MOSSGIEL,CARRATHOOL,South,Riverina West M3Ed3,-33.7427263,145.59465125,4444527.5814,9169900.347399998
1235,BLACK WATERHOLE CREEK,NARRANDERA-MOSSGIEL,CARRATHOOL,South,Riverina West M3Ed3,-32.89352813333333,147.41443146666666,4538676.366783333,9339550.215400001
1240,BETTS LANE KOOTINGAL,NEW ENGLAND HIGHWAY,TAMWORTH REGIONAL,North,New England M3Ed3,-34.197497204444446,150.09479209111112,4389935.869664445,9585517.485566666
1245,MOONBI HOUSE,NEWELL HIGHWAY,NARROMINE,West,Western Plains M3Ed3,-31.88906086,149.4304743,4647304.11444,9530729.8116
1250,"200M STH OF KIOALA REST AREA, DURRAS",PRINCES HIGHWAY,SHOALHAVEN,South,Bomaderry M3Ed3,-34.46231314032258,148.96094912903226,4362486.769169355,9479523.056285484
1255,PETERS HILL,NARRANDERA-MOSSGIEL,CARRATHOOL,South,Riverina West M3Ed3,-33.0650851,146.964698675,4519608.8930750005,9297642.782025
1260,BOOKHAM - STH BOUND,HUME HIGHWAY,YASS VALLEY,South,HMO South M3Ed3,-34.683786196629214,149.53397123033707,4337834.771451686,9532269.146034831
1265,1.2KM NORTH OF DIGNAMS CRK BRDG AB1,NARRANDERA-MOSSGIEL,CARRATHOOL,South,Riverina West M3Ed3,-34.80569401666667,148.24131605,4325117.6656,9411052.9354
1270,CONNORS CREEK,HUME HIGHWAY,YASS VALLEY,South,HMO South M3Ed3,-34.09268058947369,149.66142552982456,4402998.679747369,9545980.334407018
1275,LANGTREE ROAD,NARRANDERA-MOSSGIEL,CARRATHOOL,South,Riverina West M3Ed3,-33.6723972,145.541384,4452252.7721,9164860.63
1280,'PICTON EXIT 2KM' SIGN   NBC,HUME HIGHWAY,WOLLONDILLY,South,HMO North M3Ed3,-34.30636033103448,149.62472704482758,4379309.353062069,9542012.01207069
1282,RAMP FROM TALLAWARRA PO,PRINCES HIGHWAY,WOLLONGONG,South,Russell Vale M3Ed2,-34.5292826,150.7875516,4351927.2255,9647406.9752
1285,MOUNTAIN CREEK,NARRANDERA-MOSSGIEL,CARRATHOOL,South,Riverina West M3Ed3,-33.3297646,146.26198145,4490218.8908375,9232077.433
1290,GOWLANDS,HUME HIGHWAY,HILLTOPS,South,HMO South M3Ed3,-34.64845851413043,148.87325930869565,4343069.316139131,9471675.410320653
1291,WOORARRA,NEW ENGLAND HIGHWAY,TAMWORTH REGIONAL,North,New England M3Ed3,-31.002059974999998,151.09226329999998,4741448.879233333,9690650.534808334
1295,TINKS LANE,NARRANDERA-MOSSGIEL,CARRATHOOL,South,Riverina West M3Ed3,-32.997778600000004,147.00383345,4526980.992149999,9301354.4891
1300,NR BRESNAHANS LANE 2.4KM NORTH OF NOWRA - MOSS VALE ROAD,BOMADERRY-MOSS VALE,WINGECARRIBEE,South,HMO North M3Ed3,-34.073182836363635,149.5340736883117,4405073.640427273,9534271.862259742
1302,,NEWELL HIGHWAY,DUBBO REGIONAL,West,Western Plains M3Ed3,-32.33779495,148.49935284999998,4600062.10855,9441036.912099998
1305,CONCRETE WALL   SB,NEW ENGLAND HIGHWAY,TAMWORTH REGIONAL,North,New England M3Ed3,-32.07864502352942,148.87586424705881,4626049.569052942,9479301.847164705
1310,THE ROCK,HUME HIGHWAY,HILLTOPS,South,HMO South M3Ed3,-34.152421697826085,149.72746500760869,4396171.221725,9551762.609111957
1315,CAMP RD,NEWELL HIGHWAY,DUBBO REGIONAL,West,Western Plains M3Ed3,-32.29234865,148.39378063333334,4602871.398183334,9433728.173683332
1320,BERREMANGRA,HUME HIGHWAY,HILLTOPS,South,HMO South M3Ed3,-33.48352666976744,149.5059961767442,4470273.03844186,9533390.207302324
1325,FIRST MOONBI SAFETY RAMP   SB,NARRANDERA-MOSSGIEL,CARRATHOOL,South,Riverina West M3Ed3,-32.283390175,148.3777384125,4603583.8319125,9432542.4178375
1330,480M NTH OF MOSS LANE,PRINCES HIGHWAY,BEGA VALLEY,South,Bega M3Ed3,-34.74562874927536,149.1573380782609,4331550.402850725,9497293.741749275
1335,,NARRANDERA-MOSSGIEL,CARRATHOOL,South,Riverina West M3Ed3,-33.561858,145.5239964,4464478.0524,9163076.7223
1340,2ND HALF ABIGANO CONCRETE,NARRANDERA-MOSSGIEL,CARRATHOOL,South,Riverina West M3Ed3,-34.22851876779661,149.16451571355933,4388479.885483051,9499908.648008473
1342,,NEWELL HIGHWAY,DUBBO REGIONAL,West,Western Plains M3Ed3,-32.226217,148.6132391,4612264.1984,9451939.6689
1345,KARALEE,NARRANDERA-MOSSGIEL,CARRATHOOL,South,Riverina West M3Ed3,-31.34067672857143,150.3346850952381,4705146.1202095235,9618600.459861904
1347,,NEWELL HIGHWAY,DUBBO REGIONAL,West,Western Plains M3Ed3,-32.1966965,148.6207143,4615523.8945,9452694.3926
1350,CONNERS,HUME HIGHWAY,HILLTOPS,South,HMO South M3Ed3,-34.29696230945946,149.05983745540541,4381496.893689189,9490440.184417566
1355,TOP ARRESTER BED   SB,NEW ENGLAND HIGHWAY,TAMWORTH REGIONAL,North,New England M3Ed3,-31.18460347272727,150.65411974545455,4722349.912009091,9648595.820545454
1360,STEAM ENGINE,HUME HIGHWAY,HILLTOPS,South,HMO South M3Ed3,-34.475510840243906,149.46586239146342,4361057.606063414,9526873.073559757
1365,SUB-STATION,NARRANDERA-MOSSGIEL,CARRATHOOL,South,Riverina West M3Ed3,-32.10140733,148.62618359,4622923.7991700005,9456698.43837
1370,JUGIONG CREEK SOUTH BOUND,HUME HIGHWAY,HILLTOPS,South,HMO South M3Ed3,-34.547440515384615,148.94683427115385,4354162.094703847,9478612.11525577
1375,,NEWELL HIGHWAY,DUBBO REGIONAL,West,Western Plains M3Ed2,-32.0767342,148.5544861,4628909.7153,9446653.0397
1380,NORTHERN ACCESS TO JUGIONG,HUME HIGHWAY,HILLTOPS,South,HMO South M3Ed3,-34.71118558474576,149.03184344915255,4335853.934128813,9486168.10738983
1385,"EAST SIDE NEHME AVENUE, ALBION PARK RAIL, S/B",PRINCES HIGHWAY,SHELLHARBOUR,South,Russell Vale M3Ed3,-32.884769266666666,149.3141724,4537597.256533333,9514982.019833334
1390,DUNOLLY ROAD TO MR381,HUME HIGHWAY,HILLTOPS,South,HMO South M3Ed3,-34.63982025384615,149.0512658307692,4343624.171464102,9488303.140615385
1395,,NEWELL HIGHWAY,DUBBO REGIONAL,West,Western Plains M3Ed3,-32.0090811,148.5768924,4636373.641,9448879.8794
1400,SECOND MOONBI HILL,NEW ENGLAND HIGHWAY,TAMWORTH REGIONAL,North,New England M3Ed3,-34.02345329512195,149.23442158414633,4411346.768093903,9507773.47725
1405,COOLBAGGIE CK,NEWELL HIGHWAY,DUBBO REGIONAL,West,Western Plains M3Ed3,-31.9858822,148.5816695,4638937.1619,9449369.7852
1410,BELMONT ROAD TO COONEYS CREEK,HUME HIGHWAY,HILLTOPS,South,HMO South M3Ed3,-34.32782704252874,149.30206373103448,4377612.400408046,9512555.50687701
1414,ADJACENT TO OAK FLATS R,PRINCES HIGHWAY,SHELLHARBOUR,South,Russell Vale M3Ed3,-34.5748927,150.8267346,4346743.5105,9650814.1918
1415,MOUNT VIEW ROAD NO2,NEW ENGLAND HIGHWAY,TAMWORTH REGIONAL,North,New England M3Ed3,-31.101150016666665,150.70188426666667,4731452.69365,9653381.352799999
1420,"CHANGE SEAL 200M SOUTH OF TOURIST ROAD, KANGALOON",BOMADERRY-MOSS VALE,WINGECARRIBEE,South,HMO North M3Ed3,-34.48999392881356,149.68519951525423,4358956.785979661,9546953.319171187
1425,OAKVILLE CREEK,NEWELL HIGHWAY,GILGANDRA,West,Western Plains M3Ed3 22-23,-31.92218595,148.61939805,4645939.8773,9453041.91
1430,OLD HIGHWAY - WILLS ALL,HUME HIGHWAY,COOTAMUNDRA-GUNDAGAI REGIONAL,South,HMO South M3Ed3,-34.08944180434783,149.2245123652174,4404196.364784783,9506377.32903913
1433,OAK FLATS INT TO SB OFF TO MR522,PRINCES HIGHWAY,SHELLHARBOUR,South,Russell Vale M3Ed3,-34.579288379999994,150.83482955999997,4346229.32988,9651538.067640001
1435,ROSE VALLEY CREEK,NEW ENGLAND HIGHWAY,TAMWORTH REGIONAL,North,New England M3Ed3,-32.3865015,150.86136722727272,4588904.5909636365,9663563.062709091
1436,NB OFF TO MR522 TO OAK FLAT INTER,PRINCES HIGHWAY,SHELLHARBOUR,South,Russell Vale M3Ed3,-34.58173391333333,150.83671884666668,4345952.04008,9651701.206306666
1438,SB ON FROM MR522 TO JAM,PRINCES HIGHWAY,SHELLHARBOUR,South,Russell Vale M3Ed2,-34.596858350000005,150.84225915000002,4344257.85915,9652147.2138
1440,JAMES RD TO NB OFF TO SHELLHARBOUR RD,PRINCES HIGHWAY,SHELLHARBOUR,South,Russell Vale M3Ed3,-32.74481127962963,150.23880605,4550598.6404,9605183.447987037
1443,JAMES RD DUNMORE S/B TO SWAMP ROAD OFF RAMP,PRINCES HIGHWAY,SHELLHARBOUR,South,Russell Vale M3Ed3,-34.60588905,150.839272,4343267.471066666,9651836.77685
1445,BALLADORAN TURNOFF,NEWELL HIGHWAY,GILGANDRA,West,Western Plains M3Ed3,-31.8526043,148.6439733,4653613.084,9455485.5428
1447,RAMP ON FROM SWAMP RD JAMES ROAD N/B,PRINCES HIGHWAY,SHELLHARBOUR,South,Russell Vale M3Ed3,-34.60833637142857,150.83822795714286,4342999.860957143,9651731.183214286
1450,BLACK SPRINGS,HUME HIGHWAY,COOTAMUNDRA-GUNDAGAI REGIONAL,South,HMO South M3Ed3,-33.14824919404762,149.80086815714287,4506917.858094048,9563314.154510714
1455,,NEWELL HIGHWAY,GILGANDRA,West,Western Plains M3Ed3,-31.80250795,148.6362048,4659175.272600001,9454837.81305
1460,COGGINS,HUME HIGHWAY,COOTAMUNDRA-GUNDAGAI REGIONAL,South,HMO South M3Ed3,-34.49610301818181,149.00523411515152,4359698.4291515155,9484602.896327274
1465,MACDONALD RIVER BRIDGE BENDEMEER,NEWELL HIGHWAY,GILGANDRA,West,Western Plains M3Ed3,-31.32941565,149.8980364,4708260.272399999,9576241.278
1470,MUNGI MUNGI,HUME HIGHWAY,COOTAMUNDRA-GUNDAGAI REGIONAL,South,HMO South M3Ed3,-33.51380754318182,149.95729896363636,4466316.044388636,9575998.572943183
1475,,NEWELL HIGHWAY,GILGANDRA,West,Western Plains M3Ed3,-31.7341195,148.6486455,4666734.283600001,9456134.603349999
1480,NTH COOLAC INTERCHANGE,HUME HIGHWAY,COOTAMUNDRA-GUNDAGAI REGIONAL,South,HMO South M3Ed3,-34.236075645901636,149.15288321311476,4388058.502137705,9499569.767765572
1485,THREE LANES NORTH OF PERRYS PONDS,NEW ENGLAND HIGHWAY,TAMWORTH REGIONAL,North,New England M3Ed3,-30.87219669,151.16905266999999,4755543.35032,9698551.40316
1490,"NEAR EXIT SIGN TO GOULBURN 330M TO EXIT NOSE, GOULBURN BYPASS N/B",HUME HIGHWAY,GOULBURN MULWAREE,South,HMO North M3Ed3,-33.353499125,150.0105395375,4483750.36671,9582069.41957
1493,1493-CON NOSE RAMP OFF SWAMP RD S/B,PRINCES HIGHWAY,SHELLHARBOUR,South,Russell Vale M3Ed3,-34.62848559375,150.83533844375,4340777.3555499995,9651384.52459375
1495,PERRYS PONDS-FISHERS HILL,NEW ENGLAND HIGHWAY,TAMWORTH REGIONAL,North,New England M3Ed3,-30.87231304,151.18614894,4755465.10162,9700184.36758
1497,1497-AB1 BDGE OVER MINAMURRA RIV N/B,PRINCES HIGHWAY,SHELLHARBOUR,South,Russell Vale M3Ed3,-34.62591416,150.83621702,4341059.27984,9651475.43837
1500,TOP MCLEODS HILL,PRINCES HIGHWAY,BEGA VALLEY,South,Bega M3Ed3,-34.017230948333335,149.66337696833335,4410966.562625,9547943.961501665
1505,,NEWELL HIGHWAY,GILGANDRA,West,North West M3Ed2,-31.6954116,148.6836719,4670970.3034,9459520.6055
1510,"100M SOUTH OF OVERHEAD POWERLINES, GOULBURN BYPASS N/B",HUME HIGHWAY,GOULBURN MULWAREE,South,HMO North M3Ed3,-32.044146685294116,150.6142147617647,4627280.548958824,9642532.476932352
1513,AB2 BR OVER MINAMURRA RIV S/B,PRINCES HIGHWAY,KIAMA,South,Russell Vale M3Ed3,-34.6491157,150.84374948333334,4338463.504616667,9652070.625533333
1517,1517-CONC NOSE RAMP ON NTH KIAMA N/B,PRINCES HIGHWAY,KIAMA,South,Russell Vale M3Ed3,-34.648044575,150.84021825,4338594.062275,9651751.6843
1520,90M NTH OF BALDWINS RD (R),PRINCES HIGHWAY,BEGA VALLEY,South,Bega M3Ed3,-33.37093690232558,149.85868982325582,4482081.269495348,9568069.905106977
1525,TWO LANES NORTH OF FISHERS HILL,NEW ENGLAND HIGHWAY,TAMWORTH REGIONAL,North,New England M3Ed3,-31.021370944444445,150.66372973333333,4740336.170627777,9650025.297444444
1530,"350M SOUTH OF MULWAREE SHIRE BOUNDARY SIGN, GOULBURN BYPASS N/B",HUME HIGHWAY,GOULBURN MULWAREE,South,HMO North M3Ed3,-34.16181251694915,149.32724979999998,4395820.476394915,9515943.23649661
1535,,NEWELL HIGHWAY,GILGANDRA,West,North West M3Ed3,-31.60614525,148.75602337499998,4680748.458725,9466541.218675
1540,GRAVEL MILRAY TREE R/S-,KAMILAROI HIGHWAY,WALGETT,West,Western Plains M3Ed3,-33.20685067096774,149.99850715806454,4499929.700622581,9580999.503096774
1545,,NEWELL HIGHWAY,GILGANDRA,West,North West M3Ed3,-31.56631934,148.79174684,4685103.81382,9470004.618520001
1550,"160M SOUTH OF WINDELLAMA OVERPASS, GOULBURN BYPASS N/B",KAMILAROI HIGHWAY,WALGETT,West,Western Plains M3Ed3,-33.74584821521739,149.86856299782607,4440843.865741304,9566767.11582826
1555,,NEWELL HIGHWAY,GILGANDRA,West,North West M3Ed3,-31.534867950000002,148.82576405,4688532.955866667,9473292.7961
1560,TREE L/S TO TREE L/S START OF TAR,KAMILAROI HIGHWAY,WALGETT,West,Western Plains M3Ed3,-32.37394711333334,150.02889011333335,4592075.3466466665,9586090.044446668
1563,CONC NOSE RAMP OFF TO NKD SB,PRINCES HIGHWAY,KIAMA,South,Russell Vale M3Ed3,-34.65555105,150.8529757,4337719.4296,9652889.011
1565,START OF TAR. TREE L/S,NEWELL HIGHWAY,GILGANDRA,West,North West M3Ed3,-32.92123350833334,149.64968463333332,4532855.9302,9545725.051983334
1570,GREEN VALLEY ROAD NORTH,NEW ENGLAND HIGHWAY,TAMWORTH REGIONAL,North,New England M3Ed3,-31.541973607894736,150.62535109736842,4682878.379060526,9644810.55143158
1575,HERONS CREEK SB,PACIFIC HIGHWAY,PORT MACQUARIE - HASTINGS,North,Mid North Coast M3Ed3,-34.03849517857143,149.90377028571427,4408065.268864286,9568030.724857142
1580,SHANTY MOUNTAIN THREE LANES,NEW ENGLAND HIGHWAY,TAMWORTH REGIONAL,North,New England M3Ed3,-31.053076765789474,151.02076526842106,4735820.113410526,9684091.88345
1585,CUTTY CREEK    SB,PACIFIC HIGHWAY,PORT MACQUARIE - HASTINGS,North,Mid North Coast M3Ed3,-33.2162593625,149.602949175,4499812.5033375,9541543.2071875
1590,JONES CREEK,NEWELL HIGHWAY,GILGANDRA,West,North West M3Ed3,-32.43981523777778,150.32972936,4584183.851413334,9613814.16237111
1592,UARGON CREEK,NEWELL HIGHWAY,GILGANDRA,West,North West M3Ed3,-31.465264881818186,148.96109998181817,4696012.518754546,9486281.523854546
1595,1.51KM STH OF ALSOPS CREEK (AB2),PRINCES HIGHWAY,BEGA VALLEY,South,Bega M3Ed3,-31.95874983,150.976441365,4635695.120145,9676961.142055001
1596,UARGON CREEK,NEWELL HIGHWAY,GILGANDRA,West,North West M3Ed3,-31.4681689,148.9692913,4695676.101866666,9487053.445233332
1598,UARGON CREEK,NEWELL HIGHWAY,GILGANDRA,West,North West M3Ed3,-31.4675517,148.972794,4695738.2143,9487387.4009
1600,UNDERPASS,HUME HIGHWAY,COOTAMUNDRA-GUNDAGAI REGIONAL,South,HMO South M3Ed3,-31.846408044444445,150.64405296,4648952.485988889,9645461.604482222
1605,OVERTAKING LANE,NEWELL HIGHWAY,GILGANDRA,West,North West M3Ed3,-31.46237753636364,149.3420545030303,4695052.518739394,9522422.308418183
1610,SHEAHAN BR ON STH BND,HUME HIGHWAY,COOTAMUNDRA-GUNDAGAI REGIONAL,South,HMO South M3Ed3,-33.1735441915493,150.2834516422535,4503235.805883098,9606755.049963381
1612,HOUSTON MITCHELL DRIVE    NB,PACIFIC HIGHWAY,PORT MACQUARIE - HASTINGS,North,Mid North Coast M3Ed3,-31.5224624,152.7929444,4676177.8999,9849659.686
1615,TAP HILL NTH OT LANE,NEWELL HIGHWAY,GILGANDRA,West,North West M3Ed3,-31.450878384615386,149.0207198,4697498.697607692,9491974.841530768
1617,HOUSTON MITCHELL DRIVE    SB,PACIFIC HIGHWAY,PORT MACQUARIE - HASTINGS,North,Mid North Coast M3Ed3,-31.5233873,152.79309115,4676074.7842,9849667.91495
1620,"APP 200M SOUTH OF  WEIR STREET, KIAMA BYPASS N/B",PRINCES HIGHWAY,KIAMA,South,Russell Vale M3Ed3,-33.12106639629629,150.96729614074073,4507015.274511111,9670964.947433334
1625,RYANS ROAD    SB,PACIFIC HIGHWAY,PORT MACQUARIE - HASTINGS,North,Mid North Coast M3Ed3,-31.51259295,152.79649089999998,4677251.32285,9850056.5106
1630,LILLY CREEK NORTH,NEW ENGLAND HIGHWAY,TAMWORTH REGIONAL,North,New England M3Ed3,-31.588601829999998,151.60408648,4674066.92543,9737412.592489999
1631,"APP 200M SOUTH OF WEIR STREET, KIAMA BENDS S/B",PRINCES HIGHWAY,KIAMA,South,Russell Vale M3Ed3,-34.6996674,150.8401878,4332874.9716,9651538.567766666
1632,"END N/J TRUCK PARK AREA, KIAMA BENDS N/B",PRINCES HIGHWAY,KIAMA,South,Russell Vale M3Ed3,-34.7051244,150.83879072,4332275.08958,9651388.505239999
1635,CARLISLES GULLY,NEW ENGLAND HIGHWAY,TAMWORTH REGIONAL,North,New England M3Ed3,-31.149512940909094,151.2641127090909,4724458.310490909,9706539.749595456
1636,END DIV CWY TO END N/J,PRINCES HIGHWAY,KIAMA,South,Russell Vale M3Ed3,-34.7083601,150.8394356,4331914.4359,9651434.3284
1637,YELLOW CUTTING SB,PACIFIC HIGHWAY,PORT MACQUARIE - HASTINGS,North,Mid North Coast M3Ed3,-31.49557515,152.8063563,4679082.41315,9851096.4921
1640,THREE LANES NORTH OF CARLISLES GULLY,NEW ENGLAND HIGHWAY,TAMWORTH REGIONAL,North,New England M3Ed3,-31.584024810714286,151.19227534285713,4676438.144303571,9698505.543435713
1645,TURNING BAY    SB,PACIFIC HIGHWAY,PORT MACQUARIE - HASTINGS,North,Mid North Coast M3Ed3,-32.1348498,152.41416076000002,4610005.66708,9811298.54568
1650,RIMBANDA ROAD,NEW ENGLAND HIGHWAY,TAMWORTH REGIONAL,North,New England M3Ed3,-32.2712076037037,151.01638307037035,4599960.325077778,9680436.820118519
1651,200M NTH OF SNOWY MOUNTAINS HIGHWAY (HW4) JUNCTION,PRINCES HIGHWAY,BEGA VALLEY,South,Bega M3Ed3,-36.6378205,149.8244105,4120878.7778,9552765.7426
1652,EXIT RAMP TO SH11    NB,PACIFIC HIGHWAY,PORT MACQUARIE - HASTINGS,North,Mid North Coast M3Ed3,-31.4676898,152.8189426,4682101.5613,9852461.9095
1655,20M SOUTH OF FERN ST OVERPASS,PRINCES HIGHWAY,KIAMA,South,Russell Vale M3Ed3,-33.74386008,151.42867644999998,4436135.12665,9711281.05114
1660,WILLIE PLOMA,HUME HIGHWAY,COOTAMUNDRA-GUNDAGAI REGIONAL,South,HMO South M3Ed3,-33.97766187368421,149.9702438736842,4414550.373263158,9576568.492136842
1665,SHANNONDALE,NEW ENGLAND HIGHWAY,TAMWORTH REGIONAL,North,New England M3Ed3,-30.779106384210525,151.34152424736843,4765182.839194737,9715458.717921054
1670,600M STH OF OOAREE CREEK,PRINCES HIGHWAY,KIAMA,South,Russell Vale M3Ed3,-32.506358873913044,151.01200239130435,4574847.010265217,9677623.60453913
1675,UNDER HW11 SB,PACIFIC HIGHWAY,PORT MACQUARIE - HASTINGS,North,Mid North Coast M3Ed3,-33.752794449999996,151.42261966,4435161.63871,9710706.54483
1680,60M STH OF RAILWAY BRID,MOSS VALE-MITTAGONG,WINGECARRIBEE,South,HMO North M3Ed3,-31.986923965217393,151.10077807608695,4632000.898721739,9688261.211263044
1685,FROGS RD SB,PACIFIC HIGHWAY,PORT MACQUARIE - HASTINGS,North,Mid North Coast M3Ed3,-33.5824618375,151.57197221250001,4452918.0268375,9726943.1512
1690,600M STH OF CROOKED RIVER,PRINCES HIGHWAY,KIAMA,South,Russell Vale M3Ed3,-32.855642706666664,150.65808363333332,4536295.07228,9644778.851226667
1695,300M STH OF PROPERTY 158 ACCESS ROAD,PRINCES HIGHWAY,KIAMA,South,Russell Vale M3Ed3,-34.27513782857143,151.09091298571428,4378750.1986714285,9677178.321857143
1700,1KM NTH OF TOOLIJOOA RD,PRINCES HIGHWAY,KIAMA,South,Russell Vale M3Ed3,-33.85539528275862,149.42339250689656,4429134.012765517,9526598.47622414
1702,HASTINGS RIVER DRIVE,PORT MACQUARIE - KUNDABUNG,PORT MACQUARIE - HASTINGS,North,Mid North Coast - Old Highway M3Ed2,-31.41328155,152.8242712,4688093.92245,9853303.3079
1705,500M NTH OF TOOLIJOOA RD,PRINCES HIGHWAY,KIAMA,South,Russell Vale M3Ed3,-30.956862060869565,151.4192784,4745139.578421739,9722131.810995653
1710,STANDBYE REST AREA,NEW ENGLAND HIGHWAY,URALLA,North,New England M3Ed3,-32.65124235555555,150.58023750555557,4559585.857688889,9637888.88533889
1715,FERNBAN CR BR SB,PACIFIC HIGHWAY,PORT MACQUARIE - HASTINGS,North,Mid North Coast M3Ed3,-31.03528352608696,151.38831828695652,4736518.666217391,9719117.948673913
1717,GLENBERNIE ROAD NORTH,NEW ENGLAND HIGHWAY,URALLA,North,New England M3Ed3,-30.742833559999998,151.40120204,4768961.6661,9721335.5484
1720,TUMBLONG,HUME HIGHWAY,COOTAMUNDRA-GUNDAGAI REGIONAL,South,HMO South M3Ed3,-33.88515340869565,149.91113146521738,4424653.063734783,9571152.843195653
1721,AB2 BN6865 BR OVER ST JOHNS RD,SYDNEY-NEWCASTLE FREEWAY,CENTRAL COAST,North,Central Coast M3Ed3,-33.235528,151.4162281,4492914.0754,9711098.8499
1725,OLD WOLLUN ROAD,NEW ENGLAND HIGHWAY,URALLA,North,New England M3Ed3,-33.1515394,151.03533098636365,4503358.962840909,9677339.388154546
1729,BULLNOSE RAMP OFF (S/B) TO SPARKS RD (MR509),SYDNEY-NEWCASTLE FREEWAY,CENTRAL COAST,North,Central Coast M3Ed3,-33.2228948,151.4316127,4494251.9701,9712589.4804
1730,KENTUCKY ROAD,NEW ENGLAND HIGHWAY,URALLA,North,New England M3Ed3,-33.89106253225806,150.57376177096774,4422679.748748387,9631931.220545162
1735,CHILCOTTS SWAMP,NEW ENGLAND HIGHWAY,URALLA,North,New England M3Ed3,-32.27932,151.1849247387097,4599596.449083871,9694511.947319355
1740,JONES,HUME HIGHWAY,COOTAMUNDRA-GUNDAGAI REGIONAL,South,HMO South M3Ed3,-34.935508475,149.45592839583333,4309697.235095833,9525610.247070832
1745,2.828 KM FROM NORTH OF BROUGHTON CRK,PRINCES HIGHWAY,KIAMA,South,Russell Vale M3Ed3,-32.72643793333334,151.11084629166666,4550353.178475,9685657.98655
1747,THUNDERBOLTS ROCK,NEW ENGLAND HIGHWAY,URALLA,North,New England M3Ed3,-30.69646511428571,151.46894930000002,4773822.3600571435,9728037.039671427
1750,OLD BATCH PLANT,HUME HIGHWAY,COOTAMUNDRA-GUNDAGAI REGIONAL,South,HMO South M3Ed3,-34.21293368222222,150.11181322666667,4388106.903893334,9589035.886777777
1755,N/B BROUGHTON CRK,PRINCES HIGHWAY,KIAMA,South,Russell Vale M3Ed3,-32.307171249999996,151.18929318,4596487.283445,9694861.500264999
1756,GREEN GULLY ROAD,NEW ENGLAND HIGHWAY,URALLA,North,New England M3Ed3,-30.66854773333333,151.48435263333332,4776851.478866667,9729644.2913
1760,YELLOW CREEK,HUME HIGHWAY,COOTAMUNDRA-GUNDAGAI REGIONAL,South,HMO South M3Ed3,-35.34634153478261,149.28784493913045,4264606.221556522,9508646.413995652
1765,URALLA GOLF COURSE SOUTH,NEW ENGLAND HIGHWAY,URALLA,North,New England M3Ed3,-30.656720366666665,151.48903253333333,4778142.323766666,9730148.726033334
1770,BIG CUT,HUME HIGHWAY,COOTAMUNDRA-GUNDAGAI REGIONAL,South,HMO South M3Ed3,-34.6718753375,148.779613640625,4340150.519003125,9464546.986765625
1774,BRIDGE OVER WILSON RIVER  BN1838,PORT MACQUARIE - KUNDABUNG,PORT MACQUARIE - HASTINGS,North,Mid North Coast M3Ed3,-31.3245007,152.7977702,4698058.4504,9851334.1388
1780,360M STH OF CANDELO - CATHCART RD (MR275),PRINCES HIGHWAY,BEGA VALLEY,South,Bega M3Ed3,-35.82399950606061,149.40607905151515,4211510.172657575,9517538.940287879
1790,HILLAS CREEK,HUME HIGHWAY,COOTAMUNDRA-GUNDAGAI REGIONAL,South,HMO South M3Ed3,-35.04724434473684,148.08482025,4299921.091886842,9399477.323702632
1795,WOOD STREET  URALLA,NEW ENGLAND HIGHWAY,URALLA,North,New England M3Ed3,-30.63507516666667,151.5073213,4780464.481186667,9732003.624393335
1800,PARKLEA,HUME HIGHWAY,COOTAMUNDRA-GUNDAGAI REGIONAL,South,HMO South M3Ed3,-32.427648135135136,150.38791923513514,4584559.1919486495,9621763.020470269
1805,BARLEY FIELDS ROAD,NEW ENGLAND HIGHWAY,URALLA,North,New England M3Ed3,-30.621559575,151.52603169374999,4781884.0528,9733860.707825
1810,PARKLEA TO DELTROIT ROAD,HUME HIGHWAY,COOTAMUNDRA-GUNDAGAI REGIONAL,South,HMO South M3Ed3,-33.951369024242425,150.24361773333334,4416839.012945455,9601635.305545455
1815,LAMBING GULLY,NEW ENGLAND HIGHWAY,URALLA,North,New England M3Ed3,-30.604873175,151.542644625,4783663.2829625,9735532.6258125
1820,DELTROIT ROAD SOUTH,HUME HIGHWAY,COOTAMUNDRA-GUNDAGAI REGIONAL,South,HMO South M3Ed3,-33.5427446275,149.5805896725,4462920.720475,9543359.7081875
1825,AMBERLEY,NEW ENGLAND HIGHWAY,URALLA,North,New England M3Ed3,-30.66176798,151.68487475,4776701.49716,9748782.48232
1827,ARDING FIELD STATION CSIRO,NEW ENGLAND HIGHWAY,URALLA,North,New England M3Ed3,-30.5763909,151.56738748749999,4786714.8325875,9738041.39935
1830,970M STH OF WANATTA LANE (R),PRINCES HIGHWAY,BEGA VALLEY,South,Bega M3Ed3,-34.83686578125,149.7546904,4319815.574899999,9553952.1500625
1835,ARDING ROAD,NEW ENGLAND HIGHWAY,URALLA,North,New England M3Ed3,-30.56089665,151.5810988875,4788373.5660125,9739430.88295
1840,TARCUTTA RANGE,HUME HIGHWAY,COOTAMUNDRA-GUNDAGAI REGIONAL,South,HMO South M3Ed3,-33.475101040909095,149.9708665590909,4469594.750522727,9579356.659613637
1845,THE HATCH SB,PACIFIC HIGHWAY,PORT MACQUARIE - HASTINGS,North,Mid North Coast M3Ed3,-30.61166003478261,151.7083264695652,4782160.693195652,9751289.560321739
1850,TARCUTTA RANGE,HUME HIGHWAY,WAGGA WAGGA,South,HMO South M3Ed3,-33.12172755454545,150.2845657060606,4507925.61430909,9609923.121872727
1851,"20M NORTH TOXTETH AVE,",LAWRENCE HARGRAVE DR,WOLLONGONG,South,Russell Vale M3Ed3,-34.2997236,150.9401159,4376837.5384,9662353.685
1852,MILLS ROAD,NEW ENGLAND HIGHWAY,ARMIDALE REGIONAL,North,New England M3Ed3,-30.532596542857142,151.61610622857143,4791360.579242857,9742925.305385713
1855,HACKS FERRY SB,PACIFIC HIGHWAY,PORT MACQUARIE - HASTINGS,North,Mid North Coast M3Ed3,-30.9316756,152.21753180000002,4744309.63345,9798116.6963
1860,NORTH FROM AIRPORT ROUNDABOUT (MR76),NEW ENGLAND HIGHWAY,ARMIDALE REGIONAL,North,New England M3Ed3,-31.968533276923075,150.73213902692308,4634592.555642308,9655565.73716154
1864,WILSON RIVER BR NB,PACIFIC HIGHWAY,PORT MACQUARIE - HASTINGS,North,Mid North Coast M3Ed3,-31.3201109,152.8188646,4698432.6966,9853365.1066
1865,HACKS FERRY RD SB,PACIFIC HIGHWAY,PORT MACQUARIE - HASTINGS,North,Mid North Coast M3Ed3,-30.579174587500003,151.73182340833333,4785660.859083333,9753707.110066667
1866,BILLY BRETT BRIDGE SOUTH,NEW ENGLAND HIGHWAY,ARMIDALE REGIONAL,North,New England M3Ed3,-30.5061539,151.63638185,4794203.5319,9744999.601824999
1869,WILSON RIVER BR SB,PACIFIC HIGHWAY,PORT MACQUARIE - HASTINGS,North,Mid North Coast M3Ed3,-31.3200775,152.819024,4698435.5483,9853380.4557
1870,DELLATORY CREEK,HUME HIGHWAY,WAGGA WAGGA,South,HMO South M3Ed3,-34.612672104,148.577926592,4346742.684888,9446724.534698
1874,HAYDONS WHARF RD NB,PACIFIC HIGHWAY,PORT MACQUARIE - HASTINGS,North,Mid North Coast M3Ed2,-31.3064927,152.8218316,4699923.9807,9853731.0443
1875,DUMARESQ CREEK,NEW ENGLAND HIGHWAY,ARMIDALE REGIONAL,North,New England M3Ed3,-30.674446483333334,151.91225591111112,4774258.832416667,9770401.239955556
1879,HAYDONS WHARF RD SB,PACIFIC HIGHWAY,PORT MACQUARIE - HASTINGS,North,Mid North Coast M3Ed2,-31.3037954,152.8223393,4700219.7766,9853795.9365
1880,TARCUTTA BYPASS NTH END LONG TYNE,HUME HIGHWAY,WAGGA WAGGA,South,HMO South M3Ed3,-34.17278958333333,149.6535546,4392990.563727777,9547729.812752778
1881,SOUTH END SQUIRES CRESC,LAWRENCE HARGRAVE DR,WOLLONGONG,South,Russell Vale M3Ed2,-34.2867491,150.9482644,4378246.3181,9663157.0467
1882,NORTH END SQUIRES CRESC,LAWRENCE HARGRAVE DR,WOLLONGONG,South,Russell Vale M3Ed2,-34.2836743,150.9521945,4378573.2162,9663531.2509
1885,COOPERBUNG DR SB,PACIFIC HIGHWAY,PORT MACQUARIE - HASTINGS,North,Mid North Coast M3Ed3,-30.64906124,151.90395208,4777118.385,9769759.11524
1890,TARCUTTA CREEK,HUME HIGHWAY,WAGGA WAGGA,South,HMO South M3Ed3,-35.56221592666667,150.10446868,4238943.18816,9582491.365733333
1895,HOYS ROAD,NEW ENGLAND HIGHWAY,ARMIDALE REGIONAL,North,New England M3Ed3,-30.483226733333336,151.6790986,4796560.415216667,9749210.6512
1899,BARRYS CR SB,PACIFIC HIGHWAY,PORT MACQUARIE - HASTINGS,North,Mid North Coast M3Ed2,-31.26264215,152.8146248,4704814.78635,9853316.678399999
1900,TARCUTTA BYPASS STH END LONG TYNE,HUME HIGHWAY,WAGGA WAGGA,South,HMO South M3Ed3,-32.452742573529406,150.3525177735294,4581728.5283558825,9619122.963861765
1901,"100M NORTH OF FIRE STATION, SCARBOROUGH N/B",LAWRENCE HARGRAVE DR,WOLLONGONG,South,Russell Vale M3Ed3,-34.2671112,150.9639236,4380366.8647,9664679.2448
1905,PUDDLEDOCK ROAD,NEW ENGLAND HIGHWAY,ARMIDALE REGIONAL,North,New England M3Ed3,-30.466033684615386,151.68055074615384,4798458.702307693,9749435.359161539
1909,MINGALETTA RD SB,PACIFIC HIGHWAY,KEMPSEY,North,Mid North Coast M3Ed3,-31.233413,152.8237348,4708001.1144,9854363.1941
1910,KIWELI KENNELS,NEW ENGLAND HIGHWAY,ARMIDALE REGIONAL,North,New England M3Ed3,-33.319054726666664,150.97021710666667,4484660.6874,9672208.97628
1912,MC CANNAS ROAD,NEW ENGLAND HIGHWAY,ARMIDALE REGIONAL,North,New England M3Ed3,-30.4433045,151.67420787499998,4801003.802075,9748939.442325
1914,SMITHS CR NB,PACIFIC HIGHWAY,KEMPSEY,North,Mid North Coast M3Ed3,-31.215487533333334,152.82345263333335,4709986.339533334,9854447.061566666
1915,DUVAL CREEK,NEW ENGLAND HIGHWAY,ARMIDALE REGIONAL,North,New England M3Ed3,-30.43331655,151.67629281666666,4802101.26705,9749189.125633335
1920,GYMBEE,NEW ENGLAND HIGHWAY,ARMIDALE REGIONAL,North,New England M3Ed3,-30.52201741875,151.824985625,4791568.8420875,9762901.32034375
1925,230M NTH OF YELLOW PINCH DR (1ST OCC),PRINCES HIGHWAY,BEGA VALLEY,South,Bega M3Ed3,-33.854163443333334,150.70972127666667,4426306.9520166665,9646033.389703333
1930,COMATAWA CREEK - CONCRETE,HUME HIGHWAY,WAGGA WAGGA,South,HMO South M3Ed3,-32.31145781304348,150.32458217826087,4597224.834686956,9617240.644430434
1933,NARWAN GULLY,NEW ENGLAND HIGHWAY,ARMIDALE REGIONAL,North,New England M3Ed3,-30.407217324999998,151.693819415,4804916.954945,9751001.53238
1935,RAVENSWOOD RD SB,PACIFIC HIGHWAY,KEMPSEY,North,Mid North Coast M3Ed3,-31.1882138,152.8236939,4713003.3466,9854638.4473
1936,SUNNYSIDE ROAD,NEW ENGLAND HIGHWAY,ARMIDALE REGIONAL,North,New England M3Ed3,-30.4010010875,151.6951757,4805599.7219,9751162.73225625
1938,SUNNYSIDE TRUCK BAY,NEW ENGLAND HIGHWAY,ARMIDALE REGIONAL,North,New England M3Ed3,-30.395950214285715,151.69227828571428,4806171.759485714,9750909.654557142
1940,COMATAWA CREEK - END CONCRETE,HUME HIGHWAY,WAGGA WAGGA,South,HMO South M3Ed3,-33.7694757125,148.936961478125,4439106.31689375,9483696.522028126
1944,MIDDLE GATE RD NB,PACIFIC HIGHWAY,KEMPSEY,North,Mid North Coast M3Ed3,-31.1617549,152.8217795,4715941.6617,9854619.6668
1945,VARUNA,NEW ENGLAND HIGHWAY,ARMIDALE REGIONAL,North,New England M3Ed3,-30.499849946153844,151.85184315384615,4793893.060769231,9765567.662238462
1949,MIDDLE GATE RD SB,PACIFIC HIGHWAY,KEMPSEY,North,Mid North Coast M3Ed3,-31.154173466666666,152.82160306666665,4716781.627266667,9854649.679833332
1950,ALLOOMBA / STOCK UNDERPASS,HUME HIGHWAY,WAGGA WAGGA,South,HMO South M3Ed3,-35.325871199999995,148.61859998235295,4267888.2023117645,9447717.87517647
1954,STUMPY CR NB,PACIFIC HIGHWAY,KEMPSEY,North,Mid North Coast M3Ed3,-31.1333751,152.8244883,4719068.0479,9855052.7544
1955,TILBUSTER CUT,NEW ENGLAND HIGHWAY,ARMIDALE REGIONAL,North,New England M3Ed3,-30.36525985,151.666191825,4809683.9643,9748556.490825
1959,STUMPY CR SB,PACIFIC HIGHWAY,KEMPSEY,North,Mid North Coast M3Ed3,-31.136693933333333,152.82391373333334,4718703.8055,9854977.5595
1960,KEAJURA CREEK NO 3,HUME HIGHWAY,WAGGA WAGGA,South,HMO South M3Ed3,-32.916393528571426,150.06244501142857,4531112.492262857,9590518.851205714
1965,HEATHERBRAE,NEW ENGLAND HIGHWAY,ARMIDALE REGIONAL,North,New England M3Ed3,-30.426331440000002,151.77653081,4802389.34335,9758756.95686
1970,TILBUSTER PONDS SOUTH,NEW ENGLAND HIGHWAY,ARMIDALE REGIONAL,North,New England M3Ed3,-33.09626958846154,150.46154264999998,4509789.262623077,9627155.681353847
1971,"20M NORTH HOUSE NO 84,",LAWRENCE HARGRAVE DR,WOLLONGONG,South,Russell Vale M3Ed3,-34.2271622,150.9841515,4384720.7227,9666708.1332
1975,TILBUSTER PONDS NORTH,NEW ENGLAND HIGHWAY,ARMIDALE REGIONAL,North,New England M3Ed3,-30.37843447222222,151.72857696666668,4807925.583594445,9754431.010544444
1978,PARKES,NEW ENGLAND HIGHWAY,ARMIDALE REGIONAL,North,New England M3Ed3,-30.332123179999996,151.6668457,4813352.16102,9748783.41466
1980,KILGOWLAH CK,HUME HIGHWAY,WAGGA WAGGA,South,HMO South M3Ed3,-35.50074782105263,148.45517882894737,4248662.699276316,9432469.31543158
1981,TRUCK STOPPING BED,NEW ENGLAND HIGHWAY,ARMIDALE REGIONAL,North,New England M3Ed3,-30.327615268421052,151.67325967894737,4813823.993757895,9749422.157736843
1982,"CGE SEAL 30M STH CHELLOWDENE AVENUE, STANWELL PARK N/B",LAWRENCE HARGRAVE DR,WOLLONGONG,South,Russell Vale M3Ed3,-34.2260195,150.9860723,4384840.5397,9666889.6725
1983,THUNDERBOLTS CAVE,NEW ENGLAND HIGHWAY,ARMIDALE REGIONAL,North,New England M3Ed3,-30.322387994736843,151.68491821578945,4814352.873678948,9750568.58675263
1986,NORDEN,NEW ENGLAND HIGHWAY,ARMIDALE REGIONAL,North,New England M3Ed3,-30.3178954,151.68966285,4814830.1171,9751046.94135
1988,HILLCREST,NEW ENGLAND HIGHWAY,ARMIDALE REGIONAL,North,New England M3Ed3,-30.317083,151.6898799,4814919.1818,9751071.8461
1990,STH OF KILGOWLAH CK,HUME HIGHWAY,WAGGA WAGGA,South,HMO South M3Ed3,-33.642693768965515,149.24813873448275,4452217.908131034,9513118.452189656
1995,CRESCENT HEAD ROAD SB,PACIFIC HIGHWAY,KEMPSEY,North,Mid North Coast M3Ed3,-31.0948182,152.852821875,4723184.201850001,9857989.34945
2000,TO START CONCRETE,HUME HIGHWAY,WAGGA WAGGA,South,HMO South M3Ed3,-34.4046328275,148.828321895,4369189.5982375005,9471086.261085
2005,PINE TREES,NEW ENGLAND HIGHWAY,ARMIDALE REGIONAL,North,New England M3Ed3,-30.289371216666666,151.68962569444446,4817990.3664666675,9751185.328272222
2010,ROCKY CUT,NEW ENGLAND HIGHWAY,ARMIDALE REGIONAL,North,New England M3Ed3,-33.80889826804123,149.28979813092784,4434011.351304124,9515846.835774226
2011,"WALKER STREET, HELENSBU",LAWRENCE HARGRAVE DR,WOLLONGONG,South,Russell Vale M3Ed3,-34.2118218,150.9758876,4386448.7503,9666012.5752
2012,"CGE SEAL 380M NORTH OF WALKER STREET, HELENSBURGH N/B",LAWRENCE HARGRAVE DR,WOLLONGONG,South,Russell Vale M3Ed3,-34.2057034,150.9713867,4387142.1613,9665624.2059
2015,URANDANGIE ROAD,NEW ENGLAND HIGHWAY,ARMIDALE REGIONAL,North,New England M3Ed3,-30.53661415,151.70836066666666,4790481.911372222,9751866.482755555
2020,CHANGE OF SEAL,HARTLEY-JENOLAN CAVES-BATHURST,LITHGOW,West,Central West M3Ed3,-33.76633271746032,149.2496196888889,4438774.291046032,9512370.521444444
2023,"O/T LANE 3.6KM WEST OF SH1 PRINCES HWY, BOMADERRY",BOMADERRY-MOSS VALE,SHOALHAVEN,South,Bomaderry M3Ed3,-34.81543057647059,150.57153807058822,4320920.379182353,9626517.092876472
2025,4 POLES SB,PACIFIC HIGHWAY,KEMPSEY,North,Mid North Coast M3Ed3,-31.814499419999997,152.42295018,4645295.26406,9814356.465780001
2030,MCKANES FALLS ROAD(RHS),HARTLEY-JENOLAN CAVES-BATHURST,LITHGOW,West,Central West M3Ed3,-33.38506762142857,149.61378567571427,4480439.993875715,9546953.131632857
2035,SOUTH GUYRA,NEW ENGLAND HIGHWAY,ARMIDALE REGIONAL,North,New England M3Ed3,-30.2443578,151.6696383,4823063.5555,9749486.7167
2040,"RUN-O-WATERS CREEK (ABUT 2), SOUTH GOULBURN SBC",HUME HIGHWAY,GOULBURN MULWAREE,South,HMO North M3Ed3,-34.858822485185186,148.72131644814814,4319632.596971605,9458440.114301234
2046,O'DONNELL AVENUE GUYRA,NEW ENGLAND HIGHWAY,ARMIDALE REGIONAL,North,New England M3Ed3,-30.21275775,151.67385430000002,4826546.4776,9750049.01325
2047,20M EAST OF CAMBEWARRA LOOKOUT ROAD,BOMADERRY-MOSS VALE,SHOALHAVEN,South,Bomaderry M3Ed3,-34.7871409,150.5585437,4324095.6314,9625436.40825
2050,CHANGE OF SEAL,HARTLEY-JENOLAN CAVES-BATHURST,LITHGOW,West,Central West M3Ed3,-34.67826841,149.25410583000001,4338670.80834,9507392.499206001
2051,FALCONER ROAD GUYRA,NEW ENGLAND HIGHWAY,ARMIDALE REGIONAL,North,New England M3Ed3,-30.2039311125,151.67550075,4827517.32895,9750251.2442625
2055,GUYRA MEATWORKS,NEW ENGLAND HIGHWAY,ARMIDALE REGIONAL,North,New England M3Ed3,-30.474373522222223,152.0801726,4795610.9445555555,9787486.805155555
2060,LOWTHER SIGN RHS,HARTLEY-JENOLAN CAVES-BATHURST,LITHGOW,West,Central West M3Ed3,-34.68005555050505,148.93077372929292,4338846.909046465,9478357.359586868
2062,FOUR R JAY,NEW ENGLAND HIGHWAY,ARMIDALE REGIONAL,North,New England M3Ed3,-30.178978866666668,151.6828193,4830250.365866667,9751079.564533332
2064,FREDERICKTON INTERCHANG NB,PACIFIC HIGHWAY,KEMPSEY,North,Mid North Coast M3Ed3,-31.0302369,152.8839604,4730164.6719,9861357.849
2065,MILPARINKA,NEW ENGLAND HIGHWAY,ARMIDALE REGIONAL,North,New England M3Ed3,-30.171056420000003,151.68562988,4831116.01166,9751389.51106
2070,START CHAIN WIRE FENCE,HARTLEY-JENOLAN CAVES-BATHURST,LITHGOW,West,Central West M3Ed3,-34.599304911627904,149.14092596511628,4347319.918660466,9497993.774355814
2072,CRYSTALBROOK ROAD NORTH,NEW ENGLAND HIGHWAY,ARMIDALE REGIONAL,North,New England M3Ed3,-30.15110608333333,151.68311595,4833337.33765,9751246.658333333
2075,ELM GROVE,NEW ENGLAND HIGHWAY,ARMIDALE REGIONAL,North,New England M3Ed3,-30.26426307142857,151.85448037857142,4819977.420828572,9767022.929757144
2079,SHEPPARD RD SB,PACIFIC HIGHWAY,KEMPSEY,North,Mid North Coast M3Ed3,-31.0174394,152.872999,4731639.8599,9860392.8942
2080,"BLACK WATTLES, 5.7KM WEST OF CAMBEWARRA LOOKOUT ROAD",BOMADERRY-MOSS VALE,SHOALHAVEN,South,Bomaderry M3Ed3,-34.70426765384616,148.876560074359,4336310.347769231,9473382.578471795
2082,EAST ABUT LODDON RIVER,BULLI HEIGHTS-GLENFIELD,WOLLONGONG,South,Russell Vale M3Ed2,-34.2872947,150.9003035,4378351.6037,9658745.4675
2083,730M WEST OF LODDON RIVER BRIDGE W/B,BULLI HEIGHTS-GLENFIELD,WOLLONGONG,South,Russell Vale M3Ed3,-35.03729382857143,150.60216248571427,4296059.403671429,9629052.966614287
2085,LLANGOTHLIN ROAD,NEW ENGLAND HIGHWAY,ARMIDALE REGIONAL,North,New England M3Ed3,-30.123630625,151.687199725,4836363.9775249995,9751776.5759
2088,1.68KM WEST OF LODDON RIVER BRIDGE,BULLI HEIGHTS-GLENFIELD,WOLLONGONG,South,Russell Vale M3Ed3,-34.26812774444445,150.89384043333334,4380496.763344444,9658230.4446
2090,LITTLE BILLABONG CK,HUME HIGHWAY,GREATER HUME,South,HMO South M3Ed3,-33.524959930769235,150.0333189076923,4464213.617807692,9584394.92991923
2094,2.863KM WEST OF LODDON RIVER BRIDGE W/B,BULLI HEIGHTS-GLENFIELD,WOLLONGONG,South,Russell Vale M3Ed3,-34.2635749,150.8843777125,4381033.4568374995,9657379.04585
2095,"150M EAST OF NUGENTS CREEK ROAD, KANGAROO VALLEY",BOMADERRY-MOSS VALE,SHOALHAVEN,South,Bomaderry M3Ed3,-32.54022931428571,151.09873465714287,4570914.288466667,9685998.928757142
2099,COLLOMBATTI CK SB,PACIFIC HIGHWAY,KEMPSEY,North,Mid North Coast M3Ed3,-30.97533866666667,152.85926163333332,4736372.9893333325,9859345.093533333
2100,"BARKERS BRIDGE (ABUT 1), YARRA SBC",HUME HIGHWAY,GOULBURN MULWAREE,South,HMO North M3Ed3,-32.68052747647059,150.3542602254902,4556701.924905882,9618079.403813725
2104,SLEEPY HOLLOW NB,PACIFIC HIGHWAY,KEMPSEY,North,Mid North Coast M3Ed3,-30.962989500000003,152.85756560000002,4737748.841466666,9859260.069666667
2105,ABERFOYLE RIVER,NEW ENGLAND HIGHWAY,ARMIDALE REGIONAL,North,New England M3Ed3,-30.293579507692307,151.50964703076923,4818029.131915385,9734362.070207693
2107,"WOLLONDILLY BOUNDARY, 3.8KM WEST OF LODDON RIVER BRIDGE W/B",BULLI HEIGHTS-GLENFIELD,WOLLONDILLY,South,Russell Vale M3Ed3,-34.25654547647059,150.87131479411764,4381856.658294118,9656206.603470588
2109,SLEEPY HOLLOW SB,PACIFIC HIGHWAY,KEMPSEY,North,Mid North Coast M3Ed2,-30.963682,152.857887,4737670.4762,9859286.4245
2110,YOWAKA RIVER BRIDGE (AB1),PRINCES HIGHWAY,BEGA VALLEY,South,Bega M3Ed3,-33.1456316,149.86822675365855,4505957.100895122,9572341.875182927
2114,CLYBUCCA CK NB,PACIFIC HIGHWAY,KEMPSEY,North,Mid North Coast M3Ed2,-30.9401092,152.8670918,4740230.1398,9860311.0198
2115,TUBBAMURRA ROAD NORTH,NEW ENGLAND HIGHWAY,ARMIDALE REGIONAL,North,New England M3Ed3,-30.42004429,151.55856624,4803658.21365,9738487.501430001
2120,FREEMANS DRIVE BRIDGE,SYDNEY-NEWCASTLE FREEWAY,LAKE MACQUARIE,North,Central Coast M3Ed3,-33.56188095,150.0428667475,4460192.91513,9585073.3032825
2121,"THIESS JOB, 5.7KM WEST OF LODDON RIVER BRIDGE W/B",BULLI HEIGHTS-GLENFIELD,WOLLONDILLY,South,Russell Vale M3Ed3,-34.248642775,150.85248443333333,4382796.039758333,9654507.086441668
2124,BEN LOMOND RANGE 1410M,NEW ENGLAND HIGHWAY,ARMIDALE REGIONAL,North,New England M3Ed3,-30.07815415862069,151.71954883448274,4841262.476841379,9755120.232172413
2125,WHALEN SB,PACIFIC HIGHWAY,KEMPSEY,North,Mid North Coast M3Ed3,-30.359452188235295,151.7551596470588,4809621.151094117,9757364.099358823
2129,TBA SB,PACIFIC HIGHWAY,KEMPSEY,North,Mid North Coast M3Ed3,-30.9245778,152.88009035,4741879.32775,9861647.9407
2130,LITTLE BILLABONG RD,HUME HIGHWAY,GREATER HUME,South,HMO South M3Ed3,-34.687288168831174,149.12270497402596,4337630.797672727,9496304.364551948
2131,"END E/B 3 LANES, 7.3KM WEST OF LODDON RIVER BRIDGE W/B",BULLI HEIGHTS-GLENFIELD,WOLLONDILLY,South,Russell Vale M3Ed3,-34.244251133333336,150.84376966666665,4383312.023,9653723.428
2134,JOHNSONS CK NB,PACIFIC HIGHWAY,KEMPSEY,North,Mid North Coast M3Ed3,-30.917110700000002,152.8960159,4742620.03165,9863214.17795
2135,STOKE FARM ROAD,NEW ENGLAND HIGHWAY,ARMIDALE REGIONAL,North,New England M3Ed3,-30.466873670588235,151.21014145882353,4799723.423458823,9705316.072235296
2139,JOHNSONS CK SB,PACIFIC HIGHWAY,KEMPSEY,North,Mid North Coast M3Ed2,-30.9168429,152.89751255,4742641.5979,9863358.66985
2140,TRUCK PARKING AREA SOUTH OF MR284,HUME HIGHWAY,GREATER HUME,South,HMO South M3Ed3,-33.37940176888889,150.05205740444444,4480215.076426666,9586918.362982223
2141,"END THEISS JOB, 8.0KM WEST OF LODDON RIVER BRIDGE W/B",BULLI HEIGHTS-GLENFIELD,WOLLONDILLY,South,Russell Vale M3Ed3,-34.24015135,150.8364301375,4383790.955475,9653064.995524999
2142,STREETERS ROAD SOUTH,NEW ENGLAND HIGHWAY,ARMIDALE REGIONAL,North,New England M3Ed3,-30.036545715,151.722747245,4845858.986415001,9755637.03307
2145,THE POPLARS,MITCHELL HIGHWAY,DUBBO REGIONAL,West,Western Plains M3Ed3,-30.557525361290324,151.06285363225808,4790105.776374194,9691004.331370967
2150,"CROOKFORD LANE, 2KM WEST OF HAMPDEN BRIDGE",BOMADERRY-MOSS VALE,SHOALHAVEN,South,Bomaderry M3Ed3,-33.25105230769231,150.14972882564103,4494254.665155128,9596386.448864102
2154,HILLS LANE NB,PACIFIC HIGHWAY,KEMPSEY,North,Mid North Coast M3Ed2,-30.8909655,152.9317281,4745320.5744,9866786.3949
2155,LOGANVILLE,NEW ENGLAND HIGHWAY,ARMIDALE REGIONAL,North,New England M3Ed3,-30.112858760869564,151.58984132173913,4837804.997139131,9742749.003243478
2160,BILLABONG CREEK,HUME HIGHWAY,GREATER HUME,South,HMO South M3Ed3,-33.48382936226415,149.75726863207547,4468980.222601887,9560131.444566038
2162,RANGOON,NEW ENGLAND HIGHWAY,ARMIDALE REGIONAL,North,New England M3Ed3,-29.996248955,151.722359885,4850325.932165,9755801.678624999
2164,NIRVANA WAY NB,PACIFIC HIGHWAY,KEMPSEY,North,Mid North Coast M3Ed3,-30.8792006,152.93294545,4746616.0821,9866976.621
2165,UNIVERSITY PIT,NEW ENGLAND HIGHWAY,GLEN INNES SEVERN,North,New England M3Ed3,-30.2378707,151.58027837692308,4823800.576592308,9741351.39606923
2167,EULOMOGO O/T LANES,MITCHELL HIGHWAY,DUBBO REGIONAL,West,Western Plains M3Ed3 22-23,-32.300764,148.7087643,4603862.2155,9460800.5949
2170,REST AREA LHS,HARTLEY-JENOLAN CAVES-BATHURST,OBERON,West,Central West M3Ed3,-33.8768641953125,149.3783951265625,4426426.57895,9523428.285015626
2173,"START OVERTAKING LANE,",BOMADERRY-MOSS VALE,SHOALHAVEN,South,Bomaderry M3Ed2,-34.680329650000004,150.5195731,4336051.51815,9622272.722649999
2175,BEN LOMOND HILL,NEW ENGLAND HIGHWAY,GLEN INNES SEVERN,North,New England M3Ed3,-30.129682615,151.5964151,4835935.774868334,9743324.905396666
2180,ABERFELDY/ROSSMORE',HUME HIGHWAY,GREATER HUME,South,HMO South M3Ed3,-33.114353516129036,150.26430161774192,4509054.36053871,9607557.479519356
2185,CRAIGIEBURN,NEW ENGLAND HIGHWAY,GLEN INNES SEVERN,North,New England M3Ed3,-31.019072056603775,151.5172368698113,4737829.647983019,9731878.932420755
2187,ABUT 1 KINGS FALLS BRIDGE NEAR APPIN COLLIERY W/B,BULLI HEIGHTS-GLENFIELD,WOLLONDILLY,South,Russell Vale M3Ed3,-34.20844245,150.79506713,4387442.1998000005,9649387.71724
2190,OLD BEN LOMOND ROAD,NEW ENGLAND HIGHWAY,GLEN INNES SEVERN,North,New England M3Ed3,-31.179198522857146,151.13751924285714,4720850.200385715,9697101.45126
2193,"MR 610 WILTON ROAD JUNCTION, APPIN N/B",BULLI HEIGHTS-GLENFIELD,WOLLONDILLY,South,Russell Vale M3Ed3,-34.1984214,150.7883605,4388574.5729,9648810.8228
2195,MAROWAN CREEK,NEW ENGLAND HIGHWAY,GLEN INNES SEVERN,North,New England M3Ed3,-30.274013028,151.648886752,4819853.02686,9747655.173312
2200,FINLAY STREET GLENCOE,NEW ENGLAND HIGHWAY,GLEN INNES SEVERN,North,New England M3Ed3,-34.85031359824561,148.28579742105262,4320658.171245614,9420469.915847369
2202,"100M NORTH OF RIXON ROAD ROUNDABOUT, APPIN N/B",BULLI HEIGHTS-GLENFIELD,WOLLONDILLY,South,Russell Vale M3Ed3,-34.189735,150.7906821,4389528.9459,9649059.4165
2204,"1.2KM NORTH OF RIXON ROAD ROUNDABOUT, APPIN N/B",BULLI HEIGHTS-GLENFIELD,WOLLONDILLY,South,Russell Vale M3Ed3,-34.1764598,150.7905762,4390999.6868,9649103.0469
2205,MUNSIES ROAD GLENCOE,NEW ENGLAND HIGHWAY,GLEN INNES SEVERN,North,New England M3Ed3,-29.91743905,151.72738395,4859037.280300001,9756681.75265
2206,"INGHAMS ENTRANCE, 1.8KM NORTH OF RIXON ROAD ROUNDABOUT, APPIN N/B",BULLI HEIGHTS-GLENFIELD,WOLLONDILLY,South,Russell Vale M3Ed3,-34.172375966666664,150.7898211,4391454.541533333,9649049.950666666
2210,BRUSHBOX ROAD NB,PACIFIC HIGHWAY,COFFS HARBOUR,North,Mid North Coast M3Ed3,-34.36127777017544,148.7020336754386,4373649.254740351,9461036.943612281
2214,PALMER-RAWSON ST,MITCHELL HIGHWAY,DUBBO REGIONAL,West,Western Plains M3Ed3 22-23,-32.2545994,148.6174299,4609113.6046,9452285.6473
2215,BRUSHBOX RD SB,PACIFIC HIGHWAY,NAMBUCCA,North,Mid North Coast M3Ed3,-30.84143415,152.9032305,4750956.988525,9864376.436025001
2220,RANKIN'S LANE TURN OFF,HUME HIGHWAY,GREATER HUME,South,HMO South M3Ed3,-34.82473466179775,148.14426518539327,4323708.3190730335,9407704.515110113
2222,SILVERSPUR,NEW ENGLAND HIGHWAY,GLEN INNES SEVERN,North,New England M3Ed3,-29.885903471428573,151.7335961714286,4862504.857457143,9757439.92952857
2225,SHARRON PARK,NEW ENGLAND HIGHWAY,GLEN INNES SEVERN,North,New England M3Ed3,-29.87585272,151.73456356000003,4863614.458079999,9757583.869940002
2230,RAILWAY NB,PACIFIC HIGHWAY,NAMBUCCA,North,Mid North Coast M3Ed3,-34.26487202352941,148.66440638529411,4384131.312732353,9458305.21465
2235,BEARDY WATERS,NEW ENGLAND HIGHWAY,GLEN INNES SEVERN,North,New England M3Ed3,-29.84912368333333,151.73801001666666,4866561.544016667,9758051.1733
2240,HOLBROOK BYPASS,HUME HIGHWAY,GREATER HUME,South,HMO South M3Ed3,-35.185656107142854,147.78530657321429,4284184.810785714,9373914.8172
2242,EUNGAI CREEK    NB,PACIFIC HIGHWAY,NAMBUCCA,North,Mid North Coast M3Ed2,-30.830397200000004,152.89265923333335,4752235.653833333,9863435.827033333
2245,APPLEFORD,NEW ENGLAND HIGHWAY,GLEN INNES SEVERN,North,New England M3Ed3,-30.332512766666667,152.3179456,4810188.025116666,9811026.806116667
2247,EUNGAI CREEK    SB,PACIFIC HIGHWAY,NAMBUCCA,North,Mid North Coast M3Ed2,-30.8309289,152.89417766666668,4752168.6137666665,9863577.5382
2250,HOLBROOK SOUTHERN INTERCHANGE,HUME HIGHWAY,GREATER HUME,South,HMO South M3Ed3,-34.649140515625,148.175247490625,4343015.603840625,9411274.6354875
2251,60M STH OF NETHERCOTE RD (R),PRINCES HIGHWAY,BEGA VALLEY,South,Bega M3Ed3,-37.0675513,149.88844946666666,4073001.4440333336,9557175.522566667
2255,SANDY CK,MITCHELL HIGHWAY,DUBBO REGIONAL,West,Western Plains M3Ed3,-30.495549141176472,151.12661055882353,4796436.4117117645,9697433.1087
2260,PANDORA ROAD,NEW ENGLAND HIGHWAY,GLEN INNES SEVERN,North,New England M3Ed3,-31.178245833333335,151.1797321,4720956.80306,9700353.43868
2265,TUTTS GULLY,NEW ENGLAND HIGHWAY,GLEN INNES SEVERN,North,New England M3Ed3,-29.957258983333332,151.92204573333333,4853688.058083334,9775088.729308333
2270,"END 7MM SEAL OVER CONCRETE , 330M NORTH OF BREADALBANE TURNOFF N/B",HUME HIGHWAY,GOULBURN MULWAREE,South,HMO North M3Ed3,-32.91586642222222,150.48768167777777,4530993.069833334,9628328.254922222
2272,INGALBA RANGE FOREST ROAD    NB,PACIFIC HIGHWAY,NAMBUCCA,North,Mid North Coast M3Ed3,-30.7949146,152.8729252,4756269.3395,9861771.9537
2275,ALLGOMERA ROAD    SB,PACIFIC HIGHWAY,NAMBUCCA,North,Mid North Coast M3Ed3,-30.92229143333333,151.0171735,4748939.7802,9685293.4345
2277,INGALBA RANGE FOREST ROAD    SB,PACIFIC HIGHWAY,NAMBUCCA,North,Mid North Coast M3Ed3,-30.79659445,152.87179700000002,4756089.46775,9861653.68905
2280,SOUTH OF HOLBROOK - BOWLERS RD,HUME HIGHWAY,GREATER HUME,South,HMO South M3Ed3,-35.354850463414635,147.91277174390245,4265480.525682927,9384419.373429269
2281,"950M STH OF EDEN - WYNDHAM RD (MR276), END O/T LANE N/B",PRINCES HIGHWAY,BEGA VALLEY,South,Bega M3Ed3,-37.08981205,149.86866475,4070577.2353999997,9555346.5012
2285,MACKENZIE STREET GLEN INNES,NEW ENGLAND HIGHWAY,GLEN INNES SEVERN,North,New England M3Ed3,-29.959148291666665,151.45665444166667,4855166.881191666,9731000.612183334
2289,BROWNS CROSSING RD SB,PACIFIC HIGHWAY,NAMBUCCA,North,Mid North Coast M3Ed2,-30.7892786,152.8802759,4756853.6164,9862509.4909
2290,TERIPTA,HUME HIGHWAY,GREATER HUME,South,HMO South M3Ed3,-34.93360292352941,149.15742568235294,4310528.230158824,9497656.297529412
2295,LANG STREET GLEN INNES    NB,NEW ENGLAND HIGHWAY,GLEN INNES SEVERN,North,New England M3Ed3,-29.7373225,151.7381026,4878952.0118,9758622.5053
2300,BOYDTOWN CREEK (CULVERT),PRINCES HIGHWAY,BEGA VALLEY,South,Bega M3Ed3,-34.92673412,149.99288313,4309879.22963,9574364.29927
2304,ROSEWOOD RD NB,PACIFIC HIGHWAY,NAMBUCCA,North,Mid North Coast M3Ed3,-30.7550449,152.907482,4760495.9897,9865323.7751
2305,TAYLOR STREET GLEN INNES,NEW ENGLAND HIGHWAY,GLEN INNES SEVERN,North,New England M3Ed3,-30.856881020000003,151.76148482000002,4753394.100339999,9756225.934659999
2307,HERBERT STREET GLEN INNES,NEW ENGLAND HIGHWAY,GLEN INNES SEVERN,North,New England M3Ed3,-29.7282217,151.7402029,4879951.4797,9758871.4652
2309,ROSEWOOD RD SB,PACIFIC HIGHWAY,NAMBUCCA,North,Mid North Coast M3Ed2,-30.7655767,152.9040268,4759348.9441,9864927.5236
2310,RUSDEN STREET,NEW ENGLAND HIGHWAY,GLEN INNES SEVERN,North,New England M3Ed3,-32.2475193,151.09176720714285,4602316.241135715,9688505.494299999
2320,400M SOUTH OF BREADALBANE TURNOFF SBC,HUME HIGHWAY,GOULBURN MULWAREE,South,HMO North M3Ed3,-34.276370788,149.056565464,4383103.681427999,9491777.094056
2321,90M NTH OF BEN BOYD FORESTRY RD (R),PRINCES HIGHWAY,BEGA VALLEY,South,Bega M3Ed3,-37.136364,149.86558474999998,4065413.470025,9554930.522425
2325,GOLF LINKS ROAD,NEW ENGLAND HIGHWAY,GLEN INNES SEVERN,North,New England M3Ed3,-29.98412392222222,151.36143607777777,4852633.638855556,9721948.709922222
2330,SANDY CREEK STH BND,HUME HIGHWAY,GREATER HUME,South,HMO South M3Ed3,-35.593798048000004,147.73268179733333,4239347.953438667,9367175.403382666
2335,BALD HILL RD INTERCHANGE SB,PACIFIC HIGHWAY,NAMBUCCA,North,Mid North Coast M3Ed2,-30.7414722,152.9200381,4761930.2942,9866609.2888
2339,"CONC NOSE WITH W/B RAMP  LOOP, 4.2KM SOUTH OF BELLAMBI CREEK S/B",THE LINK RD-BULLI HEIGHTS,WOLLONGONG,South,Russell Vale M3Ed3,-34.3707594,150.8596999,4369245.1978,9654670.7685
2340,MOUNTAIN CREEEK STH BND,HUME HIGHWAY,GREATER HUME,South,HMO South M3Ed3,-35.36577135083799,147.7607164905028,4264304.954639106,9371088.249344692
2345,TANDERRA PARK,NEW ENGLAND HIGHWAY,GLEN INNES SEVERN,North,New England M3Ed3,-29.675799263636364,151.7698804909091,4885631.056863637,9762007.876863636
2350,BLUE METAL HILL,HUME HIGHWAY,GREATER HUME,South,HMO South M3Ed3,-35.141073737837836,147.84917203063063,4288871.917312613,9380358.412768468
2355,YARRAFORD BR OV BEARDY WATERS,NEW ENGLAND HIGHWAY,GLEN INNES SEVERN,North,New England M3Ed3,-29.7184807,151.84487891666666,4880540.046255555,9768978.516922222
2360,WYOLA,HUME HIGHWAY,GREATER HUME,South,HMO South M3Ed3,-34.982378070303035,147.91365666484847,4306365.403587272,9386722.067568485
2362,YARRAFORD ROAD,NEW ENGLAND HIGHWAY,GLEN INNES SEVERN,North,New England M3Ed3,-29.6503073875,151.8013227125,4888317.0445,9765181.1654625
2365,HAPPY VALLEY TSR,NEW ENGLAND HIGHWAY,GLEN INNES SEVERN,North,New England M3Ed3,-30.071383299999997,151.20736841666667,4843277.0314,9707121.322166666
2370,"CHGE SEAL 300M NTH CATARACT CREEK, 1.3KM SOUTH OF BELLAMBI CREEK S/B",THE LINK RD-BULLI HEIGHTS,WOLLONGONG,South,Russell Vale M3Ed3,-34.75660146944445,148.36110174444445,4330646.882911111,9428012.652355555
2375,TEN MILE HILL SOUTH,NEW ENGLAND HIGHWAY,GLEN INNES SEVERN,North,New England M3Ed3,-29.939562788235293,151.39194457058824,4857352.419441177,9725193.683188235
2380,TEN MILE HILL AUXILLARY LANES,NEW ENGLAND HIGHWAY,GLEN INNES SEVERN,North,New England M3Ed3,-31.831577191379314,150.31202431206896,4650227.803789655,9618757.396753449
2385,TEN MILE HILL NORTH,NEW ENGLAND HIGHWAY,GLEN INNES SEVERN,North,New England M3Ed3,-30.07744567857143,151.17860601071428,4842603.8996749995,9704410.441810714
2390,MULLENGANDRA,HUME HIGHWAY,GREATER HUME,South,HMO South M3Ed3,-33.670826713207546,148.92516132264151,4449696.1162075475,9483356.843756603
2395,ROSELLA DR SB,PACIFIC HIGHWAY,COFFS HARBOUR,North,Mid North Coast M3Ed3,-29.88716915,152.12997335,4860475.952649999,9795473.66245
2400,NEWTONS RD,HUME HIGHWAY,GREATER HUME,South,HMO South M3Ed3,-33.52797529493671,149.11277264177215,4464879.7113518985,9502093.255605064
2405,JACKS RIDGE RD SB,PACIFIC HIGHWAY,COFFS HARBOUR,North,Mid North Coast M3Ed3,-30.267133326086956,150.05226840869565,4820607.756082608,9596650.53897826
2410,WYNDHAM HILL,HUME HIGHWAY,GREATER HUME,South,HMO South M3Ed3,-34.84384291578947,148.04517784210526,4321210.297407894,9399695.264772369
2412,BALD NOB ROAD SOUTH,NEW ENGLAND HIGHWAY,GLEN INNES SEVERN,North,New England M3Ed3,-29.586349424999998,151.87077553333333,4895094.6792,9772236.099733332
2414,BALD NOB ROAD,NEW ENGLAND HIGHWAY,GLEN INNES SEVERN,North,New England M3Ed3,-29.5782292,151.8696666,4895999.773066667,9772170.651566667
2415,PLANTATION TRAIL SB,PACIFIC HIGHWAY,NAMBUCCA,North,Mid North Coast M3Ed3,-31.065171775,150.18929335,4735103.446075,9606283.266325
2420,YELLOW CK,HUME HIGHWAY,GREATER HUME,South,HMO South M3Ed3,-35.25720116222222,147.89692978666667,4275880.269973333,9384450.392982222
2421,ABUT 1 BELLAMBI CREEK BRIDGE N/B,THE LINK RD-BULLI HEIGHTS,WOLLONGONG,South,Russell Vale M3Ed3,-34.33471385,150.87897923333333,4373172.24715,9656589.865416666
2425,RANGERS VALLEY ROAD DUNDEE,NEW ENGLAND HIGHWAY,GLEN INNES SEVERN,North,New England M3Ed3,-29.905773392857146,151.30078037142857,4861235.804457143,9716764.173914285
2430,TABLE TOP CREEK,HUME HIGHWAY,GREATER HUME,South,HMO South M3Ed3,-33.67607341,149.144004976,4448213.211374,9504857.087112
2431,CHANGE SEAL 2.3KM SOUTH,THE LINK RD-BULLI HEIGHTS,WOLLONGONG,South,Russell Vale M3Ed2,-34.3308017,150.878890975,4373605.882825,9656597.855
2435,START UNIVERSITY FARM,MITCHELL HIGHWAY,NARROMINE,West,Western Plains M3Ed3,-30.114877887096775,150.9975234580645,4838763.690006452,9687066.33744516
2440,UNIVERSITY FARM NB AUXILLARY LANE,NEW ENGLAND HIGHWAY,GLEN INNES SEVERN,North,New England M3Ed3,-34.38707320393701,148.33198207559053,4371174.362107086,9427305.57149055
2442,CURR,NEW ENGLAND HIGHWAY,GLEN INNES SEVERN,North,New England M3Ed3,-29.512910957142857,151.85831722142856,4903291.464721428,9771407.971207142
2445,WOODLANDS,NEW ENGLAND HIGHWAY,GLEN INNES SEVERN,North,New England M3Ed3,-29.5036184,151.86117754,4904308.65798,9771733.279286666
2450,NICS CONCRETE,HUME HIGHWAY,ALBURY,South,HMO South M3Ed3,-34.460541553846156,148.63800451025642,4362828.325123077,9454989.99016923
2455,NEAR GLEN LYON,BARRIER HIGHWAY,UNINCORPORATED NSW,West,Far West State M3Ed3,-30.0454272,149.5194721,4844721.7499,9547208.583125
2460,"100M NORTH OF LERIDA RD NORTH, 10KM SOUTH OF BREADALBANE TURNOFF SBC",HUME HIGHWAY,UPPER LACHLAN,South,HMO North M3Ed3,-33.1072920275,149.6939881075,4510442.3776875,9557390.892437499
2461,CHANGE SEAL 1.9KM NORTH,THE LINK RD-BULLI HEIGHTS,WOLLONGONG,South,Russell Vale M3Ed3,-34.3220656,150.88415365,4374555.56435,9657117.4456
2465,RAILWAY PIT,NEW ENGLAND HIGHWAY,GLEN INNES SEVERN,North,New England M3Ed3,-29.534116576470588,151.91632598235293,4900651.193764706,9776844.629358822
2470,TABLE TOP DUALS SOUTH BOUND,HUME HIGHWAY,ALBURY,South,HMO South M3Ed3,-34.90596678604651,148.49139062790698,4313624.889041861,9440095.647811627
2475,BEZZANTS ROAD,NEW ENGLAND HIGHWAY,GLEN INNES SEVERN,North,New England M3Ed3,-29.83407332222222,150.9210653111111,4867279.816322222,9681135.640522221
2480,START CONC HUME FREEWAY,HUME HIGHWAY,ALBURY,South,HMO South M3Ed3,-35.4503783203125,148.0138813796875,4254166.231828125,9394375.65158125
2484,EAST WEST ROAD NB,PACIFIC HIGHWAY,COFFS HARBOUR,North,Mid North Coast M3Ed2,-30.5888099,152.9980085,4778402.527,9875035.0034
2485,DEEPWATER,NEW ENGLAND HIGHWAY,GLEN INNES SEVERN,North,New England M3Ed3,-29.442782649999998,151.84599555,4911121.1899999995,9770574.1394
2489,EAST WEST ROAD SB,PACIFIC HIGHWAY,BELLINGEN,North,Mid North Coast M3Ed2,-30.5815223,153.003209,4779180.578,9875579.4401
2490,BRIDGE OVER SEVEN MILE CK,HUME HIGHWAY,ALBURY,South,HMO South M3Ed3,-35.87459485294118,147.44046740588234,4208358.412982352,9340363.205183823
2491,TORRINGTON ROAD,NEW ENGLAND HIGHWAY,GLEN INNES SEVERN,North,New England M3Ed3,-29.43400695,151.85224426666667,4912065.90355,9771225.710683333
2492,TEN MILE ROAD,NEW ENGLAND HIGHWAY,GLEN INNES SEVERN,North,New England M3Ed3,-29.431650349999998,151.85442975,4912317.2985,9771449.950150002
2494,SEVERN-TENTERFIELD LGA BDY,NEW ENGLAND HIGHWAY,TENTERFIELD,North,New England M3Ed3,-29.423811225,151.8594790875,4913163.554175,9771980.4378625
2495,EAST FIELD,NEW ENGLAND HIGHWAY,TENTERFIELD,North,New England M3Ed3,-29.800029566666666,152.2448198,4869556.7856,9806965.304466667
2500,CHANGE SEAL AC - THURGOONA DR,HUME HIGHWAY,ALBURY,South,HMO South M3Ed3,-34.031491416363636,148.43877430727272,4409643.4037745455,9439368.35895091
2505,PEBERDYS CREEK,NEW ENGLAND HIGHWAY,TENTERFIELD,North,New England M3Ed3,-29.571620792857143,151.59608132142856,4897428.402221428,9746398.155607143
2510,"FRANKFIELD CREEK ABUT 1, 6.2KM NORTH OF RAMP ON FROM GUNNING N/B",HUME HIGHWAY,UPPER LACHLAN,South,HMO North M3Ed3,-34.41423468292683,148.84927250487803,4367494.423939024,9474709.835497562
2515,FOUR MILE CREEK,NEW ENGLAND HIGHWAY,TENTERFIELD,North,New England M3Ed3,-29.454978306666664,151.57068318333333,4909580.760503334,9744573.49382
2518,YARRAMUNDI,NEW ENGLAND HIGHWAY,TENTERFIELD,North,New England M3Ed3,-29.366637816216215,151.89790376216214,4919327.688516216,9776007.129016215
2520,NEAR BROUGHTON VALE,BARRIER HIGHWAY,UNINCORPORATED NSW,West,Far West State M3Ed3,-34.83342634375,147.712665225,4321405.22041875,9362695.07790625
2522,TREE RIDGE,NEW ENGLAND HIGHWAY,TENTERFIELD,North,New England M3Ed3,-29.3584782,151.8980788625,4920231.521753572,9776066.577069642
2525,,MITCHELL HIGHWAY,WARREN,West,Western Plains M3Ed3,-31.87541995,147.7768256,4652035.14005,9373455.235599998
2526,CASTLERAG ROAD,NEW ENGLAND HIGHWAY,TENTERFIELD,North,New England M3Ed3,-29.348930556666666,151.89486115444444,4921304.706896666,9775803.694754444
2530,CASTLERAG NORTH,NEW ENGLAND HIGHWAY,TENTERFIELD,North,New England M3Ed3,-30.45287611904762,151.04840933174603,4800965.960585714,9693140.235230159
2535,LITTLE BOLIVIA HILL NB AUXILLARY LANE,NEW ENGLAND HIGHWAY,TENTERFIELD,North,New England M3Ed3,-29.347980964044943,151.9102861764045,4921335.024486517,9777291.227002246
2540,LITTLE BOLIVIA HILL SB AUXILLARY LANE,NEW ENGLAND HIGHWAY,TENTERFIELD,North,New England M3Ed3,-29.808980026415096,151.73986338773585,4870842.0832094345,9759427.93255849
2545,BOLIVIA HILL 1025M,NEW ENGLAND HIGHWAY,TENTERFIELD,North,New England M3Ed3,-29.321624752083334,151.91925702916666,4924220.6748375,9778316.011160417
2547,BOLIVIA HILL REST AREA,NEW ENGLAND HIGHWAY,TENTERFIELD,North,New England M3Ed3,-29.315018666666667,151.92946224444444,4924906.317855556,9779342.147222223
2550,PYES CREEK ROAD,NEW ENGLAND HIGHWAY,TENTERFIELD,North,New England M3Ed3,-30.81333217,151.3254582142857,4760856.791981429,9716420.065785715
2555,BRICKYARD CREEK,MITCHELL HIGHWAY,WARREN,West,Western Plains M3Ed3,-29.78123086153846,151.36238483846154,4874471.0639615385,9723390.102692308
2560,1KM SOUTH OF FRANKFIELD CREEK SBC,HUME HIGHWAY,UPPER LACHLAN,South,HMO North M3Ed3,-32.16536067096774,150.47048210967742,4613667.766693549,9630178.045151612
2565,SPLITTERS SWAMP CREEK,NEW ENGLAND HIGHWAY,TENTERFIELD,North,New England M3Ed3,-29.601916475,151.41171840833331,4894371.332529167,9728910.845620833
2570,450M NORTH OF ONRAMP FROM GUNNING N/B,HUME HIGHWAY,UPPER LACHLAN,South,HMO North M3Ed3,-30.3098185953125,151.5230106484375,4815993.316285937,9737366.93253125
2575,MC CLIFTYS ROAD,MITCHELL HIGHWAY,WARREN,West,Western Plains M3Ed3,-29.40259036666667,151.7436254877193,4915574.805489473,9761408.707010526
2580,400M NORTH OF LERIDA CREEK SBC,HUME HIGHWAY,UPPER LACHLAN,South,HMO North M3Ed3,-30.129003343373494,151.68305179036145,4835329.728807229,9753152.445322892
2585,BLUFF RIVER ROAD,NEW ENGLAND HIGHWAY,TENTERFIELD,North,New England M3Ed3,-29.25480185945946,151.99245151621622,4931291.729521622,9785781.90992973
2590,BLUFF RIVER ROAD NORTH,NEW ENGLAND HIGHWAY,TENTERFIELD,North,New England M3Ed3,-30.22940690571429,151.65088693285713,4824300.859300001,9749718.499850001
2595,SANDY FLAT,NEW ENGLAND HIGHWAY,TENTERFIELD,North,New England M3Ed3,-29.433818820454544,151.8622466909091,4911587.896306818,9772604.235431818
2600,SANDY FLAT ROAD,NEW ENGLAND HIGHWAY,TENTERFIELD,North,New England M3Ed3,-30.266224204081634,151.38013200204082,4821041.591036734,9723691.488530613
2605,RIFLE RANGE HILL,NEW ENGLAND HIGHWAY,TENTERFIELD,North,New England M3Ed3,-29.381370859999997,151.52645823,4917034.881455,9741142.14982
2610,COTTESBROOK ROAD,NEW ENGLAND HIGHWAY,TENTERFIELD,North,New England M3Ed3,-30.80359822037037,151.39250237407407,4761653.321561111,9723067.832022222
2615,RIVER VIEW,NEW ENGLAND HIGHWAY,TENTERFIELD,North,New England M3Ed3,-29.23786758,152.04165182,4932929.897166667,9790612.451453334
2620,BLUFF RIVER NORTH TOP NB AUX LANE,NEW ENGLAND HIGHWAY,TENTERFIELD,North,New England M3Ed3,-31.97909574634146,150.53579726585366,4632692.985590245,9637253.987592682
2625,K TANK,BARRIER HIGHWAY,UNINCORPORATED NSW,West,Far West State M3Ed3,-29.25842912647059,151.70264,4930802.985411765,9758410.75129412
2630,BLUFF ROCK,NEW ENGLAND HIGHWAY,TENTERFIELD,North,New England M3Ed3,-29.87900037948718,151.78419116666666,4862724.970921795,9763898.358116666
2635,BLUFF CREEK,NEW ENGLAND HIGHWAY,TENTERFIELD,North,New England M3Ed3,-29.16043208285714,152.0008902857143,4941716.115091428,9787103.693905715
2640,GARDENERS GULLY,NEW ENGLAND HIGHWAY,TENTERFIELD,North,New England M3Ed3,-30.600583914814816,151.0780672888889,4783754.639011111,9694262.379055556
2641,END DIV C/WAY 470M WEST,WOLLONGONG-PHEASANTS NEST,WOLLONGONG,South,Russell Vale M3Ed2,-34.3735905,150.8437827,4368985.5271,9653197.2444
2645,CHERRY DALE,NEW ENGLAND HIGHWAY,TENTERFIELD,North,New England M3Ed3,-29.225784400000002,152.06365895333334,4934156.4487333335,9792772.233886667
2647,JUMP UP CREEK,NEW ENGLAND HIGHWAY,TENTERFIELD,North,New England M3Ed3,-29.129382792307695,151.9963520923077,4945180.227584615,9786826.795446154
2650,BUNGULLA ROAD,NEW ENGLAND HIGHWAY,TENTERFIELD,North,New England M3Ed3,-30.091159056666665,151.02109614,4839404.503066667,9690579.225133333
2655,BUNGULLA RESERVE ROAD,NEW ENGLAND HIGHWAY,TENTERFIELD,North,New England M3Ed3,-29.110510344444442,151.99785515555556,4947265.983788889,9787073.339644445
2657,MT KEIRA RD INTERSECTIO,WOLLONGONG-PHEASANTS NEST,WOLLONGONG,South,Russell Vale M3Ed2,-34.368098,150.8263996,4369652.5735,9651622.961
2659,1.12KM EAST OF MT KEIRA,WOLLONGONG-PHEASANTS NEST,WOLLONGONG,South,Russell Vale M3Ed2,-34.3699648,150.8280833,4369440.1191,9651770.0323
2660,"VETERANS RD, GUNNING SBC",HUME HIGHWAY,UPPER LACHLAN,South,HMO North M3Ed3,-30.047838625,151.53864701666666,4844926.401766666,9740145.709791666
2661,1.13KM WEST OF MT KEIRA,WOLLONGONG-PHEASANTS NEST,WOLLONGONG,South,Russell Vale M3Ed2,-34.3639387,150.8230391,4370124.6066,9651331.1584
2663,2.27KM EAST OF MT KEIRA,WOLLONGONG-PHEASANTS NEST,WOLLONGONG,South,Russell Vale M3Ed2,-34.36293126666666,150.82113106666668,4370242.612133333,9651159.971266666
2665,ROYAL FLYING DOCTOR BAS,BARRIER HIGHWAY,BROKEN HILL,West,Far West State M3Ed3,-29.89859988,150.83733729,4860211.48594,9673585.162
2670,SAWMILL,NEW ENGLAND HIGHWAY,TENTERFIELD,North,New England M3Ed3,-29.894205628571427,150.3098657142857,4860738.249035714,9624114.969807144
2671,3.73KM WEST OF MT KEIRA,WOLLONGONG-PHEASANTS NEST,WOLLONGONG,South,Russell Vale M3Ed2,-34.3504639,150.803585,4371682.4784,9649598.5234
2675,STONEY CREEK,NEW ENGLAND HIGHWAY,TENTERFIELD,North,New England M3Ed3,-29.06941237,152.01346003,4951750.5760200005,9788811.85293
2680,"400M SOUTH OF ROAD TO PINCH HILL, 3.7KM SOUTH OF MR52 OVERBRIDGE, GUNNING S/B",HUME HIGHWAY,UPPER LACHLAN,South,HMO North M3Ed3,-32.83165654545454,150.32027598181818,4540329.100890909,9614447.544127272
2683,270M EAST OF NRE COLLIE,WOLLONGONG-PHEASANTS NEST,WOLLONGONG,South,Russell Vale M3Ed2,-34.336522300000006,150.78607863333335,4373285.223883334,9648046.126666667
2684,DERBY ST - MILES ST TEN,NEW ENGLAND HIGHWAY,TENTERFIELD,North,New England M3Ed2,-29.0629926,152.017363,4952444.2288,9789226.3181
2685,MAN ARM CREEK NORTH SB,PACIFIC HIGHWAY,COFFS HARBOUR,North,Mid North Coast M3Ed3,-33.68523378333334,151.15508935,4443750.0965,9686087.286700001
2690,"START 7MM SEAL NEAR OOLONG CREEK, 15.2KM NORTH OF YASS BOUNDARY N/B",HUME HIGHWAY,UPPER LACHLAN,South,HMO North M3Ed3,-34.787875899999996,149.19597756666667,4327446.4843999995,9500849.377166668
2691,CONC NOSE MEDIAN ENTRAN,WOLLONGONG-PHEASANTS NEST,WOLLONGONG,South,Russell Vale M3Ed2,-34.322386550000004,150.76778230000002,4374911.8791000005,9646421.4556
2699,COWPER ST - PELHAM ST TENTERFIELD,NEW ENGLAND HIGHWAY,TENTERFIELD,North,New England M3Ed3,-29.0407132,152.020461,4954900.4329,9789646.9928
2700,"END CULLARIN DEVIATION, 5.3KM SOUTH OF MR52 OVERBRIDGE, GUNNING S/B",HUME HIGHWAY,UPPER LACHLAN,South,HMO North M3Ed3,-33.91485264000001,149.95954146,4421290.0508,9576208.962380001
2702,450M EAST OF ROAD TO CO,WOLLONGONG-PHEASANTS NEST,WOLLONDILLY,South,Russell Vale M3Ed2,-34.30600586,150.73841066,4376823.4022,9643787.05776
2703,PELHAM ST - WESTERN BDY ST TENTERFIELD,NEW ENGLAND HIGHWAY,TENTERFIELD,North,New England M3Ed3,-29.03908954,152.00912946,4955133.54696,9788551.31418
2705,MAILMANS TRACK SB,PACIFIC HIGHWAY,BELLINGEN,North,Mid North Coast M3Ed3,-31.186247275,147.260448375,4713526.4118,9329424.126474999
2706,WESTERN BDY ST  TENTERFIELD,NEW ENGLAND HIGHWAY,TENTERFIELD,North,New England M3Ed3,-29.03084013333333,152.00526953333335,4956066.4508,9788219.003466666
2710,RIVERSTONE,NEW ENGLAND HIGHWAY,TENTERFIELD,North,New England M3Ed3,-33.010483605000005,150.17791758,4521235.32381,9599979.83536
2715,SH 16 TO BONSHAW,NEW ENGLAND HIGHWAY,TENTERFIELD,North,New England M3Ed3,-29.017698483333334,151.99649593888887,4957564.847688889,9787433.631977778
2720,"300M SOUTH OF OOLONG CREEK, 6.3KM SOUTH OF MR52 OVERBRIDGE, GUNNING S/B",HUME HIGHWAY,UPPER LACHLAN,South,HMO North M3Ed3,-32.49213746,150.466685304,4577635.283716001,9629289.602536
2725,BROWNS CREEK,NEW ENGLAND HIGHWAY,TENTERFIELD,North,New England M3Ed3,-29.109655007692307,152.05613823846153,4947064.656261539,9792639.908015383
2730,DARYL MCCARTHYS CRUSHER,NEW ENGLAND HIGHWAY,TENTERFIELD,North,New England M3Ed3,-29.546797242857142,151.69673631904763,4899965.236252381,9757049.386604762
2733,CHANGE TO CONCRETE ROAD,WOLLONGONG-PHEASANTS NEST,WOLLONDILLY,South,Russell Vale M3Ed2,-34.2733366,150.7145034,4380520.6126,9641718.1959
2735,SUNNYSIDE ROAD,NEW ENGLAND HIGHWAY,TENTERFIELD,North,New England M3Ed3,-31.77256806666667,151.34765902962963,4654968.567759259,9713217.696381481
2738,END CONC ROAD WEST OF A,WOLLONGONG-PHEASANTS NEST,WOLLONDILLY,South,Russell Vale M3Ed2,-34.23726086666667,150.68470126666668,4384613.793733333,9639118.6746
2740,NORTH OF TENTERFIELD CREEK,NEW ENGLAND HIGHWAY,TENTERFIELD,North,New England M3Ed3,-30.101251636363635,151.4876941,4839144.8673363635,9735152.846372727
2745,TARBAN ROAD,NEW ENGLAND HIGHWAY,TENTERFIELD,North,New England M3Ed3,-29.008312625000002,151.962749485,4958753.750485,9784152.58328
2750,"NORTH OF HILLGROVE ROAD, 10.5KM NORTH OF YASS BOUNDARY N/B",HUME HIGHWAY,UPPER LACHLAN,South,HMO North M3Ed3,-29.86346935625,151.6078017625,4865160.650978125,9747224.35410625
2752,CONC NOSE ONLOAD RAMP F,MEMORIAL DRIVE,WOLLONGONG,South,Russell Vale M3Ed3,-34.4106115,150.8876474,4364735.5869,9657073.3425
2755,NINE MILE,NEW ENGLAND HIGHWAY,TENTERFIELD,North,New England M3Ed3,-29.127836451219515,151.9325341878049,4945640.943134147,9780728.146280488
2757,IODIDE ST * LANE TO WIL,BARRIER HIGHWAY,BROKEN HILL,West,Far West State M3Ed3,-31.9493519,141.4643775,4630262.0493,8777239.5079
2760,TARBAN CREEK,NEW ENGLAND HIGHWAY,TENTERFIELD,North,New England M3Ed3,-29.849540465384617,151.50471633076924,4867084.676196154,9737744.550988462
2765,GLEN LYON CREEK,NEW ENGLAND HIGHWAY,TENTERFIELD,North,New England M3Ed3,-29.107190105555553,151.34815393333332,4947810.497633333,9725532.775755556
2767,WILLIAMS * OXIDE TO CHL,BARRIER HIGHWAY,BROKEN HILL,West,Far West State M3Ed3,-31.94886065,141.4586537,4630287.7502,8776696.596900001
2770,BORDER ROADHOUSE,NEW ENGLAND HIGHWAY,TENTERFIELD,North,New England M3Ed3,-31.044041472222222,150.5149016611111,4735853.488347222,9639361.519755555
2771,JENNINGS,NEW ENGLAND HIGHWAY,TENTERFIELD,North,New England M3Ed3,-28.9255407,151.9289746,4968099.1315,9781334.1515
2775,WILLIAMS ROAD SB,PACIFIC HIGHWAY,COFFS HARBOUR,North,Mid North Coast M3Ed3,-30.896578333333334,149.1874269,4744931.536400001,9513306.412433334
2780,"200M NORTH OF HILLGROVE ROAD, 10.8KM SOUTH OF MR52 OVERBRIDGE, GUNNING S/B",HUME HIGHWAY,UPPER LACHLAN,South,HMO North M3Ed3,-34.801192042857146,149.14081171428572,4326075.153399999,9495774.251728572
2785,WILLIAMS ST GOSSAN TO J,BARRIER HIGHWAY,BROKEN HILL,West,Far West State M3Ed3,-30.891914966666665,149.1884709,4745422.3664,9513453.671600001
2790,"NEAR MEDIAN CROSSING PROP ENT, 8.0KM NORTH OF YASS BOUNDARY N/B",HUME HIGHWAY,UPPER LACHLAN,South,HMO North M3Ed3,-34.8099467,149.12505452,4325134.12584,9494313.739039999
2791,EMERGENCY PHONE BAY 620,SYDNEY-NEWCASTLE FREEWAY,NEWCASTLE,North,Newcastle M3Ed3,-32.8753425,151.6120528,4531996.4939,9731077.5994
2800,"ABUT 2 JERRAWA CREEK, 11.6KM SOUTH OF MR52 OVERBRIDGE, GUNNING S/B",HUME HIGHWAY,UPPER LACHLAN,South,HMO North M3Ed3,-34.484613558333336,149.54337548333334,4359923.892966666,9534135.243941667
2805,WILLIAMS ST. NEAR BROOK,BARRIER HIGHWAY,BROKEN HILL,West,Far West State M3Ed3,-31.9602426,141.4399951,4628934.6824,8775003.3054
2810,"LADE VALE / JERRAWA RD, 5.8KM NORTH OF YASS BOUNDARY N/B",HUME HIGHWAY,UPPER LACHLAN,South,HMO North M3Ed3,-34.28035535555556,148.53670037777778,4381669.659622222,9439713.548611112
2820,"100M SOUTH OF CALDWELLS CREEK, 13.7KM SOUTH OF MR52 OVERBRIDGE, GUNNING S/B",HUME HIGHWAY,UPPER LACHLAN,South,HMO North M3Ed3,-34.81375,149.11249293999998,4324735.828059999,9493156.7497
2825,ADELAIDE RD. NEAR RUBBI,BARRIER HIGHWAY,BROKEN HILL,West,Far West State M3Ed3,-31.968321066666665,141.42383168333333,4627959.4342,8773526.3043
2830,"BEFORE EXIT FROM TRUCK PARKING AREA, 3.6KM NORTH OF YASS BOUNDARY N/B",HUME HIGHWAY,UPPER LACHLAN,South,HMO North M3Ed3,-34.824982236842104,149.09021543157897,4323531.680757895,9491095.169
2840,LADE VALE ROAD,HUME HIGHWAY,UPPER LACHLAN,South,HMO North M3Ed3,-34.22799231,149.85446255,4387380.48001,9563865.956659999
2850,"AT REST AREA 500M, SIGN, 1.8KM NORTH OF YASS BOUNDARY N/B",HUME HIGHWAY,UPPER LACHLAN,South,HMO North M3Ed3,-34.32600171111111,149.5137006777778,4377196.049555556,9532986.01061111
2855,CORDWELLS CREEK   SB,PACIFIC HIGHWAY,COFFS HARBOUR,North,Mid North Coast M3Ed3,-30.3472019,153.0662597,4804770.2986,9883125.8608
2860,"300M SOUTH OF ROCK LODGE ROAD, 17.8KM SOUTH OF MR52 OVERBRIDGE, GUNNING S/B",HUME HIGHWAY,UPPER LACHLAN,South,HMO North M3Ed3,-34.82300391111111,149.06824644444444,4323790.9650111105,9489091.27278889
2870,GUNNING / YASS SHIRE BOUNDARY N/B,HUME HIGHWAY,UPPER LACHLAN,South,HMO North M3Ed3,-34.18446477142857,149.6294972285714,4392417.907642857,9544490.005385714
2875,SAWTELL ROAD   SB,PACIFIC HIGHWAY,COFFS HARBOUR,North,Mid North Coast M3Ed2,-30.3343156,153.0801114,4806119.4953000005,9884538.99755
2880,"NEAR MEDIAN CROSSING, 19.6KM SOUTH OF MR52 OVERBRIDGE, GUNNING S/B",HUME HIGHWAY,UPPER LACHLAN,South,HMO North M3Ed3,-34.825160624999995,149.05590615,4323574.158,9487958.519425001
2902,"TAYLORS ROAD, ALBION PARK",ILLAWARRA HIGHWAY,SHELLHARBOUR,South,Russell Vale M3Ed3,-34.5627309,150.7768754,4348257.1912,9646294.1176
2915,NEWPORTS CREEK  SB,PACIFIC HIGHWAY,COFFS HARBOUR,North,Mid North Coast M3Ed2,-30.3135796,153.09290479999999,4808343.4717,9885901.5958
2940,"100KM SIGNS WEST OF POLLOCK CRESCENT, ALBION PARK",ILLAWARRA HIGHWAY,SHELLHARBOUR,South,Russell Vale M3Ed3,-34.5731117,150.75193539999998,4347189.5572999995,9643967.0869
2951,"20M EAST OF YELLOW ROCK CREEK, ALBION PARK",ILLAWARRA HIGHWAY,SHELLHARBOUR,South,Russell Vale M3Ed3,-34.57660805454545,150.73908248181817,4346844.436209091,9642775.4086
2960,COFF STREET - MARCIA STREET    NB,PACIFIC HIGHWAY,COFFS HARBOUR,North,Mid North Coast M3Ed2,-30.2917769,153.1186654,4810612.4168,9888517.4766
2961,"NORTH MACQUARIE ROAD, CALDERWOOD",ILLAWARRA HIGHWAY,SHELLHARBOUR,South,Russell Vale M3Ed3,-34.5805692,150.7156986076923,4346482.089253847,9640617.0147
2975,MARCIA STREET    SB,PACIFIC HIGHWAY,COFFS HARBOUR,North,Mid North Coast M3Ed3,-30.286943299999997,153.12424829999998,4811116.07095,9889085.25595
2980,"WEST OF JOLLIFFES FARM, NEAR LAKEVIEW ROAD, CALDERWOOD",ILLAWARRA HIGHWAY,SHELLHARBOUR,South,Russell Vale M3Ed3,-33.502794075,151.30429805,4463163.476075,9701525.305825
2985,PARK BEACH ROAD    SB,PACIFIC HIGHWAY,COFFS HARBOUR,North,Mid North Coast M3Ed3,-30.2795904,153.132088,4811885.8643,9889886.319
3000,"150M WEST OF TONGARRA CREEK, CALDERWOOD",ILLAWARRA HIGHWAY,SHELLHARBOUR,South,Russell Vale M3Ed3,-34.2863715,150.53764082499998,4379612.4577750005,9625272.082225
3010,STIRLING VALE CREEK,BARRIER HIGHWAY,UNINCORPORATED NSW,West,Far West State M3Ed3,-32.17667876666667,146.2413515,4607460.3448,9228672.958966667
3011,30M BEFORE START PASS,ILLAWARRA HIGHWAY,SHELLHARBOUR,South,Russell Vale M3Ed2,-34.5720166,150.6702271,4347576.9922,9636483.6883
3015,NEAR STIRLING VALE CREE,BARRIER HIGHWAY,UNINCORPORATED NSW,West,Far West State M3Ed3,-31.7764623875,142.81672381250002,4648459.6167625,8906527.04195
3020,END OF SB OTAKE,BARRIER HIGHWAY,UNINCORPORATED NSW,West,Far West State M3Ed3,-32.50246654,148.95288316,4573906.2783,9483813.80978
3021,CGE AC 1.18KMS WEST START OF MACQUARIE PASS,ILLAWARRA HIGHWAY,SHELLHARBOUR,South,Russell Vale M3Ed3,-34.56714953333333,150.66546206666666,4348131.5429,9636065.938533334
3025,CHARLESWORTH BAY ROAD    SB,BARRIER HIGHWAY,UNINCORPORATED NSW,West,Far West State M3Ed3,-31.1353324,147.21995228333333,4718360.299266667,9326371.3491
3030,START OF AC,CASTLEREAGH HIGHWAY,LITHGOW,West,Central West M3Ed3,-33.228695075,148.9925317875,4496787.837525,9484121.45085
3035,BLACK HILL CREEK,BARRIER HIGHWAY,UNINCORPORATED NSW,West,Far West State M3Ed3,-31.133913200000002,147.2019631,4718443.9131000005,9324750.435800001
3041,BR OV COAL HAUL RD (AB1,CASTLEREAGH HIGHWAY,LITHGOW,West,Central West M3Ed3 2022-2023,-33.3989995,150.087224,4479251.923699999,9586892.93
3042,"SLIP AREA 1.5KMS WEST OF CLOVER HILL ROAD, MACQUARIE PASS",ILLAWARRA HIGHWAY,SHELLHARBOUR,South,Russell Vale M3Ed3,-34.557419933333335,150.65862706666667,4349231.435866666,9635477.3031
3050,TRIPLE CHANCE RD * 1ST,BARRIER HIGHWAY,UNINCORPORATED NSW,West,Far West State M3Ed3,-32.25004415714286,147.30773938571429,4597665.874185714,9329605.020657143
3051,BR OV CONVEYOR TUNNEL (,CASTLEREAGH HIGHWAY,LITHGOW,West,Central West M3Ed3,-33.38868643333333,150.08001151666667,4480413.969266667,9586256.565266667
3055,NEAR TV TRANSMITTER RD.,BARRIER HIGHWAY,UNINCORPORATED NSW,West,Far West State M3Ed3,-32.03894635,141.1650295,4618811.24715,8749553.22055
3060,THACKARINGA HILLS,BARRIER HIGHWAY,UNINCORPORATED NSW,West,Far West State M3Ed3,-32.0409024,141.1346255,4618434.2219,8746700.201
3065,THACKARINGA,BARRIER HIGHWAY,UNINCORPORATED NSW,West,Far West State M3Ed3,-32.047156300000005,141.12506786666665,4617691.675033334,8745838.500866666
3070,MOUNT GEORGE,BARRIER HIGHWAY,UNINCORPORATED NSW,West,Far West State M3Ed3,-32.0578421,141.0860131,4616301.6456,8742225.5174
3071,END OF LIDSDALE DEVIATI,CASTLEREAGH HIGHWAY,LITHGOW,West,Central West M3Ed3,-33.36962676666667,150.06879733333332,4482555.654455556,9585276.629077777
3075,THACKARINGA CREEK,BARRIER HIGHWAY,UNINCORPORATED NSW,West,Far West State M3Ed3,-30.8489853,149.11860339999998,4749194.422266667,9507698.4011
3080,CHANGE TO A/C(WEST.MAIN,CASTLEREAGH HIGHWAY,LITHGOW,West,Central West M3Ed3,-33.04145115,150.67084801666667,4516468.7711166665,9643851.941266667
3085,NEAR COCKBURN,BARRIER HIGHWAY,UNINCORPORATED NSW,West,Far West State M3Ed3,-32.0750952,141.020573,4614041.6643,8736169.6444
3090,CHANGE TO SEAL,CASTLEREAGH HIGHWAY,LITHGOW,West,Central West M3Ed3,-33.78911666,150.56610970666668,4434352.496900001,9630418.675113333
3095,GAUDRONS ROAD SB,PACIFIC HIGHWAY,COFFS HARBOUR,North,Mid North Coast M3Ed3,-30.2216749,153.14679266666667,4818214.580766667,9891676.941933334
3100,CHANGE TO A/C (BOULDER,CASTLEREAGH HIGHWAY,LITHGOW,West,Central West M3Ed3,-33.11004949090909,150.76312022727274,4508536.033536363,9652294.223054545
3110,"EAST OF RAILBRIDGE AT GAYS DAIRY, 380M WEST OF TOURIST ROAD, ROBERTSON",ILLAWARRA HIGHWAY,WINGECARRIBEE,South,HMO North M3Ed3,-33.674488654545456,150.1971361818182,4448400.561672728,9596016.023127273
3120,END CONCRETE,CASTLEREAGH HIGHWAY,LITHGOW,West,Central West M3Ed3,-33.905692807142856,150.63935229999998,4421204.0044928575,9636819.10772857
3125,CUNNINGHAMS CREEK SB,PACIFIC HIGHWAY,COFFS HARBOUR,North,Mid North Coast M3Ed3,-30.197586200000003,153.1474307,4820877.918,9891895.4108
3130,CHANGE SEAL - SOUTH HYR,CASTLEREAGH HIGHWAY,LITHGOW,West,Central West M3Ed3,-32.98511867142857,150.53564913809524,4523196.014247619,9631304.590114286
3135,KILLARA AVENUE SB,PACIFIC HIGHWAY,COFFS HARBOUR,North,Mid North Coast M3Ed3,-30.187717775,153.150127775,4821955.213575,9892219.197275
3140,30M WEST OF MR264 JAMBEROO MT ROAD,ILLAWARRA HIGHWAY,WINGECARRIBEE,South,HMO North M3Ed3,-33.63141685555556,150.52507542222222,4451909.731007407,9627270.656662963
3145,"500M EAST OF RANELAGH HOUSE, ROBERTSON",ILLAWARRA HIGHWAY,WINGECARRIBEE,South,HMO North M3Ed3,-34.58859028,150.61049882,4345931.59858,9630946.564919999
3150,SMITHS ROAD NB,PACIFIC HIGHWAY,COFFS HARBOUR,North,Mid North Coast M3Ed3,-33.19234975,150.74270850000002,4499533.774516667,9649971.687616667
3155,SMITHS ROAD SB,PACIFIC HIGHWAY,COFFS HARBOUR,North,Mid North Coast M3Ed2,-30.172556,153.1716164,4823511.815,9894385.2949
3160,START SB T/LANE TO BAAL,CASTLEREAGH HIGHWAY,LITHGOW,West,Central West M3Ed3,-33.16693436571429,150.50357414285716,4503257.726431428,9627391.05258
3170,"20M WEST OF ROSSGOLL ROAD, ROBERTSON",ILLAWARRA HIGHWAY,WINGECARRIBEE,South,HMO North M3Ed3,-34.04105542692308,150.69229855,4406032.983161538,9641326.422788462
3180,JEWS CREEK BRIDGE,CASTLEREAGH HIGHWAY,LITHGOW,West,Central West M3Ed3,-33.042798492307696,150.96173099615385,4515181.673665385,9671485.944607692
3185,GRAHAM DRIVE STH SB,PACIFIC HIGHWAY,COFFS HARBOUR,North,Mid North Coast M3Ed2,-30.1596654,153.1899825,4824834.3399,9896236.7213
3190,"END WESTBOUND O/T LANE, BURRAWANG, 3.1KM WEST OF ROBERTSON",ILLAWARRA HIGHWAY,WINGECARRIBEE,South,HMO North M3Ed3,-33.83751687619048,150.6738715095238,4428556.755371429,9640568.186328571
3200,"MCGRATHS ROAD, BURRAWANG",ILLAWARRA HIGHWAY,WINGECARRIBEE,South,HMO North M3Ed3,-33.786753732,150.580617064,4434515.82002,9631962.30882
3205,DOUBLE CROSSING CREEK SB,PACIFIC HIGHWAY,COFFS HARBOUR,North,Mid North Coast M3Ed3,-30.1422012,153.1931746,4826749.6809,9896658.599
3210,CHANGE SEAL(START S BEN,CASTLEREAGH HIGHWAY,LITHGOW,West,Central West M3Ed3,-33.54502079310345,150.58554405172413,4461179.6186379315,9633531.961282758
3215,GRAHAM DRIVE NTH SB,PACIFIC HIGHWAY,COFFS HARBOUR,North,Mid North Coast M3Ed3,-30.128840866666668,153.19173826666668,4828237.102733334,9896608.155766666
3220,"150M EAST OF PAYNES PIT, BURRAWANG",ILLAWARRA HIGHWAY,WINGECARRIBEE,South,HMO North M3Ed3,-33.95240404375,150.55436099375,4416321.31436875,9628763.241725
3225,BEACON HILL SB,PACIFIC HIGHWAY,COFFS HARBOUR,North,Mid North Coast M3Ed3,-30.12219118333333,153.18248638333333,4829026.1466500005,9895761.354316667
3230,CHANGE SEAL(NEAR CAPERT,CASTLEREAGH HIGHWAY,LITHGOW,West,Central West M3Ed3,-33.53617352,150.77192193333335,4461476.693613334,9651171.638293333
3235,GREYS ROAD SB,PACIFIC HIGHWAY,COFFS HARBOUR,North,Mid North Coast M3Ed3,-30.117388440000003,153.17679082,4829590.3706600005,9895244.63258
3240,PEARSONS LOOKOUT,CASTLEREAGH HIGHWAY,LITHGOW,West,Central West M3Ed3,-33.36006720769231,150.39271625384615,4482342.290738462,9616044.612161538
3250,START S/B O`TAKING LANE,CASTLEREAGH HIGHWAY,LITHGOW,West,Central West M3Ed3,-32.325092399999996,151.19934341764707,4593495.725264706,9697372.787011765
3255,POUNDYARD CREEK SB,PACIFIC HIGHWAY,COFFS HARBOUR,North,Mid North Coast M3Ed3,-30.100713116666668,153.1688563,4831481.86475,9894590.049883334
3260,50M WEST OF MR261 SHEEPWASH INTERSECTION,ILLAWARRA HIGHWAY,WINGECARRIBEE,South,HMO North M3Ed3,-33.24866667777778,151.19189911111113,4491533.68125,9692650.746772222
3265,CAPERTEE CREST,CASTLEREAGH HIGHWAY,LITHGOW,West,Central West M3Ed3,-32.3780378625,150.77630154375,4589279.4467375,9656889.65129375
3270,"200M EAST PROPERTY ELLRO, WEST OF MR261 SHEEPWASH ROAD INTERSECTION",ILLAWARRA HIGHWAY,WINGECARRIBEE,South,HMO North M3Ed3,-33.821979772,150.200153216,4432056.206255999,9595760.989284001
3275,WEDDING BELLS SB,PACIFIC HIGHWAY,COFFS HARBOUR,North,Mid North Coast M3Ed3,-30.08127355,153.17393779999998,4833605.32175,9895206.626400001
3280,"PROPERTY WOODROSE STUD, WEST OF MR261 SHEEPWASH ROAD INTERSECTION",ILLAWARRA HIGHWAY,WINGECARRIBEE,South,HMO North M3Ed3,-33.993398403571426,150.39764131428572,4412352.615832143,9613862.731792856
3285,NASHS ROAD SB,PACIFIC HIGHWAY,COFFS HARBOUR,North,Mid North Coast M3Ed3,-30.0712445,153.18083910000001,4834676.42715,9895936.95955
3290,GREYS CREEK BRIDGE,CASTLEREAGH HIGHWAY,LITHGOW,West,Central West M3Ed3,-33.093670253846156,150.2768554846154,4512175.309542308,9606243.33681923
3295,ARRAWARRA INTERCHANGE SB,PACIFIC HIGHWAY,COFFS HARBOUR,North,Mid North Coast M3Ed3,-30.0603595,153.1838239,4835864.627,9896295.8271
3300,CHANGE SEAL (NEAR NURSE,CASTLEREAGH HIGHWAY,LITHGOW,West,Central West M3Ed3,-33.0913878,149.9463098,4513701.1085,9574762.6778
3301,"180M EAST OF NOWRA ROAD, MOSS VALE",ILLAWARRA HIGHWAY,WINGECARRIBEE,South,HMO North M3Ed3,-34.56519626666667,150.4114415,4349136.849766667,9612791.896733334
3305,"220M WEST OF NOWRA ROAD, MOSS VALE",ILLAWARRA HIGHWAY,WINGECARRIBEE,South,HMO North M3Ed3,-34.56471703333333,150.40791303333333,4349200.507433333,9612470.223233333
3310,CHANGE SEAL,CASTLEREAGH HIGHWAY,LITHGOW,West,Central West M3Ed3,-32.849649923076925,150.19177213846154,4539442.142592307,9599193.74073077
3315,"500M WEST OF NOWRA ROAD, MOSS VALE",ILLAWARRA HIGHWAY,WINGECARRIBEE,South,HMO North M3Ed3,-34.562437433333336,150.40185303333334,4349471.188433333,9611923.00565
3320,START REHAB (SMALL CREE,CASTLEREAGH HIGHWAY,LITHGOW,West,Central West M3Ed3,-33.72336631111111,150.60142678888892,4441355.957655556,9634550.500233332
3325,KANGAROO TRAIL RD SB,PACIFIC HIGHWAY,COFFS HARBOUR,North,Mid North Coast M3Ed2,-30.0342301,153.1882979,4838732.2649,9896898.3308
3330,"40M EAST OF YOUNG ROAD, MOSS VALE",CASTLEREAGH HIGHWAY,WALGETT,West,Western Plains M3Ed3,-31.264279924999997,151.234367275,4709838.431675,9704333.800975
3335,CORINDI CR SB,PACIFIC HIGHWAY,COFFS HARBOUR,North,Mid North Coast M3Ed3,-30.0210158,153.1815481,4840233.9976,9896334.7168
3340,30M EAST OF MR260 ROUND,ILLAWARRA HIGHWAY,WINGECARRIBEE,South,HMO North M3Ed2,-34.5460042,150.3787648,4351360.6595,9609865.6567
3350,CASSIONS CR NB,PACIFIC HIGHWAY,COFFS HARBOUR,North,Mid North Coast M3Ed2,-30.0166487,153.1779683,4840737.9893,9896018.40715
3355,CASSIONS CR SB,PACIFIC HIGHWAY,COFFS HARBOUR,North,Mid North Coast M3Ed3,-30.015327,153.177148,4840889.0192249995,9895948.024625
3360,MCLAUGHLIN RD NB,PACIFIC HIGHWAY,COFFS HARBOUR,North,Mid North Coast M3Ed2,-30.0087636,153.17075545,4841652.230049999,9895374.991
3365,"CABER STREET, MOSS VALE",ILLAWARRA HIGHWAY,WINGECARRIBEE,South,HMO North M3Ed3,-33.906690528571424,150.7511963,4420498.5968285715,9648198.919928571
3370,SIMMONS FLAT RD NB,PACIFIC HIGHWAY,COFFS HARBOUR,North,Mid North Coast M3Ed2,-30.0002789,153.1635069,4842633.0353,9894731.9405
3375,"100M EAST OF OLDBURY STREET, SUTTON FOREST",ILLAWARRA HIGHWAY,WINGECARRIBEE,South,HMO North M3Ed3,-34.5610853,150.34338150000002,4349794.0987,9606568.2853
3380,"NEAR PROPERTY HILLVIEW, SUTTON FOREST",ILLAWARRA HIGHWAY,WINGECARRIBEE,South,HMO North M3Ed3,-34.150441254545456,150.58189680909092,4394211.521309092,9631112.593481818
3385,DIRTY CR CUT SB,PACIFIC HIGHWAY,COFFS HARBOUR,North,Mid North Coast M3Ed3,-29.994725,153.15924704999998,4843272.2709,9894357.6757
3390,"20M WEST OF BUNDANOON ROAD, SUTTON FOREST",ILLAWARRA HIGHWAY,WINGECARRIBEE,South,HMO North M3Ed3,-34.57770446,150.30696382000002,4348058.965340001,9603171.825299999
3401,"AT PROPERTY PINEFIELD, 1.6KM WEST OF BUNDANOON ROAD, SUTTON FOREST",ILLAWARRA HIGHWAY,WINGECARRIBEE,South,HMO North M3Ed3,-34.58396502352941,150.29713054705883,4347393.776841177,9602248.743964706
3405,RANGE RD INTERCHANGE SB,PACIFIC HIGHWAY,COFFS HARBOUR,North,Mid North Coast M3Ed2,-29.9845709,153.141065,4844499.965,9892671.3388
3410,PEG L/S TO PEG L/S MYAL,CASTLEREAGH HIGHWAY,WALGETT,West,Western Plains M3Ed3,-30.132253849999998,148.10253655000002,4844983.71445,9406292.256749999
3411,"STOCKPILE SITE 3.3KM WEST OF BUNDANOON ROAD, SUTTON FOREST",ILLAWARRA HIGHWAY,WINGECARRIBEE,South,HMO North M3Ed3,-34.58604462173913,150.2848022130435,4347198.961095652,9601111.717308694
3415,"EAST OF BLACK BOBS CREEK, 4.1KM WEST OF BUNDANOON ROAD, SUTTON FOREST",ILLAWARRA HIGHWAY,WINGECARRIBEE,South,HMO North M3Ed3,-34.585247316,150.275618684,4347313.728976,9600272.930784
3420,MYALL PARK PEG L/S TO P,CASTLEREAGH HIGHWAY,WALGETT,West,Western Plains M3Ed3,-30.1023264,148.1041318,4848301.2647,9406481.1224
3421,"BLACK BOBS CREEK, 4.8KM WEST OF BUNDANOON ROAD, SUTTON FOREST",ILLAWARRA HIGHWAY,WINGECARRIBEE,South,HMO North M3Ed3,-34.586351895,150.26549937,4347220.38241,9599341.778685
3430,825M TO 1645M FROM END MEDIAN PEATS R RD,PACIFIC HIGHWAY,CENTRAL COAST,North,Central Coast M3Ed3,-33.4364937,151.2335346,4471368.3412,9693199.5773
3431,"60MT EAST OF SPRING HILL GROVE, 5.8KM WEST OF BUNDANOON ROAD, SUTTON FOREST",ILLAWARRA HIGHWAY,WINGECARRIBEE,South,HMO North M3Ed3,-34.58600996818182,150.2568043318182,4347283.157727272,9598546.16379091
3445,"CHANGE SEAL EASTERN END OF HODDLES XROAD INTERSECTION, HUME HIGHWAY",ILLAWARRA HIGHWAY,WINGECARRIBEE,South,HMO North M3Ed3,-34.586046675,150.2528929625,4347290.2646375,9598187.604725
3500,1220M TO 1825M E MOONEY CREEK BRD,PACIFIC HIGHWAY,CENTRAL COAST,North,Central Coast M3Ed3,-33.441459,151.2572157,4470729.2204,9695375.3824
3530,RED ROCK - BLACKADDER,"OLD PACIFIC HWY, COFFS HARBOUR", ,North,Mid North Coast M3Ed3,-31.59347965,147.43371860000002,4668442.1742,9350687.37805
3540,BLACKADDER FLOODWAY,"OLD PACIFIC HWY, COFFS HARBOUR", ,North,Mid North Coast - Old Highway M3Ed2,-30.0154148,153.187487,4840820.2663,9896943.7499
3550,CASSONS CREEK,"OLD PACIFIC HWY, COFFS HARBOUR",COFFS HARBOUR,North,Mid North Coast - Old Highway M3Ed2,-30.0100051,153.1794143,4841465.3767,9896201.3133
3555,PEG L/S TO PEG L/S.,CASTLEREAGH HIGHWAY,WALGETT,West,Western Plains M3Ed3,-29.5639501,148.0440829,4908085.3695,9401287.2645
3580,HAWTHORN CLOSE,"OLD PACIFIC HWY, COFFS HARBOUR",COFFS HARBOUR,North,Mid North Coast - Old Highway M3Ed2,-29.992718,153.1657565,4843457.4537,9894998.2304
3605,SHIRE BDY,SILVER CITY HIGHWAY,UNINCORPORATED NSW,West,Far West State M3Ed3,-33.100997050000004,141.62849640000002,4503635.30965,8799282.77705
3615,POPILTAH LAKE,SILVER CITY HIGHWAY,UNINCORPORATED NSW,West,Far West (State) M3Ed2,-33.07731165,141.63935275,4506308.20955,8800159.32325
3665,NEAR COOMBAH,SILVER CITY HIGHWAY,UNINCORPORATED NSW,West,Far West State M3Ed3,-32.9668388,141.6155204,4518418.1506,8797308.4092
3670,REDIGER LANE N-B,PACIFIC HIGHWAY,CLARENCE VALLEY,North,Far North Coast M3Ed2,-29.9442484,153.1071177,4849157.2584,9889660.1884
3750,,SILVER CITY HIGHWAY,UNINCORPORATED NSW,West,Far West State M3Ed3,-32.5732672,141.6207248,4561992.95,8795549.3402
3755,WELLS CROSSING S-B,PACIFIC HIGHWAY,CLARENCE VALLEY,North,Far North Coast M3Ed3,-29.9005294,153.0656344,4854232.2519,9885940.8173
3780,NEAR NETLEY RD * UR 33,SILVER CITY HIGHWAY,UNINCORPORATED NSW,West,Far West State M3Ed3,-32.473372749999996,141.57603345,4572829.64325,8790787.654350001
3785,,SILVER CITY HIGHWAY,UNINCORPORATED NSW,West,Far West State M3Ed3,-32.4442156,141.5530974,4575943.8454,8788467.9479
3790,NEAR LANGWELL,SILVER CITY HIGHWAY,UNINCORPORATED NSW,West,Far West State M3Ed3,-32.4256979,141.5384087,4577920.7957,8786982.5283
3792,LANGWELL,SILVER CITY HIGHWAY,UNINCORPORATED NSW,West,Far West State M3Ed3,-32.411911,141.5275415,4579392.8817,8785882.696
3800,NEAR TRANSMISSION LINE,SILVER CITY HIGHWAY,UNINCORPORATED NSW,West,Far West State M3Ed3,-32.3870445,141.5094664,4582055.2133,8784041.4214
3805,OLD FRANKLIN SB,PACIFIC HIGHWAY,CLARENCE VALLEY,North,Far North Coast M3Ed2,-29.8457077,153.0461336,4860412.9686,9884410.9444
3830,ASCOT VALE,SILVER CITY HIGHWAY,UNINCORPORATED NSW,West,Far West State M3Ed3,-32.2664585,141.4283695,4594993.9035,8775715.4373
3850,HORIZON NB,PACIFIC HIGHWAY,CLARENCE VALLEY,North,Far North Coast M3Ed3,-29.8124919,153.0337623,4864160.9277,9883429.2062
3860,BALACLAVA,SILVER CITY HIGHWAY,UNINCORPORATED NSW,West,Far West State M3Ed3,-32.126058066666666,141.4040702,4610406.331033333,8772598.140483333
3870,,SILVER CITY HIGHWAY,UNINCORPORATED NSW,West,Far West State M3Ed3,-32.077443425,141.40261905,4615778.070325,8772172.998025
3880,NEAR TRANSMISSION LINE,SILVER CITY HIGHWAY,UNINCORPORATED NSW,West,Far West State M3Ed3,-32.0634158,141.4062623,4617348.6,8772433.0338
3885,KELLYS CREEK,SILVER CITY HIGHWAY,UNINCORPORATED NSW,West,Far West State M3Ed3,-32.041007,141.4180047,4619887.3504,8773406.8338
3890,GLENUGIE LINK NB,PACIFIC HIGHWAY,CLARENCE VALLEY,North,Far North Coast M3Ed2,-29.797803000000002,153.02729449999998,4865823.9415,9882898.47405
3900,GLENUGIE INT NB,PACIFIC HIGHWAY,CLARENCE VALLEY,North,Far North Coast M3Ed2,-29.7852414,153.0310091,4867194.5179,9883337.7279
3910,PHEASANTS CR NB,PACIFIC HIGHWAY,CLARENCE VALLEY,North,Far North Coast M3Ed2,-29.78164915,153.0337063,4867577.329150001,9883621.3255
3920,OLD SIX MILE LANE NB,PACIFIC HIGHWAY,CLARENCE VALLEY,North,Far North Coast M3Ed2,-29.771535649999997,153.0380172,4868673.40755,9884102.6584
3930,AVENUE ROAD NB,PACIFIC HIGHWAY,CLARENCE VALLEY,North,Far North Coast M3Ed2,-29.7565856,153.0444609,4870293.2388,9884821.2282
4000,SHIRE BDY TO CHANGE IN CONCRETE,HUME HIGHWAY,YASS VALLEY,South,HMO South M3Ed3,-34.32001932608696,149.40795596521738,4378303.436626087,9523068.841295652
4005,LIONS CAGE,GWYDIR HIGHWAY,GLEN INNES SEVERN,North,New England M3Ed3,-29.4500964,152.3786643,4907779.3412,9822214.0571
4010,CHANGE IN CONC TO YASS VALLEY WAY,HUME HIGHWAY,YASS VALLEY,South,HMO South M3Ed3,-34.565361053125,149.245640971875,4351731.521009375,9506671.957740625
4015,BONANZA/PATTON ST. ROUN,SILVER CITY HIGHWAY,BROKEN HILL,West,Far West State M3Ed3,-30.288577500000002,148.74097443333332,4814657.577833333,9474026.481900001
4020,BARBERS - YASS BY PASS,HUME HIGHWAY,YASS VALLEY,South,HMO South M3Ed3,-34.158831985,149.46639050000002,4396059.524055,9528993.331405
4025,SLEEPER WALL,GWYDIR HIGHWAY,GLEN INNES SEVERN,North,New England M3Ed3,-29.4432534,152.3747018,4908557.5699,9821868.7341
4030,MANTON CREEK NTH - YASS BY PASS,HUME HIGHWAY,YASS VALLEY,South,HMO South M3Ed3,-34.225730995000006,149.385233415,4388831.413555,9521326.078164998
4035,SOUTH RD * GYPSUM TO GA,SILVER CITY HIGHWAY,BROKEN HILL,West,Far West State M3Ed3,-31.97154814,141.45260362000002,4627746.98346,8776259.22422
4040,MANTON RIDGE NTH - YASS BY PASS,HUME HIGHWAY,YASS VALLEY,South,HMO South M3Ed3,-34.6231882,148.7803017,4345449.312733334,9462478.68232222
4045,GIBRALTAR RANGE 1100M,GWYDIR HIGHWAY,GLEN INNES SEVERN,North,New England M3Ed3,-29.483761,152.3409965,4904235.859,9818369.1671
4050,CRYSTAL ST. NEAR BROMID,SILVER CITY HIGHWAY,BROKEN HILL,West,Far West State M3Ed3,-33.1377714,149.27932381666668,4506640.0249666665,9514891.293958334
4055,WARATAH TRIG ROAD,GWYDIR HIGHWAY,GLEN INNES SEVERN,North,New England M3Ed3,-29.5005002,152.3218901,4902475.2836,9816421.8145
4060,CHANGE SEAL,BELL-BOWENFELS,LITHGOW,West,Central West M3Ed3,-32.71244026875,149.34945665625,4552623.81310625,9520852.11386875
4065,RANGERS STATION,GWYDIR HIGHWAY,GLEN INNES SEVERN,North,New England M3Ed3,-30.126020725,149.5973993,4833000.654224999,9555555.62005
4070,CHANGE SEAL( NEAR AIRPO,BELL-BOWENFELS,LITHGOW,West,Central West M3Ed3,-33.792747192307694,149.64491104615385,4436025.439719231,9547078.390530769
4075,BLACK BOY HOLLOW,GWYDIR HIGHWAY,GLEN INNES SEVERN,North,New England M3Ed3,-29.526129299999997,152.28747546666668,4899804.3861,9812941.283566667
4080,BANGO CREEK NTH - YASS BY PASS,HUME HIGHWAY,YASS VALLEY,South,HMO South M3Ed3,-34.065440090909085,148.54144629090908,4405890.948218182,9442114.554863635
4085,TIN ORE CREEK FIRE TRAIL,GWYDIR HIGHWAY,GLEN INNES SEVERN,North,New England M3Ed3,-29.539751425,152.266835325,4898395.80525,9810864.496475
4090,YARWOOD - YASS BY PASS,HUME HIGHWAY,YASS VALLEY,South,HMO South M3Ed3,-34.46352850625,148.533920971875,4362824.9020625,9440138.856940625
4095,BOUNDARY CREEK FALLS ROAD,GWYDIR HIGHWAY,GLEN INNES SEVERN,North,New England M3Ed3,-29.543839333333334,152.24094478333333,4898069.039566667,9808332.56525
4100,YASS EXIT NTH - YASS BY PASS,HUME HIGHWAY,YASS VALLEY,South,HMO South M3Ed3,-34.323234627272726,149.1806455,4378505.154609091,9502052.094345454
4105,CLIFFS FIRE LOOKOUT ROAD,GWYDIR HIGHWAY,GLEN INNES SEVERN,North,New England M3Ed3,-29.556947460000004,152.22608284,4896688.49714,9806819.5381
4110,DERRINGULLEN CREEK  NORTH BOUND,HUME HIGHWAY,YASS VALLEY,South,HMO South M3Ed3,-31.10834124705882,151.28001278235294,4727779.2515,9711970.574541176
4115,LOOP ROAD,GWYDIR HIGHWAY,GLEN INNES SEVERN,North,New England M3Ed3,-29.573798520000004,152.20199789999998,4894937.48879,9804392.66999
4120,ROUNDABOUT E/B,NEWCASTLE-MINMI,LAKE MACQUARIE,North,Newcastle M3Ed3,-32.5330416882353,150.39250838823529,4572971.514982353,9622567.302558824
4125,FLAT ROCK,GWYDIR HIGHWAY,GLEN INNES SEVERN,North,New England M3Ed3,-29.5891572,152.19006933333333,4893292.845366667,9803152.375500001
4130,MCGREGOR,HUME HIGHWAY,YASS VALLEY,South,HMO South M3Ed3,-31.32565045,151.0691212,4704514.7135333335,9691085.510483334
4135,NAYS ROAD,GWYDIR HIGHWAY,GLEN INNES SEVERN,North,New England M3Ed3,-29.60712051666667,152.17476788333332,4891375.6104,9801571.498325
4140,FITZPONDS,HUME HIGHWAY,YASS VALLEY,South,HMO South M3Ed3,-30.907283935714283,151.33406594642858,4750031.596335715,9717537.401842859
4145,WESTERN BREAK FIRE TRAIL,GWYDIR HIGHWAY,GLEN INNES SEVERN,North,New England M3Ed3,-29.621373066666667,152.15827798333333,4889875.100666666,9799896.428216668
4150,IST BOWNING TURNOFF,HUME HIGHWAY,YASS VALLEY,South,HMO South M3Ed3,-31.340833304166665,151.0416906375,4702938.727899999,9688377.923958333
4155,FROG HOLLOW FIRE LOOKOUT,GWYDIR HIGHWAY,GLEN INNES SEVERN,North,New England M3Ed3,-29.62928673333333,152.1376971,4889096.338211111,9797860.352966666
4160,BLACK HILL,GWYDIR HIGHWAY,GLEN INNES SEVERN,North,New England M3Ed3,-31.423971723076924,151.25947999615386,4693082.055611539,9708490.463715386
4165,EASTERN PRISON GATE,GWYDIR HIGHWAY,GLEN INNES SEVERN,North,New England M3Ed3,-29.630948677142857,152.11261017428572,4889031.41744,9795422.27024
4170,REARDONS,HUME HIGHWAY,YASS VALLEY,South,HMO South M3Ed3,-31.618368015625,150.892387521875,4672735.436096875,9673169.92238125
4175,PINE PLANTATION,GWYDIR HIGHWAY,GLEN INNES SEVERN,North,New England M3Ed3,-29.625258218749998,152.2239018625,4889070.3541875,9806236.69985625
4180,GLOVERS HILL,HUME HIGHWAY,YASS VALLEY,South,HMO South M3Ed3,-31.91148611875,151.0355067625,4639961.4392,9685338.17696875
4182,BRAYSHAW CREEK,GWYDIR HIGHWAY,GLEN INNES SEVERN,North,New England M3Ed3,-29.638764475,152.072878425,4888352.9022375,9791533.1288125
4185,BRAYSHAW CREEK NO2,GWYDIR HIGHWAY,GLEN INNES SEVERN,North,New England M3Ed3,-29.63981458,152.06385772,4888278.93434,9790654.112720001
4190,ROCKY HILL,GWYDIR HIGHWAY,GLEN INNES SEVERN,North,New England M3Ed3,-31.435479676923077,151.16169806153846,4692264.3664692305,9699011.781573076
4195,OLD GRAFTON ROAD EAST,GWYDIR HIGHWAY,GLEN INNES SEVERN,North,New England M3Ed3,-29.644966292307693,152.04456386923079,4887798.420207692,9788758.5312
4200,TWO MILE CK HILL,HUME HIGHWAY,YASS VALLEY,South,HMO South M3Ed3,-32.39218299,150.50395593000002,4588308.24695,9633634.74349
4205,1.3KM WEST OF COOPERS GULLY ROAD,SNOWY MOUNTAINS HIGHWAY,BEGA VALLEY,South,Bega M3Ed3,-30.37537696842105,151.79560871578946,4807753.868447368,9762524.036668422
4210,CLOVERLEA,GWYDIR HIGHWAY,GLEN INNES SEVERN,North,New England M3Ed3,-30.584403721052627,151.4195217236842,4785682.02315,9726483.511442106
4215,SIMS AT 200M EAST OF GARFIELDS ROAD (1ST OCC),SNOWY MOUNTAINS HIGHWAY,BEGA VALLEY,South,Bega M3Ed3,-31.388308600000002,151.44763520625,4696761.3522125,9725862.789725
4220,CONROYS GAP,HUME HIGHWAY,YASS VALLEY,South,HMO South M3Ed3,-32.91639626829269,150.23765642439022,4531096.710631707,9606625.871087804
4225,19 MILE HILL,GWYDIR HIGHWAY,GLEN INNES SEVERN,North,New England M3Ed3,-29.631125438888887,152.0625261666667,4889212.345077778,9790578.966222221
4227,BILLS LAST,GWYDIR HIGHWAY,GLEN INNES SEVERN,North,New England M3Ed3,-29.64282772,151.98878456,4888294.976606667,9783369.645993333
4230,WALLS FLAT ROAD,SNOWY MOUNTAINS HIGHWAY,BEGA VALLEY,South,Bega M3Ed3,-32.350271479999996,150.62460937333333,4592661.057903334,9645033.378983332
4235,SHANNON VALE ROAD,GWYDIR HIGHWAY,GLEN INNES SEVERN,North,New England M3Ed3,-29.6429068125,151.96251788749998,4888407.4285125,9780826.135925
4240,1.2KM WEST OF WALLS FLAT ROAD,SNOWY MOUNTAINS HIGHWAY,BEGA VALLEY,South,Bega M3Ed3,-33.843933934615386,150.05522638846153,4429079.274303846,9585856.21195
4245,SEVERN VIEW,GWYDIR HIGHWAY,GLEN INNES SEVERN,North,New England M3Ed3,-29.638105333333332,151.9337158,4889071.7895,9778062.697366668
4250,STH OF CONROYS GAP,HUME HIGHWAY,YASS VALLEY,South,HMO South M3Ed3,-33.73308171428572,149.62473153809523,4442314.494752381,9546300.276114287
4255,BRIAN DONNELLYS,GWYDIR HIGHWAY,GLEN INNES SEVERN,North,New England M3Ed3,-33.147754625,150.80831220833332,4504078.790800001,9658972.351708334
4260,STONEY CREEK - NTH BOUND,HUME HIGHWAY,YASS VALLEY,South,HMO South M3Ed3,-31.631455984615386,150.6705076269231,4672065.250607693,9652069.94185
4265,AWKWARD GULLY,GWYDIR HIGHWAY,GLEN INNES SEVERN,North,New England M3Ed3,-29.653211386666666,151.93774450666666,4887352.4549,9778381.446433334
4268,300M WEST OF WENTS ROAD,SNOWY MOUNTAINS HIGHWAY,BEGA VALLEY,South,Bega M3Ed3,-36.65360134,149.68698606,4119451.14812,9540424.91196
4270,BURRINJUCK DAM TURNOFF - NTH BND,HUME HIGHWAY,YASS VALLEY,South,HMO South M3Ed3,-33.628385190909086,149.47804083636365,4454277.7743045455,9533016.575704545
4273,GLENMORE STOCK YARDS,GWYDIR HIGHWAY,GLEN INNES SEVERN,North,New England M3Ed3,-29.671610100000002,151.8751669,4885624.5821,9772220.20075
4277,GLEN EDEN EAST,GWYDIR HIGHWAY,GLEN INNES SEVERN,North,New England M3Ed3,-29.6765257,151.8665292,4885118.7734,9771358.7393
4280,STOCK UNDERPASS,HUME HIGHWAY,YASS VALLEY,South,HMO South M3Ed3,-34.908006183333335,148.98014952916665,4314256.565754167,9481277.675741667
4283,CHRISPS ROAD,GWYDIR HIGHWAY,GLEN INNES SEVERN,North,New England M3Ed3,-29.687635450000002,151.8508314,4883958.13335,9769782.179200001
4285,FARLOWS FLAT SB,PACIFIC HIGHWAY,CLARENCE VALLEY,North,Far North Coast M3Ed3,-29.44675715,153.22825855,4903567.09035,9904631.99375
4287,CUTTERS RIDGE,GWYDIR HIGHWAY,GLEN INNES SEVERN,North,New England M3Ed3,-29.695139108333333,151.84328728333332,4883160.3744250005,9769013.496075
4290,SHANNON VALE,GWYDIR HIGHWAY,GLEN INNES SEVERN,North,New England M3Ed3,-32.0822320125,150.897247125,4621707.1953374995,9671335.5153625
4295,RONARA PARK EAST,GWYDIR HIGHWAY,GLEN INNES SEVERN,North,New England M3Ed3,-29.7124672,151.82326037142857,4881329.556257143,9766986.7831
4300,BOOKHAM - NTH BOUND,HUME HIGHWAY,YASS VALLEY,South,HMO South M3Ed3,-34.037319616,149.64824571199998,4408776.357644,9547099.362151999
4305,BEARDY PLAINS ROAD,GWYDIR HIGHWAY,GLEN INNES SEVERN,North,New England M3Ed3,-29.727982750000002,151.80605830000002,4879686.6752,9765243.286249999
4310,CHILDOWLA ROAD,HUME HIGHWAY,YASS VALLEY,South,HMO South M3Ed3,-34.34801515609756,149.39321613658535,4375079.529336586,9522083.664917074
4320,CONNORS CREEK C CARRIAGEWAY,HUME HIGHWAY,YASS VALLEY,South,HMO South M3Ed3,-35.20814440714285,148.8343161142857,4281393.938942857,9466621.166521428
4330,1.3KM WEST OF KAMERUKA ROAD,SNOWY MOUNTAINS HIGHWAY,BEGA VALLEY,South,Bega M3Ed3,-34.314218692857146,149.96345844285716,4376566.844664286,9576736.332721429
4335,AB2 EIGHTEEN MILE CREEK BRIDGE,SNOWY MOUNTAINS HIGHWAY,BEGA VALLEY,South,Bega M3Ed3,-36.6583958,149.6155703,4119081.0098,9534022.8393
4340,DEEPWATER,HUME HIGHWAY,YASS VALLEY,South,HMO South M3Ed3,-35.31382540909091,148.87331352727273,4269596.018981818,9469904.89269091
4350,WHITEFIELDS,HUME HIGHWAY,YASS VALLEY,South,HMO South M3Ed3,-35.45759734705882,148.94234091764707,4253517.958694118,9475819.132605882
4360,MOGILLA ROAD(TO CANDELLO) INTERSECTION,SNOWY MOUNTAINS HIGHWAY,BEGA VALLEY,South,Bega M3Ed3,-36.13934287272727,149.30639952727273,4177234.048954545,9507246.079363637
4365,WATTS LN - ANDERSON LN SB,PACIFIC HIGHWAY,CLARENCE VALLEY,North,Far North Coast M3Ed3,-29.4096372,153.2426603,4907595.9173,9906274.4669
4370,START CONCRETE ROAD,HUME HIGHWAY,YASS VALLEY,South,HMO South M3Ed3,-32.10619835,150.9075075,4617210.3127500005,9675039.8677
4380,GOWLANDS,HUME HIGHWAY,HILLTOPS,South,HMO South M3Ed3,-34.88900785714286,148.59695612380952,4317203.438847619,9445804.733211905
4390,FIVE MILE CREEK,HUME HIGHWAY,HILLTOPS,South,HMO South M3Ed3,-34.90708755294117,148.58306202352944,4315211.897552941,9444483.776329413
4400,THE ROCK,HUME HIGHWAY,HILLTOPS,South,HMO South M3Ed3,-34.802626808695656,148.49167216956522,4326948.18526087,9436414.160882609
4405,"1.3KM WEST OF BARRETTS ROAD, BEMBOKA",SNOWY MOUNTAINS HIGHWAY,BEGA VALLEY,South,Bega M3Ed3,-36.61417015,149.5446456875,4124147.9774375,9527797.9204875
4410,BERREMANGRA,HUME HIGHWAY,HILLTOPS,South,HMO South M3Ed3,-34.805025683333334,148.47833286666665,4326699.6137,9435190.587133333
4415,500M EAST OF BRIDGE OVER BROWNS CREEK,SNOWY MOUNTAINS HIGHWAY,BEGA VALLEY,South,Bega M3Ed3,-36.613506754545455,149.53326760909093,4124246.3899181816,9526781.340772728
4420,REEDY CREEK,HUME HIGHWAY,HILLTOPS,South,HMO South M3Ed3,-35.0823651969697,148.62360004545454,4295676.192760605,9447733.35799091
4430,SECOND HALF ABIGANO CONCRETE,HUME HIGHWAY,HILLTOPS,South,HMO South M3Ed3,-35.415043447222224,148.80010059166665,4258462.882258333,9462991.55188889
4440,450M EAST OF NUNNOCK RIVER,SNOWY MOUNTAINS HIGHWAY,BEGA VALLEY,South,Bega M3Ed3,-36.31441183333333,149.32320686666665,4157798.67145,9508432.988758333
4445,CHATSWORTH RD SB,PACIFIC HIGHWAY,CLARENCE VALLEY,North,Far North Coast M3Ed3,-29.3854928,153.2425259,4910271.5774,9906421.4645
4450,STEAM ENGINE,HUME HIGHWAY,HILLTOPS,South,HMO South M3Ed3,-35.20132522702703,148.65128285135134,4282419.309954054,9449962.263051352
4460,LEIGHTONS CONCRETE,HUME HIGHWAY,HILLTOPS,South,HMO South M3Ed3,-35.039135278125,148.541803484375,4300593.05633125,9440386.6714375
4461,640M WEST OF HYDRO POWER STATION ENTRANCE START OF OVERTAKING LANE,SNOWY MOUNTAINS HIGHWAY,BEGA VALLEY,South,Bega M3Ed3,-36.610669,149.47503369999998,4124686.42265,9521576.63245
4470,NTH OF JUGIONG CREEK,HUME HIGHWAY,HILLTOPS,South,HMO South M3Ed3,-34.98083188636363,148.48137464545454,4307152.736877273,9435021.038872726
4480,JUGIONG CREEK NORTH BOUND,HUME HIGHWAY,HILLTOPS,South,HMO South M3Ed3,-34.85862092765957,148.4709354744681,4320642.865489362,9434463.370693617
4490,MR381 TO DUNOLLY ROAD,HUME HIGHWAY,HILLTOPS,South,HMO South M3Ed3,-34.81539422666666,148.33184164666667,4325730.298333334,9421780.423606666
4500,BELMONT ROAD TO MR381,HUME HIGHWAY,HILLTOPS,South,HMO South M3Ed3,-34.825508588,148.315058888,4324628.417932,9420231.833804
4505,NORTH ARM BRIDGE SB,SILVER CITY HIGHWAY,BROKEN HILL,West,Far West State M3Ed3,-31.405918120000003,143.84787958,4689777.27738,9005580.99588
4510,COONEYS CK TO BELMONT ROAD,HUME HIGHWAY,HILLTOPS,South,HMO South M3Ed3,-34.59369784482759,147.6395162724138,4348925.338244827,9356553.403517243
4512,NEAR SUNDOWN TRAIL,SILVER CITY HIGHWAY,UNINCORPORATED NSW,West,Far West State M3Ed3,-31.8796777,141.5091213,4638195.0297,8781055.3926
4515,ILUKA INTERCHANGE SB,PACIFIC HIGHWAY,CLARENCE VALLEY,North,Far North Coast M3Ed3,-29.364361866666666,153.25106423333332,4912563.0476,9907390.1735
4520,TO COONEYS CREEK,HUME HIGHWAY,COOTAMUNDRA-GUNDAGAI REGIONAL,South,HMO South M3Ed3,-34.885730008108105,148.04368433513514,4317065.379251352,9393955.819724325
4530,WILLS ALLEN N/B,HUME HIGHWAY,COOTAMUNDRA-GUNDAGAI REGIONAL,South,HMO South M3Ed3,-35.22116772173913,149.25448115652173,4278346.9260173915,9507016.416904349
4534,STEPHENS CREEK STAGE 2/,SILVER CITY HIGHWAY,UNINCORPORATED NSW,West,Far West State M3Ed3,-31.7968334,141.5207111,4647420.1281,8781668.4531
4535,MORORO CK SB,PACIFIC HIGHWAY,CLARENCE VALLEY,North,Far North Coast M3Ed3,-29.3426914,153.2420633,4915016.2521,9906660.2655
4540,SOMERSET,HUME HIGHWAY,COOTAMUNDRA-GUNDAGAI REGIONAL,South,HMO South M3Ed3,-34.85146365384615,148.90045455384615,4320023.6046538465,9475412.13866923
4545,MORORO RD SB,PACIFIC HIGHWAY,CLARENCE VALLEY,North,Far North Coast M3Ed3,-29.3253304,153.2326578,4916994.3351,9905862.1389
4550,BLACK SPRINGS,HUME HIGHWAY,COOTAMUNDRA-GUNDAGAI REGIONAL,South,HMO South M3Ed3,-35.464459866666665,148.61731307,4253229.3641,9446278.629136669
4560,COGGINS,HUME HIGHWAY,COOTAMUNDRA-GUNDAGAI REGIONAL,South,HMO South M3Ed3,-34.25554603,146.8868372,4385410.40428,9286040.462720001
4565,SMITHS WELL CREEK,SILVER CITY HIGHWAY,UNINCORPORATED NSW,West,Far West State M3Ed3,-31.6708872,141.6274899,4661883.202,8791043.0947
4570,MUNGI MUNGI,HUME HIGHWAY,COOTAMUNDRA-GUNDAGAI REGIONAL,South,HMO South M3Ed3,-34.901674,148.19458971111112,4316316.331733334,9409121.679266667
4575,JACKYBULBIN ROAD SB,PACIFIC HIGHWAY,CLARENCE VALLEY,North,Far North Coast M3Ed3,-29.3014051,153.2143928,4919750.9864,9904246.6226
4580,NTH COOLAC INTERCHANGE,HUME HIGHWAY,COOTAMUNDRA-GUNDAGAI REGIONAL,South,HMO South M3Ed3,-34.675151416666665,148.3845363125,4340722.713675,9427993.152966667
4585,PINE ROAD EXTENSION SB,PACIFIC HIGHWAY,CLARENCE VALLEY,North,Far North Coast M3Ed2,-29.2794695,153.2166608,4922168.3395,9904611.6957
4590,STH COOLAC INTERCHANGE,HUME HIGHWAY,COOTAMUNDRA-GUNDAGAI REGIONAL,South,HMO South M3Ed3,-34.78389905454546,148.48097023636365,4328600.949345455,9435976.388090909
4600,NTH MUTTAMA CK BRIDGE,HUME HIGHWAY,COOTAMUNDRA-GUNDAGAI REGIONAL,South,HMO South M3Ed3,-34.80791111304348,147.87699890434783,4326205.046243479,9379225.532130435
4610,STH MUTTAMA CK BRIDGE,HUME HIGHWAY,COOTAMUNDRA-GUNDAGAI REGIONAL,South,HMO South M3Ed3,-34.977089577777775,148.13943098888888,4308010.870266667,9403992.160611112
4620,NTH DOG ON TUCKERBOX,HUME HIGHWAY,COOTAMUNDRA-GUNDAGAI REGIONAL,South,HMO South M3Ed3,-34.85538814444445,147.87685042222222,4321053.355296296,9379270.153007407
4625,NEAR EURIOWIE,SILVER CITY HIGHWAY,UNINCORPORATED NSW,West,Far West State M3Ed3,-31.3239539,141.6223431,4700256.1121,8788577.5453
4630,CLIMBING LANE DOG T/BOX,HUME HIGHWAY,COOTAMUNDRA-GUNDAGAI REGIONAL,South,HMO South M3Ed3,-34.99627228333333,148.1134515,4305909.499633334,9401598.501466667
4640,STURTS MEADOWS (2ND OCC,SILVER CITY HIGHWAY,UNINCORPORATED NSW,West,Far West State M3Ed3,-33.66199302857143,146.76280845714285,4448932.594414285,9273535.897414286
4645,NEAR TEILTA RD,SILVER CITY HIGHWAY,UNINCORPORATED NSW,West,Far West State M3Ed3,-31.1643018,141.6625347,4718124.3381,8791492.7672
4650,FOUR MILE HILL,HUME HIGHWAY,COOTAMUNDRA-GUNDAGAI REGIONAL,South,HMO South M3Ed3,-33.076847075,144.8923675,4512426.96285,9096890.767675001
4656,FOWLERS GAP HILL,SILVER CITY HIGHWAY,UNINCORPORATED NSW,West,Far West State M3Ed3,-31.1044376,141.691471,4724891.7245,8793910.1434
4657,FOWLERS GAP,SILVER CITY HIGHWAY,UNINCORPORATED NSW,West,Far West State M3Ed3,-31.1019526,141.7024369,4725219.888,8794940.7217
4660,FOUR MILE STRAIT,HUME HIGHWAY,COOTAMUNDRA-GUNDAGAI REGIONAL,South,HMO South M3Ed3,-35.02525212,148.10938012000003,4302700.13406,9401192.89222
4665,NEAR TELEPHONE CREEK,SILVER CITY HIGHWAY,UNINCORPORATED NSW,West,Far West State M3Ed3,-31.068988,141.7396324,4729048.4118,8798299.9451
4670,SMART'S PADDOCK,HUME HIGHWAY,COOTAMUNDRA-GUNDAGAI REGIONAL,South,HMO South M3Ed3,-35.03033284,148.10901417999997,4302137.12548,9401153.53318
4680,GAP FLAT,SILVER CITY HIGHWAY,UNINCORPORATED NSW,West,Far West State M3Ed3,-33.02368855,144.94707590000002,4518573.8802000005,9101717.242800001
4690,SANDY CREEK,SILVER CITY HIGHWAY,UNINCORPORATED NSW,West,Far West State M3Ed3,-34.23082454,146.84492906,4388374.74924,9281398.58074
4700,HOSPITAL CUT,HUME HIGHWAY,COOTAMUNDRA-GUNDAGAI REGIONAL,South,HMO South M3Ed3,-35.05327685,148.09740240000002,4299604.19045,9400067.741799999
4705,BULL OAK CREEK,SILVER CITY HIGHWAY,UNINCORPORATED NSW,West,Far West State M3Ed3,-30.8981073,141.7749442,4748135.9806,8800717.8979
4709,1.765KM STH OF AWABAKAL DR,PACIFIC HIGHWAY,LAKE MACQUARIE,North,Central Coast M3Ed2,-33.1543232,151.612172,4501114.8437,9729724.4212
4710,UNDERPASS,HUME HIGHWAY,COOTAMUNDRA-GUNDAGAI REGIONAL,South,HMO South M3Ed3,-35.061816916666665,148.09516195833334,4298659.371883334,9399853.519408332
4717,680M STH OF AWABAKAL DR,PACIFIC HIGHWAY,LAKE MACQUARIE,North,Central Coast M3Ed3,-33.14616,151.612546,4502016.9247,9729799.1694
4728,NEAR COKO CREEK,SILVER CITY HIGHWAY,UNINCORPORATED NSW,West,Far West State M3Ed3,-30.7381928,141.845987,4766179.8923,8806626.5712
4730,SHEAHAN BRIDGE NTH BND,HUME HIGHWAY,COOTAMUNDRA-GUNDAGAI REGIONAL,South,HMO South M3Ed3,-35.07391,148.0945835,4297318.9733,9399786.7288
4750,CAMS WHARF ROAD,PACIFIC HIGHWAY,LAKE MACQUARIE,North,Central Coast M3Ed3,-33.1300883,151.6286666,4503729.5141,9731379.189
4760,JESSUP'S LAGOON,HUME HIGHWAY,COOTAMUNDRA-GUNDAGAI REGIONAL,South,HMO South M3Ed3,-33.969481525,146.5523618375,4416953.275175,9253264.773275
4765,PACKSADDLE REST AREA,SILVER CITY HIGHWAY,UNINCORPORATED NSW,West,Far West (State) M3Ed2,-30.6021669,141.9638701,4781794.0273,8817175.4569
4770,WILLIE PLOMA,HUME HIGHWAY,COOTAMUNDRA-GUNDAGAI REGIONAL,South,HMO South M3Ed3,-35.0984993,148.07179565,4294613.867149999,9397681.4036
4780,BIG BEN CREEK,HUME HIGHWAY,COOTAMUNDRA-GUNDAGAI REGIONAL,South,HMO South M3Ed3,-34.6058389,148.953715675,4346962.573725,9480462.164725
4790,PERKINS,HUME HIGHWAY,COOTAMUNDRA-GUNDAGAI REGIONAL,South,HMO South M3Ed3,-35.1094302,148.0540051,4293418.2464,9396047.8405
4800,SNOWBALL STRAIT,HUME HIGHWAY,COOTAMUNDRA-GUNDAGAI REGIONAL,South,HMO South M3Ed3,-35.11178636666667,148.04873806666666,4293161.799400001,9395565.272566667
4810,BAREENA,HUME HIGHWAY,COOTAMUNDRA-GUNDAGAI REGIONAL,South,HMO South M3Ed3,-35.1219222,148.02315598,4292060.94234,9393223.22658
4820,BOB LUFF ROAD,HUME HIGHWAY,COOTAMUNDRA-GUNDAGAI REGIONAL,South,HMO South M3Ed3,-35.13909528000001,148.00362066,4290173.85546,9391425.05754
4830,TUMBLONG,HUME HIGHWAY,COOTAMUNDRA-GUNDAGAI REGIONAL,South,HMO South M3Ed3,-35.14278843333333,147.9958512,4289771.092283334,9390713.407125
4840,TURNER'S,HUME HIGHWAY,COOTAMUNDRA-GUNDAGAI REGIONAL,South,HMO South M3Ed3,-35.14354775,147.98730035,4289694.27445,9389933.72935
4850,JONES,HUME HIGHWAY,COOTAMUNDRA-GUNDAGAI REGIONAL,South,HMO South M3Ed3,-35.142583877777774,147.96815923333332,4289817.475344445,9388191.20728889
4860,OLD BATCH PLANT,HUME HIGHWAY,COOTAMUNDRA-GUNDAGAI REGIONAL,South,HMO South M3Ed3,-35.1424260375,147.943602125,4289855.4398125,9385954.486925
4870,YELLOW CREEK,HUME HIGHWAY,COOTAMUNDRA-GUNDAGAI REGIONAL,South,HMO South M3Ed3,-35.14459650625,147.92556168125,4289629.4723,9384309.07705625
4880,BIG CUT,HUME HIGHWAY,COOTAMUNDRA-GUNDAGAI REGIONAL,South,HMO South M3Ed3,-35.148972900000004,147.91923141,4289149.2478,9383728.20366
4890,HILLAS CREEK,HUME HIGHWAY,COOTAMUNDRA-GUNDAGAI REGIONAL,South,HMO South M3Ed3,-35.15415006,147.91053615,4288582.051349999,9382931.23017
4900,HILLAS CREEK,HUME HIGHWAY,COOTAMUNDRA-GUNDAGAI REGIONAL,South,HMO South M3Ed3,-35.171440276,147.882262868,4286686.7193,9380340.044092
4910,PARKLEA / HW4,HUME HIGHWAY,COOTAMUNDRA-GUNDAGAI REGIONAL,South,HMO South M3Ed3,-35.17913843,147.86381525,4285847.084319999,9378653.10868
4920,PARKLEA,HUME HIGHWAY,COOTAMUNDRA-GUNDAGAI REGIONAL,South,HMO South M3Ed3,-35.17869686666666,147.8501917,4285906.2332,9377413.0752
4930,DELTROIT RD,HUME HIGHWAY,COOTAMUNDRA-GUNDAGAI REGIONAL,South,HMO South M3Ed3,-35.02370582142857,148.1058115785714,4302424.50135,9401444.151307143
4940,X200 M TO END G'RAIL,HUME HIGHWAY,COOTAMUNDRA-GUNDAGAI REGIONAL,South,HMO South M3Ed3,-35.188457795238094,147.81932394285715,4284846.226171428,9374594.050138095
4950,TRUCK PARK  BAY EXIT,HUME HIGHWAY,COOTAMUNDRA-GUNDAGAI REGIONAL,South,HMO South M3Ed3,-35.20360603333334,147.81542175,4283169.082933334,9374225.670933334
4960,FROM WAGGA ONLOAD,HUME HIGHWAY,WAGGA WAGGA,South,HMO South M3Ed3,-35.21403093529412,147.80694444117648,4282018.938205882,9373445.10212353
4970,HW 14 JUNCTION,HUME HIGHWAY,WAGGA WAGGA,South,HMO South M3Ed3,-35.21930596875,147.7930041125,4281443.6601875,9372171.8915
4980,DELLATORY CREEK,HUME HIGHWAY,WAGGA WAGGA,South,HMO South M3Ed3,-35.236465426923075,147.77438786794872,4279553.310007692,9370463.62992564
4990,TARCUTTA BYPASS NTH END LONG TYNE,HUME HIGHWAY,WAGGA WAGGA,South,HMO South M3Ed3,-35.07293633333334,148.07334735833334,4296893.050225,9398582.065641666
5000,CHANGE SEAL(NEAR MT.YOR,GREAT WESTERN HIGHWAY,BLUE MOUNTAINS,West,Central West M3Ed3,-34.938299359999995,148.23232442,4311745.7192400005,9413235.39828
5010,TARCUTTA BYPASS STH END LONG TYNE,HUME HIGHWAY,WAGGA WAGGA,South,HMO South M3Ed3,-34.64197812222223,148.27749468888888,4344175.037544444,9419367.291483333
5020,NEAR GLENELLEN PROPERTY,FEDERAL HIGHWAY,GOULBURN MULWAREE,South,HMO North M3Ed3,-34.08575932142857,149.91509015714286,4403324.703414286,9570199.26265
5030,START O/TAKING LANE(EB),GREAT WESTERN HIGHWAY,LITHGOW,West,Central West M3Ed3,-32.44505034,150.163304195,4582720.163315,9598301.327165
5040,GRAFTON STREET,GWYDIR HIGHWAY,GLEN INNES SEVERN,North,New England M3Ed3,-32.02842907142857,150.07585455238095,4628290.059123809,9593833.465723809
5043,,SILVER CITY HIGHWAY,UNINCORPORATED NSW,West,Far West State M3Ed3,-30.3562166,142.0381415,4809376.0656,8822995.7515
5047,SHANNONS CK SEAL,SILVER CITY HIGHWAY,UNINCORPORATED NSW,West,Far West State M3Ed3,-30.3260033,142.0414784,4812738.0278,8823157.326
5050,COMATAWA CREEK,HUME HIGHWAY,WAGGA WAGGA,South,HMO South M3Ed3,-34.68930123333333,148.65651292222222,4338574.360051852,9452964.57432963
5060,ALLOOMBA,HUME HIGHWAY,WAGGA WAGGA,South,HMO South M3Ed3,-35.0156468,148.53696230714286,4302820.105914285,9440607.243350001
5065,NEAR WHITE CLIFFS RD,SILVER CITY HIGHWAY,UNINCORPORATED NSW,West,Far West State M3Ed3,-30.1964299,142.1008735,4827361.607,8828191.2646
5070,100M SOUTH OF TELECOM S,FEDERAL HIGHWAY,GOULBURN MULWAREE,South,HMO North M3Ed3,-34.58203573157895,149.15550657894735,4349828.957742105,9498291.7611
5075,COBHAM SAND HILLS * STA,SILVER CITY HIGHWAY,UNINCORPORATED NSW,West,Far West State M3Ed3,-30.1630633,142.1116102,4831106.6274,8829051.3983
5080,550M STH OF WALLARAH PENINSULA O/PASS,PACIFIC HIGHWAY,LAKE MACQUARIE,North,Central Coast M3Ed3,-34.759341122222224,148.59037193333333,4330478.015416667,9447009.187066667
5090,WOLLOGORANG CK2-WOLLOGO,FEDERAL HIGHWAY,GOULBURN MULWAREE,South,HMO North M3Ed3,-34.563055911111114,149.6876181111111,4351271.285788889,9546594.128833333
5095,COBHAM SAND HILLS * END,SILVER CITY HIGHWAY,UNINCORPORATED NSW,West,Far West State M3Ed3,-30.1036262,142.078457,4837541.6494,8825549.3014
5100,KILGOWLAH CREEK,HUME HIGHWAY,WAGGA WAGGA,South,HMO South M3Ed3,-35.15635123333333,148.40998816666666,4287450.080306667,9428646.464933334
5110,FROM ROSALIE,HUME HIGHWAY,WAGGA WAGGA,South,HMO South M3Ed3,-34.24739168529412,148.92418097647058,4386818.978570588,9479572.190255882
5112,START FORTY BENDS,GREAT WESTERN HIGHWAY,LITHGOW,West,Central West M3Ed3,-33.514426,150.1418043,4466316.2873,9591578.889
5120,END 40 BENDS JOB,GREAT WESTERN HIGHWAY,LITHGOW,West,Central West M3Ed3,-34.387875447058825,148.81445754411766,4371472.649291176,9469123.18415
5130,COALLY CAUSEWAY,SILVER CITY HIGHWAY,UNINCORPORATED NSW,West,Far West State M3Ed3,-34.16563470645161,148.8725673548387,4395298.900616129,9473807.97558387
5140,KEAJURA CK 2ND CROSSING,HUME HIGHWAY,WAGGA WAGGA,South,HMO South M3Ed3,-34.90058131086956,148.18969799130434,4315792.7383130435,9410267.327323914
5150,KEAJURA CREEK,HUME HIGHWAY,WAGGA WAGGA,South,HMO South M3Ed3,-33.87464516216217,148.5654069189189,4427774.323205405,9447935.609754054
5151,ENTRANCE ROWES LAGOON P,FEDERAL HIGHWAY,GOULBURN MULWAREE,South,HMO North M3Ed3,-34.894220325,149.5113734,4315009.045825,9529407.518375
5160,COL SAY,GWYDIR HIGHWAY,GLEN INNES SEVERN,North,New England M3Ed3,-34.22343774285714,148.51677906857142,4389813.575348571,9443521.047825715
5161,STH OF ROWES LAGOON RES,FEDERAL HIGHWAY,GOULBURN MULWAREE,South,HMO North M3Ed3,-34.894758053333334,149.50389447999999,4314965.834153334,9528723.042686667
5165,FARMERS CK AB1,GREAT WESTERN HIGHWAY,LITHGOW,West,Central West M3Ed3,-33.4715934,150.1243111,4471109.0966,9590097.8298
5170,NTHBND ACCESS CONNECTING TO MR384,HUME HIGHWAY,WAGGA WAGGA,South,HMO South M3Ed3,-34.643322482258064,148.35448886612903,4343875.41301129,9426461.053201614
5172,,SILVER CITY HIGHWAY,UNINCORPORATED NSW,West,Far West State M3Ed3,-29.7394059,141.9080501,4877109.8474,8807165.7505
5180,REDDESTONE CREEK,GWYDIR HIGHWAY,GLEN INNES SEVERN,North,New England M3Ed3,-34.583310407142854,148.09052767380953,4350425.609835714,9401543.621109525
5185,WILLOW TREE CK SOUTH AB,FEDERAL HIGHWAY,GOULBURN MULWAREE,South,HMO North M3Ed3,-34.6070156,149.60778412,4346583.85484,9539163.19376
5190,ROSEFIELD,GWYDIR HIGHWAY,GLEN INNES SEVERN,North,New England M3Ed3,-34.29851029090909,148.75942816363636,4381411.072968182,9464344.583727272
5200,KYEAMBA CK,HUME HIGHWAY,WAGGA WAGGA,South,HMO South M3Ed3,-33.769366190625,149.36108671093749,4438789.5905875,9521959.645476563
5205,COOCHEALLA HILLS,SILVER CITY HIGHWAY,UNINCORPORATED NSW,West,Far West State M3Ed3,-29.5260333,141.958153,4900993.2672,8810869.0449
5210,BR COXS R AB2 TO END D,GREAT WESTERN HIGHWAY,LITHGOW,West,Central West M3Ed3,-34.252109245901636,148.9478093737705,4386166.055734427,9480264.948549181
5220,FROM PARKING BAY,HUME HIGHWAY,WAGGA WAGGA,South,HMO South M3Ed3,-34.54340035692308,148.52006714307691,4354254.050756923,9440108.421750769
5225,BRISCOE ST,SILVER CITY HIGHWAY,UNINCORPORATED NSW,West,Far West State M3Ed3,-29.4354478,142.009474,4911273.6712,8815364.0492
5230,NEAR CATTLE CREEP 600M,FEDERAL HIGHWAY,GOULBURN MULWAREE,South,HMO North M3Ed3,-33.15155884318182,149.50627331818183,4506533.365704545,9538486.716109091
5240,NEAR G80 SIGN,HUME HIGHWAY,GREATER HUME,South,HMO South M3Ed3,-34.98574652321428,148.21524902857144,4306286.985401786,9412522.559378572
5245,WATERLOO AIRSTRIP,GWYDIR HIGHWAY,GLEN INNES SEVERN,North,New England M3Ed3,-29.723667925,151.584662575,4881128.260158333,9743846.53515
5250,CROSS OVER IN MIDDLE WARRAH,HUME HIGHWAY,GREATER HUME,South,HMO South M3Ed3,-34.30164696944444,148.64449018888888,4381019.395766666,9454832.900969444
5253,FISCHERS LANE SB,PACIFIC HIGHWAY,CLARENCE VALLEY,North,Far North Coast M3Ed2,-29.3764565,153.2501881,4911228.1854,9907224.8787
5260,WATERLOO ROAD,GWYDIR HIGHWAY,GLEN INNES SEVERN,North,New England M3Ed3,-34.56308069473685,148.37336014210527,4352544.6560421055,9429110.828852631
5270,PROPERTY ENTRANCE WINDE,FEDERAL HIGHWAY,QUEANBEYAN-PALERANG,South,HMO North M3Ed3,-32.49499157,150.020566255,4578187.415635,9588223.243135002
5280,GLENELG LANE,HUME HIGHWAY,GREATER HUME,South,HMO South M3Ed3,-33.85530824833333,149.10644981333334,4429597.545593333,9498806.162836667
5290,NEAR MEDIAN OPENING AND,FEDERAL HIGHWAY,QUEANBEYAN-PALERANG,South,HMO North M3Ed3,-34.27943702323232,148.73017375454546,4383409.118349495,9462447.399514142
5300,CULVERT MURRAYS LAGOON,FEDERAL HIGHWAY,QUEANBEYAN-PALERANG,South,HMO North M3Ed3,-34.709438594736845,149.1522641263158,4335842.249194737,9497624.397089474
5310,BILLABONG CREEK,HUME HIGHWAY,GREATER HUME,South,HMO South M3Ed3,-34.44747916363636,148.99655136818183,4364898.588588636,9484500.438875
5320,CONSTRUCTION JOINT 500M,GREAT WESTERN HIGHWAY,LITHGOW,West,Central West M3Ed3,-34.20178649722222,149.28900028472222,4391706.991843056,9511736.683094446
5330,CHANGE CONCRETE CONSTRU,FEDERAL HIGHWAY,QUEANBEYAN-PALERANG,South,HMO North M3Ed3,-34.97202516086956,148.5802805173913,4307485.546160869,9445074.984373912
5340,MIRRABOOKA LANE,HUME HIGHWAY,GREATER HUME,South,HMO South M3Ed3,-35.17242623,148.22690416199998,4285735.6470139995,9412506.876376
5350,160M NORTH OF BADCOE VC,FEDERAL HIGHWAY,QUEANBEYAN-PALERANG,South,HMO North M3Ed3,-34.9300429475,148.71762133,4311966.54985,9457634.3520575
5360,LITHGOW/EVANS BOUNDARY,GREAT WESTERN HIGHWAY,BATHURST REGIONAL,West,Central West M3Ed3,-33.89798480789474,149.50637073947368,4425087.482026316,9532267.293813158
5370,STOCK UNDERPASS,HUME HIGHWAY,GREATER HUME,South,HMO South M3Ed3,-34.976093546,148.620705974,4306991.276838,9448718.660908
5380,GUARDRAIL(WEST SUNNY CO,GREAT WESTERN HIGHWAY,BATHURST REGIONAL,West,Central West M3Ed3,-34.763948912903224,149.00024012903225,4330018.608009677,9483669.81802258
5390,NEAR G105 SIGN,HUME HIGHWAY,GREATER HUME,South,HMO South M3Ed3,-34.832032356756756,148.30529936216217,4323250.828962162,9420668.864632433
5400,RANKINS LANE TURN OFF,HUME HIGHWAY,GREATER HUME,South,HMO South M3Ed3,-34.85633151842105,148.2663487868421,4320611.589831579,9417057.530721053
5410,REST AREA,HUME HIGHWAY,GREATER HUME,South,HMO South M3Ed3,-34.99712732692308,148.1059761076923,4305220.792580769,9402130.541092308
5415,RD TO WAMBOOL,GREAT WESTERN HIGHWAY,BATHURST REGIONAL,West,Central West M3Ed3,-33.4502626,149.77126082,4474396.92627,9557387.41318
5420,NORTH OF HOLBROOK CONCRETE,HUME HIGHWAY,GREATER HUME,South,HMO South M3Ed3,-34.30754022692308,148.83432123076923,4380662.957930769,9470059.195115386
5425,265M NTH OF OLD PUNT RD,PACIFIC HIGHWAY,PORT STEPHENS,North,Newcastle M3Ed3,-32.80048505,151.7160887,4539848.0647,9741169.35935
5430,START WB O/TAKING(NAPOL,GREAT WESTERN HIGHWAY,BATHURST REGIONAL,West,Central West M3Ed3,-34.32089581081081,148.7978178027027,4379238.047571621,9466696.398405405
5440,START EB CLIMBING LANE(,GREAT WESTERN HIGHWAY,BATHURST REGIONAL,West,Central West M3Ed3,-35.094411334090914,147.96253736136362,4294608.477295455,9388884.45445
5450,SOUTH OF HOLBROOK,HUME HIGHWAY,GREATER HUME,South,HMO South M3Ed3,-35.23757929375,147.82555125625,4278918.276125,9376121.9786375
5455,GLANMIRE STG 3,GREAT WESTERN HIGHWAY,BATHURST REGIONAL,West,Central West M3Ed3,-33.425535525,149.6775785875,4477362.8785875,9548758.6379125
5456,RAMP ON FROM RICHARDSON RD,PACIFIC HIGHWAY,PORT STEPHENS,North,Newcastle M3Ed3,-32.7439729,151.7735777,4545858.7763,9746829.4976
5457,RAMP FROM RICHO RD - START OF CONCRETE,PACIFIC HIGHWAY,PORT STEPHENS,North,Newcastle M3Ed3,-32.7372822,151.7793852,4546574.47,9747406.6321
5467,START OF CONCRETE,PACIFIC HIGHWAY,PORT STEPHENS,North,Newcastle M3Ed3,-32.72575,151.786223,4547821.5831,9748104.8046
5470,SOUTH OF HOLBROOK - BENDEMEER LANE,HUME HIGHWAY,GREATER HUME,South,HMO South M3Ed3,-35.35788227586207,147.69381226206895,4265755.635217241,9363871.424296552
5480,TERIPTA NTH BND,HUME HIGHWAY,GREATER HUME,South,HMO South M3Ed3,-35.7742010375,147.278811075,4220129.5942125,9325211.069225
5482,ABT1 BALICKERA CHANNEL,PACIFIC HIGHWAY,PORT STEPHENS,North,Newcastle M3Ed3,-32.675127,151.8251294,4553257.0286,9752003.7715
5497,MEDOWIE RD,PACIFIC HIGHWAY,PORT STEPHENS,North,Newcastle M3Ed3,-32.6530416,151.8625599,4555538.8431,9755621.485
5510,WIRRUNA-SPRING VALLEY NTH BND,HUME HIGHWAY,GREATER HUME,South,HMO South M3Ed3,-35.443299,146.99960201578946,4256211.576410526,9298202.023189474
5520,SANDY CREEK NTH BND,HUME HIGHWAY,GREATER HUME,South,HMO South M3Ed3,-35.79259332647059,147.25728896176471,4218093.754029412,9323260.05684853
5530,MOUNTAIN CREEK NTH BND,HUME HIGHWAY,GREATER HUME,South,HMO South M3Ed3,-35.82244410416667,147.23189586916666,4214786.930180834,9320957.096355833
5540,BLUE METAL HILL,HUME HIGHWAY,GREATER HUME,South,HMO South M3Ed3,-35.83872204,147.2062603953846,4212985.553406154,9318636.815718463
5550,WYOLA,HUME HIGHWAY,GREATER HUME,South,HMO South M3Ed3,-35.80094612542373,147.27049598474576,4216987.679132204,9324720.924684744
5560,RYANS CREEK,HUME HIGHWAY,GREATER HUME,South,HMO South M3Ed3,-35.879685247727274,147.17856496818183,4208444.661281818,9316126.681413637
5570,MULLENGANDRA,HUME HIGHWAY,GREATER HUME,South,HMO South M3Ed3,-35.89576528823529,147.16774442941175,4206661.905305883,9315146.597558824
5580,SWEET WATER CREEK,HUME HIGHWAY,GREATER HUME,South,HMO South M3Ed3,-35.911443571111114,147.15147231999998,4204924.295437777,9313674.862104446
5590,MULLENGANDRA CREEK,HUME HIGHWAY,GREATER HUME,South,HMO South M3Ed3,-35.915654524324324,147.1259958108108,4204460.03607027,9311374.342556756
5600,NEWTONS RD,HUME HIGHWAY,GREATER HUME,South,HMO South M3Ed3,-35.92333185897436,147.08938742307691,4203611.493958974,9308068.94975641
5610,YELLOW CREEK,HUME HIGHWAY,GREATER HUME,South,HMO South M3Ed3,-35.924967099999996,147.06467655,4203431.6865,9305838.327025
5620,THORPS HILL,HUME HIGHWAY,GREATER HUME,South,HMO South M3Ed3,-35.92456810588235,147.0396279882353,4203477.086211764,9303577.426411765
5630,TABLE TOP CREEK,HUME HIGHWAY,GREATER HUME,South,HMO South M3Ed3,-35.92473878,147.020178436,4203458.6474440005,9301821.865776
5640,HUNTERVIEW RD,PACIFIC HIGHWAY,MID-COAST,North,Newcastle M3Ed3,-35.62508990606061,147.00497274848485,4235970.558675758,9299890.618215151
5645,HUNTERVIEW RD,PACIFIC HIGHWAY,MID-COAST,North,Newcastle M3Ed3,-32.6331331,152.0447067,4556932.8215,9772782.0569
5650,SOUTH OF BELL'S RD NORTHBOUND,HUME HIGHWAY,ALBURY,South,HMO South M3Ed3,-35.952824066666665,147.00393374166666,4200342.078766667,9300355.469066666
5655,GOOREENGI RD 2ND OCCASION,PACIFIC HIGHWAY,MID-COAST,North,Newcastle M3Ed3,-32.61903375,152.07168275,4558370.76725,9775384.0418
5660,TABLE TOP DUALS,HUME HIGHWAY,ALBURY,South,HMO South M3Ed3,-35.97078887692308,147.0038544769231,4198348.3992,9300348.24916923
5670,NORTH ABUT GEARYS GAP B,FEDERAL HIGHWAY,QUEANBEYAN-PALERANG,South,HMO North M3Ed3,-35.39546871730769,148.51155692115384,4260478.654948077,9437996.419080768
5680,CHANGE CONSTRUCTION JOI,FEDERAL HIGHWAY,QUEANBEYAN-PALERANG,South,HMO North M3Ed3,-35.648109032307694,147.93757119076923,4233173.886358462,9385431.604230769
5690,BROOKS CK,FEDERAL HIGHWAY,QUEANBEYAN-PALERANG,South,HMO North M3Ed3,-35.77401125,147.63725972777777,4219510.348703704,9358070.27266111
5700,CHANGE SEAL AC - THURGOONA DR,HUME HIGHWAY,ALBURY,South,HMO South M3Ed3,-35.99484386578947,147.09446934473684,4195550.66938421,9308633.422010526
5710,START CONC NEAR GUNDARO,FEDERAL HIGHWAY,QUEANBEYAN-PALERANG,South,HMO North M3Ed3,-35.623666191304345,148.0858278521739,4235716.266430435,9398934.191952175
5720,160M SOUTH OF BUNGENDOR,FEDERAL HIGHWAY,QUEANBEYAN-PALERANG,South,HMO North M3Ed3,-35.1520037,149.32984259999998,4286815.19454,9512190.56532
5727,AB2 BN10279 NERONG WATERHOLE GAP,PACIFIC HIGHWAY,MID-COAST,North,Newcastle M3Ed3,-32.5426632,152.1651822,4566392.8597,9784559.1558
5730,500M NORTH OF ENTRANCE,FEDERAL HIGHWAY,QUEANBEYAN-PALERANG,South,HMO North M3Ed3,-34.482748433333335,150.08807493333333,4358624.7176,9584494.9889
5740,500M SOUTH OF ENTRANCE,FEDERAL HIGHWAY,QUEANBEYAN-PALERANG,South,HMO North M3Ed3,-34.90112873333333,149.5804371222222,4313808.560533334,9536276.644255556
5742,SPLIT YARD CREEK AB2,PACIFIC HIGHWAY,MID-COAST,North,Newcastle M3Ed3,-32.5194266,152.2049227,4568779.2354,9788412.464
5747,AB2 BN10283 SPLIT YARD CREEK BRIDGE,PACIFIC HIGHWAY,MID-COAST,North,Newcastle M3Ed3,-32.5230185,152.19996455,4568404.9144,9787927.792100001
5750,NEAR DONNELLYS ROAD,FEDERAL HIGHWAY,QUEANBEYAN-PALERANG,South,HMO North M3Ed3,-34.49984467272727,150.04508485454545,4356689.0218,9580819.975681819
5755,START OF ASPHALT - NERONG,PACIFIC HIGHWAY,MID-COAST,North,Newcastle M3Ed3,-32.5099635,152.2108474,4569798.7281,9789020.2362
5760,800M SOUTH OF DONNELLYS,FEDERAL HIGHWAY,QUEANBEYAN-PALERANG,South,HMO North M3Ed3,-35.17277052222222,149.2997702888889,4284573.406266667,9509401.485144444
5770,NEAR  DONNELLYS CK,FEDERAL HIGHWAY,QUEANBEYAN-PALERANG,South,HMO North M3Ed3,-35.1762620875,149.2894539375,4284206.914425,9508453.8105875
5780,NEAR STOPPING AREA (ST.,FEDERAL HIGHWAY,QUEANBEYAN-PALERANG,South,HMO North M3Ed3,-35.1762344,149.2765222,4284235.7221,9507276.6376
5790,370M NORTH OF MACS REEF,FEDERAL HIGHWAY,QUEANBEYAN-PALERANG,South,HMO North M3Ed3,-35.17887785714286,149.26810867142856,4283959.287857143,9506504.350942858
5800,60M SOUTH OF QUEANBEYAN,FEDERAL HIGHWAY,QUEANBEYAN-PALERANG,South,HMO North M3Ed3,-35.1818398,149.2578950666667,4283651.026533333,9505567.477666667
5805,END CONCRETE AT SUTTON,FEDERAL HIGHWAY,QUEANBEYAN-PALERANG,South,HMO North M3Ed3,-34.57993917777778,149.89603943333333,4348186.188655555,9566947.763388889
5810,MYALL RIVER RD,PACIFIC HIGHWAY,MID-COAST,North,Newcastle M3Ed3,-32.46537825,152.1963366,4574800.5132,9787905.204950001
5815,CHANGE ASPHALT 2KM FROM,FEDERAL HIGHWAY,QUEANBEYAN-PALERANG,South,HMO North M3Ed3,-35.189778525,149.2259630875,4282833.204075,9502641.9641875
5825,ABUT 2 BRIDGE OVER ROAD,FEDERAL HIGHWAY,QUEANBEYAN-PALERANG,South,HMO North M3Ed3,-35.1970585,149.2179817,4282041.4784,9501898.3384
5835,CONC NOSE S/B OFFLOAD R,FEDERAL HIGHWAY,QUEANBEYAN-PALERANG,South,HMO North M3Ed3,-35.20523206666667,149.2024691,4281165.083416667,9500467.362366667
5840,1276M FROM AB2 BN10296 HOUSTON FLAT BRIDGE,PACIFIC HIGHWAY,MID-COAST,North,Newcastle M3Ed3,-32.437363,152.1920689,4577920.7133,9787659.0398
5910,740M NORTH OF ALUM MOUNTAIN TRAIL OVERPASS,PACIFIC HIGHWAY,MID-COAST,North,Newcastle M3Ed3,-32.3888871,152.224179,4583134.8211,9790940.93
5915,STUART STREET,PACIFIC HIGHWAY,MID-COAST,North,Newcastle M3Ed3,-32.3901929,152.222863,4582996.5014,9790810.1317
5920,END DIV CWY MEDIAN,WALLARAH-BLUE HAVEN,CENTRAL COAST,North,Central Coast M3Ed3,-33.2139478,151.4667893333333,4495102.921066667,9715904.868133334
5930,TOOHEYS ROAD BRIDGE,WALLARAH-BLUE HAVEN,CENTRAL COAST,North,Central Coast M3Ed3,-33.2091958,151.4855089,4495554.3046,9717669.3768
5950,DEVILS PULPIT NB,PACIFIC HIGHWAY,CLARENCE VALLEY,North,Far North Coast M3Ed2,-29.2775836,153.217053,4922375.0305,9904662.2454
5970,NEAR STH BOUND OFF LOAD,WALLARAH-BLUE HAVEN,CENTRAL COAST,North,Central Coast M3Ed2,-33.2200562,151.4423828,4494523.6233,9713604.9583
6000,WEATHER STATION RD NB,PACIFIC HIGHWAY,RICHMOND VALLEY,North,Far North Coast M3Ed3,-31.333065516666668,151.39952366666668,4701981.9473,9722445.934483333
6005,WEATHER STATION SB,MID WESTERN HIGHWAY,BATHURST REGIONAL,West,Central West M3Ed3,-32.9030157625,150.0072225,4533685.0640375,9582812.820575
6010,BOUNDARY 503 MELLONG GR,WINDSOR-MT THORLEY,SINGLETON,North,Upper Hunter M3Ed3,-33.32249557826087,149.88119139130436,4488139.819813044,9568080.311426086
6015,SHOWGROUND ROAD,MID WESTERN HIGHWAY,BLAND,South,Riverina East M3Ed3,-32.0331026375,149.1894267125,4629560.0120749995,9513272.8882125
6020,CENTRE OF SPRING CREEK BN10003,MID WESTERN HIGHWAY,BATHURST REGIONAL,West,Central West M3Ed3,-31.75285678181818,150.70847614545454,4658741.267827272,9654231.803009091
6025,TABBIMOBILE STATE FOREST SB,PACIFIC HIGHWAY,RICHMOND VALLEY,North,Far North Coast M3Ed2,-32.34911193333333,149.1805792,4593813.843033333,9511720.687766666
6030,EVANS PLAINS CREEK,MID WESTERN HIGHWAY,BATHURST REGIONAL,West,Central West M3Ed3,-31.57722399230769,151.01189361538462,4677330.390061539,9683215.884676922
6035,CONC NOSE N/B ONLOAD RA,FEDERAL HIGHWAY,QUEANBEYAN-PALERANG,South,HMO North M3Ed3,-34.29733458571429,149.6820825,4380092.726457143,9549346.118542857
6040,EAST OF LANGES LANE,MID WESTERN HIGHWAY,BATHURST REGIONAL,West,Central West M3Ed3,-32.795736507692304,149.57489453846154,4546037.014776923,9543398.507553846
6045,ABUT 2 BRIDGE OVER ROAD,FEDERAL HIGHWAY,QUEANBEYAN-PALERANG,South,HMO North M3Ed3,-34.10395976428571,149.3820155785714,4401835.660364286,9522039.417921428
6047,LESLIE CREEK ROAD,BRUXNER HIGHWAY,TENTERFIELD,North,New England M3Ed3,-28.90312455,152.4500423,4968057.1908,9832304.27485
6050,6050 - STH TOP SC HILL,WINDSOR-MT THORLEY,SINGLETON,North,Upper Hunter M3Ed3,-32.43710054117647,150.63373243529412,4583685.134611764,9642909.136711765
6055,SOUTH PACIFIC TRAIL SB,PACIFIC HIGHWAY,RICHMOND VALLEY,North,Far North Coast M3Ed3,-32.32732367142857,150.35104805,4595162.652635714,9620753.948364286
6060,6060 - BOT. STAIRCASE H,WINDSOR-MT THORLEY,SINGLETON,North,Upper Hunter M3Ed3,-31.760778645454547,150.8213221,4657409.188681818,9664809.74960909
6061,SEAL AREA AT N/B OFFLOA,FEDERAL HIGHWAY,QUEANBEYAN-PALERANG,South,HMO North M3Ed3,-35.181292,149.25091125,4283725.49075,9504933.052749999
6065,MINYUMBI ROAD SB,PACIFIC HIGHWAY,RICHMOND VALLEY,North,Far North Coast M3Ed3,-29.040670050000003,152.85051815,4950607.68675,9870462.43635
6070,START CONCRETE - MACS R,FEDERAL HIGHWAY,QUEANBEYAN-PALERANG,South,HMO North M3Ed3,-32.93617462972973,149.88711258108108,4528521.023243244,9572230.05057027
6075,SWAN BAY NEW ITALY RD SB,PACIFIC HIGHWAY,RICHMOND VALLEY,North,Far North Coast M3Ed3,-29.080667333333334,152.9951658,4945379.583466667,9884306.2838
6080,MACS REEF RD-YASS RIVER,FEDERAL HIGHWAY,QUEANBEYAN-PALERANG,South,HMO North M3Ed3,-32.915001516000004,150.198470388,4530523.895384,9601433.086604001
6085,OAK HOLLOW ROAD DRAKE,BRUXNER HIGHWAY,TENTERFIELD,North,New England M3Ed3,-30.660888885714286,149.07145154285715,4774090.008228571,9506467.421428572
6090,CHEVIOT HILLS ROAD DRAKE,BRUXNER HIGHWAY,TENTERFIELD,North,New England M3Ed3,-32.62765652727273,148.8189056772727,4562328.080531818,9471485.563554546
6095,GIRARD STATE FOREST,BRUXNER HIGHWAY,TENTERFIELD,North,New England M3Ed3,-29.65883844,150.69210086,4883126.89754,9663335.04546
6100,SAND QUARRY DONNELLYS C,FEDERAL HIGHWAY,QUEANBEYAN-PALERANG,South,HMO North M3Ed3,-32.83015849230769,150.4719970230769,4540119.853023076,9628307.540396154
6105,WEST OF YALGOGRIN,MID WESTERN HIGHWAY,BLAND,South,Riverina East M3Ed3,-30.299175849999997,151.704124425,4813088.496175,9758577.98045
6110,VALLEY VIEW,FEDERAL HIGHWAY,QUEANBEYAN-PALERANG,South,HMO North M3Ed3,-34.56331765714286,149.40207244571428,4351659.7386428565,9520658.277757142
6112,GIRARD AUXILLARY LANE W,BRUXNER HIGHWAY,TENTERFIELD,North,New England M3Ed3,-28.9248426,152.3317717,4966244.8319,9820639.9377
6115,BOWERBIRD ROAD,MID WESTERN HIGHWAY,BLAYNEY,West,Central West M3Ed3,-32.266018935,149.368738515,4602371.201135,9526158.239190001
6120,DONNELLYS RD,FEDERAL HIGHWAY,QUEANBEYAN-PALERANG,South,HMO North M3Ed3,-33.7706037125,149.938562525,4437022.854828125,9576136.091915624
6125,SOUTH OF NARRIAH MOUNTAIN,MID WESTERN HIGHWAY,BLAND,South,Riverina East M3Ed3,-31.835272673913042,150.18714302173913,4649307.067343479,9606876.79381739
6130,NTH DONNELLY RD-POWERLI,FEDERAL HIGHWAY,QUEANBEYAN-PALERANG,South,HMO North M3Ed3,-33.89075903214286,149.27494976785715,4424755.472632143,9512429.570139285
6135,CHANTERS LANE,MID WESTERN HIGHWAY,BLAND,South,Riverina East M3Ed3,-31.5827954,147.5680090375,4676939.6972,9360555.5276875
6140,(POWERLINES) - PET CEME,FEDERAL HIGHWAY,QUEANBEYAN-PALERANG,South,HMO North M3Ed3,-32.5308072,149.52074488235294,4572519.356823529,9538898.519511765
6143,SLATY CEEEK OT LANE,BRUXNER HIGHWAY,TENTERFIELD,North,New England M3Ed3,-28.90302105,152.2729864,4968956.22645,9815026.8052
6145,DUNGEON RD 140M FROM RD,MID WESTERN HIGHWAY,BLAYNEY,West,Central West M3Ed3,-33.50186384,149.29077012,4469761.69648,9512643.35352
6147,SLATY CREEK,BRUXNER HIGHWAY,TENTERFIELD,North,New England M3Ed3,-28.90366365,152.27063765,4968896.5377,9814793.992899999
6150,6150 - STH SIDE COBBS Y,WINDSOR-MT THORLEY,SINGLETON,North,Upper Hunter M3Ed3,-32.726144448,150.099574924,4551880.927952,9592299.513675999
6155,OLD DIP SANDY HILLS,BRUXNER HIGHWAY,TENTERFIELD,North,New England M3Ed3,-30.37420276666667,149.83566268888887,4808868.787988889,9579379.616955556
6160,SHEEPYARD CREEK,BRUXNER HIGHWAY,TENTERFIELD,North,New England M3Ed3,-31.16834214,149.53784136,4720718.91414,9545067.4185
6165,BOOROOK ROAD,BRUXNER HIGHWAY,TENTERFIELD,North,New England M3Ed3,-31.15891199411765,149.34328754117647,4723934.970317647,9530789.0247
6170,CLEAR CREEK,NR MENINDEE-BROKEN HILL,UNINCORPORATED NSW,West,Far West Local M3Ed3,-31.069405975000002,146.305157435,4729736.536135,9240331.583505
6175,CLEAR CREEK NO2,BRUXNER HIGHWAY,TENTERFIELD,North,New England M3Ed3,-32.22491184444445,148.3967849888889,4609338.790022222,9438188.453977779
6180,CLEAR CREEK NO3,BRUXNER HIGHWAY,TENTERFIELD,North,New England M3Ed3,-30.666084376923077,150.31367207692307,4775255.8250230765,9624044.389784615
6181,MIDDLETON VC REST AREA,FEDERAL HIGHWAY,QUEANBEYAN-PALERANG,South,HMO North M3Ed3,-35.141764375,149.335027075,4287939.89235,9512688.040775001
6185,BLACK PINCH,BRUXNER HIGHWAY,TENTERFIELD,North,New England M3Ed3,-31.364909926666666,148.79638776666667,4699646.6892,9478671.851013333
6190,BLACK PINCH NO2,BRUXNER HIGHWAY,TENTERFIELD,North,New England M3Ed3,-32.65194911875,148.585503075,4560592.6277125,9450010.02546875
6191,CHANGE CONCRETE AT SHIR,FEDERAL HIGHWAY,QUEANBEYAN-PALERANG,South,HMO North M3Ed3,-35.12632775,149.343462375,4289634.131425,9513494.659062501
6195,400M NTH OF BROOKS CK,FEDERAL HIGHWAY,QUEANBEYAN-PALERANG,South,HMO North M3Ed3,-31.419934666666666,151.07076557333332,4694333.529746667,9691239.77706
6200,ROAD TO BINYA,MID WESTERN HIGHWAY,CARRATHOOL,South,Riverina West M3Ed3,-31.801914835,149.866421795,4653029.440465,9575301.88048
6205,SHARMANS LANE,MID WESTERN HIGHWAY,CARRATHOOL,South,Riverina West M3Ed3,-30.845182257142856,150.18037796666667,4757538.767980953,9611615.64965238
6210,CHANGE CONSTRUCTION JOI,FEDERAL HIGHWAY,QUEANBEYAN-PALERANG,South,HMO North M3Ed3,-33.52201552631579,149.65798716578948,4465236.212086842,9548100.465302631
6212,NEAR RED HILL,NR MENINDEE-BROKEN HILL,UNINCORPORATED NSW,West,Far West Local M3Ed3,-32.0034837,141.5687662,4624789.3238,8787400.2882
6215,MCDONALDS CR SB,PACIFIC HIGHWAY,RICHMOND VALLEY,North,Far North Coast M3Ed3,-32.5498653,145.3851863125,4570064.3824125,9150772.5156
6217,MINDOO,BRUXNER HIGHWAY,TENTERFIELD,North,New England M3Ed3,-28.9733969,152.17432305,4961633.208533333,9805011.154216668
6220,ABUT 2 GEARYS GAP N/B,FEDERAL HIGHWAY,QUEANBEYAN-PALERANG,South,HMO North M3Ed3,-32.89735506842106,150.12163118421051,4533271.726473684,9594662.272368422
6225,SIMS GAP,MID WESTERN HIGHWAY,CARRATHOOL,South,Riverina West M3Ed3,-32.81727637142858,147.50099274285714,4545127.986814286,9351997.427957144
6230,SIM'S GAP,MID WESTERN HIGHWAY,CARRATHOOL,South,Riverina West M3Ed3,-33.59343582444445,148.33256991333332,4459238.205524445,9425567.858886667
6235,JENKINS ROAD,MID WESTERN HIGHWAY,CARRATHOOL,South,Riverina West M3Ed3,-32.0507831125,148.5766171875,4627291.15935,9456419.664725
6240,140M NORTH OF WHEATLEY,FEDERAL HIGHWAY,QUEANBEYAN-PALERANG,South,HMO North M3Ed3,-33.84466625151515,149.13054132121212,4431029.107745454,9497805.955
6245,MR 321 T0 GRIFFITH,MID WESTERN HIGHWAY,CARRATHOOL,South,Riverina West M3Ed3,-32.76334215384615,147.81067243846152,4549272.026576923,9382486.757084616
6247,SWAMP OAK CREEK WEST,BRUXNER HIGHWAY,TENTERFIELD,North,New England M3Ed3,-29.019789633333332,152.12670676666667,4956717.470766666,9800114.888766667
6250,MUNROS LANE WEST,MID WESTERN HIGHWAY,CARRATHOOL,South,Riverina West M3Ed3,-33.53081431304348,148.65617170434783,4465601.0447913045,9455627.323804347
6255,JENNING'S ROAD,MID WESTERN HIGHWAY,CARRATHOOL,South,Riverina West M3Ed3,-32.395269323076924,147.92841426923076,4590754.316692308,9393861.746253846
6260,NED'S ROCK,MID WESTERN HIGHWAY,CARRATHOOL,South,Riverina West M3Ed3,-33.665126961111106,148.32284753888888,4451490.713991667,9423723.006841667
6265,COOMBING CREEK,MID WESTERN HIGHWAY,BLAYNEY,West,Central West M3Ed3,-33.03804538333333,147.70426194444445,4520090.645144444,9370297.6283
6270,CHANGE CONCRETE CONSTRU,FEDERAL HIGHWAY,QUEANBEYAN-PALERANG,South,HMO North M3Ed3,-33.21159049032258,149.53005242580645,4500035.626577419,9537956.942487098
6275,KOCHS ROAD,BRUXNER HIGHWAY,TENTERFIELD,North,New England M3Ed3,-33.212413885714284,146.84939274285716,4502077.938585714,9289801.9832
6280,NEAR REMEMBRANCE DRIVE,FEDERAL HIGHWAY,QUEANBEYAN-PALERANG,South,HMO North M3Ed3,-33.76546789705883,148.7001381970588,4439706.1924,9458771.127367647
6285,ENDS AT ODONNELLS RD,MID WESTERN HIGHWAY,CARRATHOOL,South,Riverina West M3Ed3,-32.94677986,147.158806,4530838.22932,9319878.5133
6290,6290 - LG CUL FLOWER G,WINDSOR-MT THORLEY,SINGLETON,North,Upper Hunter M3Ed3,-33.35916337647058,149.08609555294117,4483748.151405882,9496186.536929412
6295,COMMON ROAD,BRUXNER HIGHWAY,TENTERFIELD,North,New England M3Ed3,-31.901874608333333,148.45808778333333,4644187.024,9445518.974408334
6300,DARRYL MCCARTHYS,BRUXNER HIGHWAY,TENTERFIELD,North,New England M3Ed3,-33.631923425000004,148.95851413125,4454575.30575625,9483342.42039375
6301,ABT1 COOLONGOLOOK RIVER,PACIFIC HIGHWAY,MID-COAST,North,Newcastle M3Ed3,-32.2626351,152.3276687,4596614.4538,9801371.1143
6305,YARRAND DOWNS,MID WESTERN HIGHWAY,CARRATHOOL,South,Riverina West M3Ed3,-33.9451868375,145.848366775,4422379.657075,9193634.3639125
6310,300M SOUTH OF HAUL ROAD,FEDERAL HIGHWAY,QUEANBEYAN-PALERANG,South,HMO North M3Ed3,-33.90407885909091,149.61022962272727,4423624.134663636,9541786.902172728
6315,YOUNGS LANE,MID WESTERN HIGHWAY,CARRATHOOL,South,Riverina West M3Ed3,-33.951884741176464,145.8069019882353,4421594.389041177,9189813.242717646
6320,WEEROONA,MID WESTERN HIGHWAY,BLAYNEY,West,Central West M3Ed3,-33.94437938461538,148.5373889,4421142.621007692,9441991.80528077
6325,NORTH EAST OF DUMOSSA R,MID WESTERN HIGHWAY,CARRATHOOL,South,Riverina West M3Ed3,-33.9648443,145.7579184,4420105.5856,9185306.7156
6330,DUMOSSA ROAD,MID WESTERN HIGHWAY,CARRATHOOL,South,Riverina West M3Ed3,-33.3378085375,149.21742761250002,4486371.894945833,9507100.7133875
6335,GOOLGOWI,MID WESTERN HIGHWAY,CARRATHOOL,South,Riverina West M3Ed3,-33.981495499999994,145.71101525,4418207.883850001,9180998.662700001
6340,390M STH OF KENNEDYS GAP RD,PACIFIC HIGHWAY,MID-COAST,North,Newcastle M3Ed3,-33.264392155555555,149.14734294444443,4494408.691744444,9501780.292905556
6345,SALEYARD LANE,MID WESTERN HIGHWAY,CARRATHOOL,South,Riverina West M3Ed3,-33.99055505,145.6943380875,4417184.8042375,9179471.6257125
6350,LIMESTONE CREEK,MID WESTERN HIGHWAY,BLAYNEY,West,Central West M3Ed3,-33.72219463181818,147.9258131090909,4445891.006304545,9386221.718909092
6355,PALMYRA TANK,MID WESTERN HIGHWAY,CARRATHOOL,South,Riverina West M3Ed3,-34.00989549166667,145.6572181,4414998.10315,9176072.728341667
6360,JEANELLA,MID WESTERN HIGHWAY,CARRATHOOL,South,Riverina West M3Ed3,-33.556462859999996,147.710869,4462942.40649,9367418.64648
6365,ARCADIA LANE,MID WESTERN HIGHWAY,CARRATHOOL,South,Riverina West M3Ed3,-34.00683415,145.608592975,4415278.594675,9171580.7433
6370,BOOROOLA,MID WESTERN HIGHWAY,CARRATHOOL,South,Riverina West M3Ed3,-33.34725608181818,147.24134878181817,4485674.2925,9326118.92810909
6375,GREEN HILLS ROAD,MID WESTERN HIGHWAY,CARRATHOOL,South,Riverina West M3Ed3,-34.01198580769231,145.55995124615384,4414646.901161538,9167099.534592308
6380,WOODBINE,MID WESTERN HIGHWAY,CARRATHOOL,South,Riverina West M3Ed3,-33.74088963333333,146.85887490833332,4443259.250750001,9288141.310266666
6385,MR 244 (TO CARRATHOOL),MID WESTERN HIGHWAY,CARRATHOOL,South,Riverina West M3Ed3,-34.04053596,145.5215747466667,4411433.602446667,9163602.79516
6390,WAH WAH TANK,MID WESTERN HIGHWAY,CARRATHOOL,South,Riverina West M3Ed3,-33.790493149999996,146.64674889285715,4437926.956514286,9268423.364207143
6395,BASSANO,MID WESTERN HIGHWAY,CARRATHOOL,South,Riverina West M3Ed3,-34.049605925,145.48459165833333,4410379.579687499,9160205.619433334
6400,KINGSTON PARK,MID WESTERN HIGHWAY,CARRATHOOL,South,Riverina West M3Ed3,-33.52101617307692,147.7905529,4466350.952907693,9375158.810653847
6405,CARREGO LANE,MID WESTERN HIGHWAY,CARRATHOOL,South,Riverina West M3Ed3,-34.04906763125,145.444054075,4410384.28248125,9156465.42415
6410,KINGSTON PARK,MID WESTERN HIGHWAY,CARRATHOOL,South,Riverina West M3Ed3,-33.92420919655173,145.9849940137931,4423626.7589,9206865.446206896
6415,GUNBAR,MID WESTERN HIGHWAY,CARRATHOOL,South,Riverina West M3Ed3,-34.046777885714285,145.4087086214286,4410588.903714286,9153201.209414285
6420,10M STH OF HOUSE NUMBER 13175,PACIFIC HIGHWAY,MID-COAST,North,Newcastle M3Ed3,-34.100924274074075,147.1474777074074,4403119.1135777775,9313957.561996296
6421,START OF CONCRETE,PACIFIC HIGHWAY,MID-COAST,North,Newcastle M3Ed3,-32.1904363,152.3255129,4604614.2975,9801576.0664
6425,BRI BRI TANK,MID WESTERN HIGHWAY,CARRATHOOL,South,Riverina West M3Ed3,-34.06820508125,145.36803805625,4408156.55270625,9149486.706525
6430,FIVE OAKS ROAD,MID WESTERN HIGHWAY,CARRATHOOL,South,Riverina West M3Ed3,-33.94382768888889,145.95267774444446,4421301.5216666665,9203977.014
6435,,MID WESTERN HIGHWAY,CARRATHOOL,South,Riverina West M3Ed3,-34.08822436666667,145.33096663333333,4405884.089066667,9146103.3744
6440,COLLECTOR T/O TO COLLEC,FEDERAL HIGHWAY,GOULBURN MULWAREE,South,HMO North M3Ed3,-32.867912875,150.493492675,4534289.1111625,9629816.3222875
6441,460M NTH OF MELALEUCA DR,PACIFIC HIGHWAY,MID-COAST,North,Newcastle M3Ed3,-32.1707557,152.3264585,4606787.62155,9801776.1808
6450,MIRROOL CREEK 65KM,MID WESTERN HIGHWAY,CARRATHOOL,South,Riverina West M3Ed3,-34.27048619,146.12372296,4385369.30802,9218798.49392
6455,OTE ARO YARDS,MID WESTERN HIGHWAY,CARRATHOOL,South,Riverina West M3Ed3,-34.120516172222224,145.27529364999998,4402222.253055556,9141029.456461111
6460,COLLECTOR BYPASS T/OFF,FEDERAL HIGHWAY,GOULBURN MULWAREE,South,HMO North M3Ed3,-34.14721048965517,146.21684554482758,4398686.5429034475,9227898.844868965
6465,BERANGERINE,MID WESTERN HIGHWAY,CARRATHOOL,South,Riverina West M3Ed3,-34.142553760000006,145.23149436666665,4399712.627413333,9137034.081286667
6470,CONC N/B STOCK UNDERPAS,FEDERAL HIGHWAY,GOULBURN MULWAREE,South,HMO North M3Ed3,-34.42961105333333,148.50944907333331,4366431.2337,9438606.532266667
6475,IRRIGATION CHANNEL,MID WESTERN HIGHWAY,HAY,South,Riverina West M3Ed3,-34.168905040909095,145.2126904090909,4396762.954754545,9135351.458268182
6480,WONGALEA ROAD,MID WESTERN HIGHWAY,HAY,South,Riverina West M3Ed3,-34.25299497692308,147.1566585076923,4386429.526338462,9314485.920211539
6485,OLD-GALAH,MID WESTERN HIGHWAY,HAY,South,Riverina West M3Ed3,-34.20885224166667,145.16803165000002,4392264.809258333,9131315.496108333
6490,WARRENDALE ROAD,MID WESTERN HIGHWAY,HAY,South,Riverina West M3Ed3,-34.075413610344825,147.7191621724138,4405448.502686206,9367080.398806896
6495,GALAH TANK,MID WESTERN HIGHWAY,HAY,South,Riverina West M3Ed3,-34.24265311875,145.13532941875,4388465.7460125,9128371.50264375
6500,DOWNEY,MID WESTERN HIGHWAY,HAY,South,Riverina West M3Ed3,-34.23581375238095,146.048435,4388690.767835714,9212653.952178571
6505,,MID WESTERN HIGHWAY,HAY,South,Riverina West M3Ed3,-34.27967472368421,145.10335246578947,4384310.000913158,9125503.086021053
6510,INT 329 TO P/P 284,MID WESTERN HIGHWAY,HAY,South,Riverina West M3Ed3,-34.07700231111111,145.98525767777778,4406278.415811111,9207316.037592592
6515,NORTH ILLILAWA TANK,MID WESTERN HIGHWAY,HAY,South,Riverina West M3Ed3,-34.322686589999996,145.07117545333332,4379489.135063333,9122631.055550002
6520,20 MILE GUMS,MID WESTERN HIGHWAY,HAY,South,Riverina West M3Ed3,-33.88504332647059,148.33367035882355,4425763.539835295,9424641.13790588
6525,,MID WESTERN HIGHWAY,HAY,South,Riverina West M3Ed3,-34.350990708333335,145.05125114166665,4376318.370916666,9120857.584116666
6530,ROWES LAGOON-CRISPS STO,MID WESTERN HIGHWAY,HAY,South,Riverina West M3Ed3,-34.070059591428574,147.43962054285714,4405896.698305714,9341756.061828572
6535,,MID WESTERN HIGHWAY,HAY,South,Riverina West M3Ed3,-34.3773239375,145.02422612916666,4373353.334749999,9118428.752958333
6540,6540 - CRV BOT HOWES MT S/SHALE PIT CNR,WINDSOR-MT THORLEY,SINGLETON,North,Upper Hunter M3Ed3,-34.26070353,146.55109823333333,4385399.466503333,9259394.175296666
6545,MCINTYRES CORNER,MID WESTERN HIGHWAY,HAY,South,Riverina West M3Ed3,-34.40429003076923,145.00387745,4370329.253215385,9116616.067669231
6550,RUTHERFORD,MID WESTERN HIGHWAY,HAY,South,Riverina West M3Ed3,-34.330486074999996,145.8673818611111,4377984.137172222,9196429.666583333
6555,RADIO TOWER,MID WESTERN HIGHWAY,HAY,South,Riverina West M3Ed3,-34.451989247368424,144.98491200526317,4365009.41361579,9114975.923542107
6560,ILLIAWA,MID WESTERN HIGHWAY,HAY,South,Riverina West M3Ed3,-34.714843975,147.8300219125,4335200.1499499995,9375520.9666125
6565,BIRRIWA,MID WESTERN HIGHWAY,HAY,South,Riverina West M3Ed3,-34.47246511764706,144.9525212294118,4362682.263664706,9112046.660158824
6570,KAROOLA,MID WESTERN HIGHWAY,HAY,South,Riverina West M3Ed3,-34.48186975666667,145.74704158,4361308.3752833335,9185099.127036666
6575,BIRRIWA,MID WESTERN HIGHWAY,HAY,South,Riverina West M3Ed3,-34.497037266666666,144.91042945,4359882.445183333,9108237.695483334
6580,`STURTS MARKED TREE',MID WESTERN HIGHWAY,HAY,South,Riverina West M3Ed3,-34.43910735833334,146.55360978333334,4365622.084050001,9259370.207358332
6585,HAY TOWN,MID WESTERN HIGHWAY,HAY,South,Riverina West M3Ed3,-34.4971933,144.86424426666667,4359779.444133333,9104000.170766667
6590,6590 - STH TANK CNR NTH,WINDSOR-MT THORLEY,SINGLETON,North,Upper Hunter M3Ed3,-33.33049727142857,149.84685741428572,4485503.8304,9566116.3586
6600,6600 - NTH GORDONSS AVE,WINDSOR-MT THORLEY,SINGLETON,North,Upper Hunter M3Ed3,-33.66647725714286,150.33323477142858,4448695.9672,9609497.721685713
6610,END OF AC TO CURRAWONG,FEDERAL HIGHWAY,GOULBURN MULWAREE,South,HMO North M3Ed3,-34.51534052307692,149.7915204,4356227.403853847,9556482.168015385
6620,STH CLOVERLEY FARM GATE,FEDERAL HIGHWAY,GOULBURN MULWAREE,South,HMO North M3Ed3,-33.80020855,150.2514212125,4434122.59625,9601462.435975
6630,STH OF FLYOVER-GLENELLE,FEDERAL HIGHWAY,GOULBURN MULWAREE,South,HMO North M3Ed3,-34.81394017777777,149.60437911111111,4323699.370033334,9538123.495355556
6640,FLYOVER TO SH2,FEDERAL HIGHWAY,GOULBURN MULWAREE,South,HMO North M3Ed3,-34.46828921666667,149.82529588333333,4361352.154166666,9559738.48275
6650,6650 - S/O/DARKY CK CV,WINDSOR-MT THORLEY,SINGLETON,North,Upper Hunter M3Ed3,-32.770996479999994,150.92128876,4546186.9622599995,9666980.51004
6660,NTH OF DARKEY CREEK,WINDSOR-MT THORLEY,SINGLETON,North,Upper Hunter M3Ed3,-32.7634176,150.92380116666666,4547017.279566667,9667247.049433334
6680,6680,WINDSOR-MT THORLEY,SINGLETON,North,Upper Hunter M3Ed3,-32.7429583,150.9322588,4549252.7855,9668123.5754
6690,TERRYS CREEK HEADING NO,WINDSOR-MT THORLEY,SINGLETON,North,Upper Hunter M3Ed2,-32.7275568,150.9439393,4550916.8237,9669280.9503
6700,DARKEY CREEK,WINDSOR-MT THORLEY,SINGLETON,North,Upper Hunter M3Ed3,-32.7235266,150.94451185,4551361.0248,9669351.3914
6710,250M NORTH FROM AB2 DAR,WINDSOR-MT THORLEY,SINGLETON,North,Upper Hunter M3Ed3,-32.72040035,150.9461148,4551701.494899999,9669514.4982
6720,280M SOUTH OF FIREPLACE,WINDSOR-MT THORLEY,SINGLETON,North,Upper Hunter M3Ed3,-32.71675075,150.94673205,4552103.396625,9669587.5406
6730,_FROM:,WINDSOR-MT THORLEY,SINGLETON,North,Upper Hunter M3Ed3,-32.7132424,150.9451498,4552497.4393,9669454.1214
6740,FIREPLACE / REST AREA,WINDSOR-MT THORLEY,SINGLETON,North,Upper Hunter M3Ed3,-32.70591645,150.95381935625,4553277.8670125,9670296.3399625
6750,1.3KM NE OF FIREPLACE / REST AREA,WINDSOR-MT THORLEY,SINGLETON,North,Upper Hunter M3Ed3,-32.70227791666667,150.96356263333334,4553646.147083334,9671223.697683332
6760,360M SOUTH OF HOUSE NUM,WINDSOR-MT THORLEY,SINGLETON,North,Upper Hunter M3Ed3,-32.69885365625,150.97364256875,4553989.4152375,9672181.7461125
6770,HOUSE NUMBER 2861 HEADI,WINDSOR-MT THORLEY,SINGLETON,North,Upper Hunter M3Ed3,-32.69469707142857,150.98870505714285,4554395.8474,9673609.431185713
6780,BULGA CREEK,WINDSOR-MT THORLEY,SINGLETON,North,Upper Hunter M3Ed3,-32.6946353,150.9980484,4554369.2467,9674484.4261
6790,HOUSE NUMBER 2529,WINDSOR-MT THORLEY,SINGLETON,North,Upper Hunter M3Ed3,-32.6866507,151.010639,4555208.0775,9675697.1241
7002,BELLEVUE ROAD  TENTERFI,BRUXNER HIGHWAY,TENTERFIELD,North,New England M3Ed3,-29.05350715,152.03118145000002,4953431.3188000005,9790623.365899999
7004,EAST STREET  TENTERFIEL,BRUXNER HIGHWAY,TENTERFIELD,North,New England M3Ed3,-29.0531119,152.0272152,4953493.7723,9790239.0024
7005,60/80KM EASTERN BDY,MITCHELL HIGHWAY,BATHURST REGIONAL,West,Central West M3Ed3,-33.4127630625,149.5237379375,4479133.53535,9534503.2892625
7006,BULWER STREET  TENTERFI,BRUXNER HIGHWAY, ,North,New England M3Ed3,-29.0535419,152.0193878,4953482.7911,9789473.99365
7007,WALSH LANE-MEANYS,PACIFIC HIGHWAY,BALLINA,North,Far North Coast M3Ed2,-28.9775367,153.4619773,4954175.7927,9930512.6012
7010,DUNKELD AUX LANE,MITCHELL HIGHWAY,BATHURST REGIONAL,West,Central West M3Ed3,-33.411655280000005,149.50322780000002,4479302.15769,9532600.79303
7015,OLD BOGOTVILLE RD SB,PACIFIC HIGHWAY,BALLINA,North,Far North Coast M3Ed2,-28.9765664,153.4343024,4954450.0043,9927822.3437
7020,QUARRY TO EGLINGTON T-O,MITCHELL HIGHWAY,BATHURST REGIONAL,West,Central West M3Ed3 2022-2023,-33.406269,149.4918582,4479924.0897,9531558.7704
7025,BINGAL CREEK SB,PACIFIC HIGHWAY,BALLINA,North,Far North Coast M3Ed3,-28.962672400000002,153.429263,4956020.0822,9927426.1358
7030,DUNKELD,MITCHELL HIGHWAY,BATHURST REGIONAL,West,Central West M3Ed3,-33.40665726666666,149.47981458333334,4479907.7027,9530438.803033333
7040,ROCKS 1 TO ROCKS 2,MITCHELL HIGHWAY,BATHURST REGIONAL,West,Central West M3Ed3,-33.41315656,149.4663175,4479217.4335199995,9529167.80732
7050,,MITCHELL HIGHWAY,BATHURST REGIONAL,West,Central West M3Ed3,-33.4195511,149.44349975,4478558.884816666,9527031.4298
7060,TELECOM BOX,MITCHELL HIGHWAY,BATHURST REGIONAL,West,Central West M3Ed3,-33.422976633333334,149.43576705,4478196.198633334,9526304.2444
7070,ROCKS HILL CURVE,MITCHELL HIGHWAY,BATHURST REGIONAL,West,Central West M3Ed3,-33.42526545,149.42691886666665,4477961.78415,9525476.425183333
7075,MEREDIAN DRIVE SB,PACIFIC HIGHWAY,BALLINA,North,Far North Coast M3Ed3,-28.9305873,153.4579054,4959403.5345,9930437.8683
7080,ROCKS 3 & 4,MITCHELL HIGHWAY,BATHURST REGIONAL,West,Central West M3Ed3,-33.422329175,149.41631441250001,4478309.88305,9524498.902525
7085,COOLGARDIE RD INTERCHANGE SB,PACIFIC HIGHWAY,BALLINA,North,Far North Coast M3Ed3,-28.925653599999997,153.4712227,4959869.86665,9931770.208
7090,ROCKS 5,MITCHELL HIGHWAY,BATHURST REGIONAL,West,Central West M3Ed3 2022-2023,-33.425886999999996,149.39512196666666,4477961.1112,9522521.239466667
7100,ACT BORDER,BARTON HIGHWAY,YASS VALLEY,South,HMO South M3Ed3,-33.744769276470585,149.99903004117647,4440099.170452941,9579937.640152942
7105,START OF CONCRETE,PACIFIC HIGHWAY,MID-COAST,North,Newcastle M3Ed3,-32.1137296,152.3708749,4612883.8269,9806281.4655
7110,CHURCH,BARTON HIGHWAY,YASS VALLEY,South,HMO South M3Ed3,-34.35899427692308,149.20089816153848,4374937.674876923,9502441.674784616
7120,CHURCH LANE,BARTON HIGHWAY,YASS VALLEY,South,HMO South M3Ed3,-34.13782574117647,149.22980481176472,4399392.3965176465,9505612.616323529
7125,BALANCING CANAL SB,PACIFIC HIGHWAY,BALLINA,North,Far North Coast M3Ed3,-28.8740325,153.4897256,4965478.9712,9933930.1405
7130,SPRING RANGE RD,BARTON HIGHWAY,YASS VALLEY,South,HMO South M3Ed3,-34.00092181666667,149.24062091666667,4414544.768633333,9506917.112049999
7135,MAD MILE - BEDULLUCK FLATS,BARTON HIGHWAY,YASS VALLEY,South,HMO South M3Ed3,-35.126504045833336,149.0466167375,4290182.83845,9486454.7359625
7140,LITTLE BEDULLUCK CK,BARTON HIGHWAY,YASS VALLEY,South,HMO South M3Ed3,-34.335782634375,149.258612553125,4377251.19960625,9508011.957034376
7145,OPPOSITE ENTRY TO SERVICE STATION,PACIFIC HIGHWAY,MID-COAST,North,Newcastle M3Ed3,-32.0923545,152.3881188,4615165.4613,9808027.6166
7150,END OF O/TAKING LANE,BARTON HIGHWAY,YASS VALLEY,South,HMO South M3Ed3,-34.16981848333333,149.18100903333334,4395945.420636111,9501023.966219446
7160,GUYONG,MITCHELL HIGHWAY,CABONNE,West,Central West M3Ed3,-33.792040344444445,149.2209409333333,4437736.261188889,9505551.826133333
7165,CIS TO CIS,BARTON HIGHWAY,YASS VALLEY,South,HMO South M3Ed3,-34.89378985333334,149.25987509333333,4315232.397533333,9507102.313253334
7170,BEDULLUCK ESTATE,BARTON HIGHWAY,YASS VALLEY,South,HMO South M3Ed3,-34.854518527906976,149.0616717906977,4320296.1742930235,9488466.634351164
7175,EMIGRANT CR NORTH SB,PACIFIC HIGHWAY,BALLINA,North,Far North Coast M3Ed3,-28.8656839,153.5040969,4966316.9623,9935389.8306
7180,SOUTHWELLS,BARTON HIGHWAY,YASS VALLEY,South,HMO South M3Ed3,-34.86927690416667,149.05482691666666,4318673.811283333,9487803.206258332
7185,PRETTY PLAINS RD,MITCHELL HIGHWAY,ORANGE,West,Central West M3Ed3,-33.389393475,149.220939875,4482361.4706,9506427.2064
7190,CAPRICORN PARK REHAB,BARTON HIGHWAY,YASS VALLEY,South,HMO South M3Ed3,-34.64062368235294,149.0704730901961,4343984.343847059,9489752.6698
7200,CAPRICORN PARK,BARTON HIGHWAY,YASS VALLEY,South,HMO South M3Ed3,-34.56679173333333,149.06959646666667,4352168.3003124995,9489835.0116375
7210,AC LUCKNOW,MITCHELL HIGHWAY,ORANGE,West,Central West M3Ed3 2022-2023,-33.3510773,149.1677772,4486710.0275,9501574.7913
7212,CAPRICORN CORNER,BARTON HIGHWAY,YASS VALLEY,South,HMO South M3Ed3,-35.054709476470585,149.0213231764706,4298187.784041177,9484304.738017647
7220,JEIR CK BRIDGES,BARTON HIGHWAY,YASS VALLEY,South,HMO South M3Ed3,-34.9797840537037,149.02782837407406,4306479.564448148,9485067.608401852
7230,END O/TAKING LANE,BARTON HIGHWAY,YASS VALLEY,South,HMO South M3Ed3,-34.92073858222222,149.02876732444443,4313021.294748889,9485286.375395555
7235,CIS CHANGE IN WIDTH,BARTON HIGHWAY,YASS VALLEY,South,HMO South M3Ed3,-34.6559804826087,149.04481579565217,4342331.575452174,9487350.801030435
7240,GOODA CREEK,BARTON HIGHWAY,YASS VALLEY,South,HMO South M3Ed3,-34.93861461860465,149.02330829302326,4311051.071727907,9484743.65205814
7250,RATTENBURY'S HILL,BARTON HIGHWAY,YASS VALLEY,South,HMO South M3Ed3,-35.00904116666666,149.0209605611111,4303251.5923833335,9484369.644655555
7260,TOP OF RATTENBURYS AND MCINTOSH CIRCUIT,BARTON HIGHWAY,YASS VALLEY,South,HMO South M3Ed3,-34.999863600000005,149.02283654583334,4304265.7609916665,9484560.472183334
7270,EDEN ROAD WINES,BARTON HIGHWAY,YASS VALLEY,South,HMO South M3Ed3,-34.845517191666666,149.02858710833334,4321359.83895,9485424.026725
7280,MURRUMBATEMAN HILL,BARTON HIGHWAY,YASS VALLEY,South,HMO South M3Ed3,-34.667582054545456,149.03346379090908,4341069.230118182,9486259.10400909
7290,BROKEN SHAFT CREEK,MITCHELL HIGHWAY,ORANGE,West,Central West M3Ed3,-33.95532827647059,149.04420873529412,4419978.241182352,9488788.20252353
7300,MURRUMBATEMAN VILLAGE,BARTON HIGHWAY,YASS VALLEY,South,HMO South M3Ed3,-33.892036523076925,149.03679041538462,4427005.203423077,9488231.997323077
7310,NEAR WINDERRA ESTATE,MITCHELL HIGHWAY,CABONNE,West,Central West M3Ed3,-33.93936394210526,149.0271554,4421777.864152632,9487233.635736842
7320,END OF O/TAKING LANE,BARTON HIGHWAY,YASS VALLEY,South,HMO South M3Ed3,-34.68644608,149.02277551499998,4338999.11838,9485226.068865
7330,MCCLUNG'S CREEK,BARTON HIGHWAY,YASS VALLEY,South,HMO South M3Ed3,-34.67367399230769,149.01660201538462,4340425.5540307695,9484688.713384615
7335,TEVEN OVERFLOW SB,PACIFIC HIGHWAY,BYRON,North,Far North Coast M3Ed3,-28.8581375,153.522975,4967038.3588,9937283.9433
7340,BOTTOM  KINGHAMS HILL,MITCHELL HIGHWAY,CABONNE,West,Central West M3Ed3,-33.16747626,149.01229098,4507339.26092,9487510.36894
7345,LONGRAIL GULLY RD,BARTON HIGHWAY,YASS VALLEY,South,HMO South M3Ed3,-34.93655752553192,149.0081722106383,4311309.91049149,9483357.604246808
7350,REST AREA EXIT,MITCHELL HIGHWAY,CABONNE,West,Central West M3Ed3,-33.15182969090909,149.00232153636364,4509090.460354545,9486614.71879091
7355,GOUNYAN RD,BARTON HIGHWAY,YASS VALLEY,South,HMO South M3Ed3,-34.92656811,148.99633309,4312438.07288,9482297.94136
7360,FIREPLACE 1,MITCHELL HIGHWAY,CABONNE,West,Central West M3Ed3,-33.1418859,148.99116264,4510211.94054,9485595.86022
7365,,BARTON HIGHWAY,YASS VALLEY,South,HMO South M3Ed3,-34.9206925,148.98744956153845,4313104.914723077,9481499.221407693
7370,END OF NB OTAKING LANE,MITCHELL HIGHWAY,CABONNE,West,Central West M3Ed3,-33.12522373703704,148.97110966296296,4512093.24152963,9483761.768318519
7375,UPS AND DOWNS,BARTON HIGHWAY,YASS VALLEY,South,HMO South M3Ed3,-34.91175451428571,148.98092252857143,4314107.1058,9480922.021971429
7380,TOP OF GOANNA HILL,MITCHELL HIGHWAY,CABONNE,West,Central West M3Ed3,-33.120530442857145,148.95296304285714,4512644.970457143,9482079.956085714
7390,GOANNA HILL PROJECT,MITCHELL HIGHWAY,CABONNE,West,Central West M3Ed3,-33.758885056,148.95024892,4441912.376672001,9480488.113732
7400,ERAMBIE,MITCHELL HIGHWAY,CABONNE,West,Central West M3Ed3,-32.792895046153845,149.27152956923078,4547627.2949,9514036.504
7401,GODFREY HILL RD,PACIFIC HIGHWAY,MID-COAST,North,Newcastle M3Ed2,-31.9840723,152.4709264,4626741.6901,9816456.2608
7410,FAIRBRIDGE FARM,MITCHELL HIGHWAY,CABONNE,West,Central West M3Ed3,-33.11983036666667,148.90132903333333,4512811.326633333,9477267.929566666
7420,REEDY CREEK,MITCHELL HIGHWAY,CABONNE,West,Central West M3Ed3,-32.006454175,150.031284425,4631761.273075,9590140.95965
7450,BOOYONG ROAD,LISMORE-BANGALOW,BYRON,North,Far North Coast M3Ed2,-28.7160296,153.473342,4983092.0106,9933418.4743
7460,FOYS CREEK TO COPPER HILL,MITCHELL HIGHWAY,CABONNE,West,Central West M3Ed3,-33.06978232857143,148.86050210000002,4518424.394285714,9473560.665385714
7465,SCHOOL LANE SB,PACIFIC HIGHWAY,BALLINA,North,Far North Coast M3Ed2,-28.7583185,153.5324043,4978044.6118,9938896.7195
7471,COPPER HILL RD TO 4093,MITCHELL HIGHWAY,CABONNE,West,Central West M3Ed3,-33.04983828333334,148.86144336666666,4520632.303683334,9473687.847900001
7480,4093 PROPERTY TO POSSYS,MITCHELL HIGHWAY,CABONNE,West,Central West M3Ed3,-33.02946648571429,148.86639957142856,4522880.898285715,9474190.618471429
7490,LARRAS LEE,MITCHELL HIGHWAY,CABONNE,West,Central West M3Ed3,-33.0006632625,148.86358388125,4526076.50580625,9473984.74696875
7500,MEDIAN NOSE TO START CONCRETE,BARTON HIGHWAY,YASS VALLEY,South,HMO South M3Ed3,-33.457533749999996,148.8992799625,4475389.5523125,9476357.847675
7510,ST CONC TO YASS RIVER (ABUT 2),BARTON HIGHWAY,YASS VALLEY,South,HMO South M3Ed3,-33.80323328125,148.9275978875,4437034.42521875,9478277.81016875
7520,YASS R (ABUT 2) TO MEDIAN NOSE,BARTON HIGHWAY,YASS VALLEY,South,HMO South M3Ed3,-34.25459894,148.94637434,4386986.909436,9479088.402603999
7530,BR. OV. BELL RIVER ABUT.2,MITCHELL HIGHWAY,CABONNE,West,Central West M3Ed3,-34.19140781978022,148.93823978681317,4394003.496916483,9478471.913096704
7540,NATIVE DOG CREEK,MITCHELL HIGHWAY,CABONNE,West,Central West M3Ed3,-33.279710820000005,148.90567148,4495082.34994,9477328.61314
7550,140M SOUTH KEEP LEFT SI,MITCHELL HIGHWAY,DUBBO REGIONAL,West,Western Plains M3Ed3,-32.877355925,148.900116,4539675.265175,9477643.5268
7560,SLOANES CREEK,MITCHELL HIGHWAY,DUBBO REGIONAL,West,Western Plains M3Ed3,-32.84824961538462,148.9113959076923,4542880.4541,9478756.961046156
7570,TWO MILE CREEK,MITCHELL HIGHWAY,DUBBO REGIONAL,West,Central West M3Ed3 2022-2023,-32.81535804,148.9071987,4546531.3932,9478431.0284
7580,RED HILL,MITCHELL HIGHWAY,DUBBO REGIONAL,West,Central West M3Ed3 2022-2023,-32.802072169999995,148.91169902,4547995.51951,9478878.94191
7590,15M SOUTH KEEP LEFT SIG,MITCHELL HIGHWAY,DUBBO REGIONAL,West,Western Plains M3Ed3,-32.793011625,148.91602825,4548991.83165,9479302.3939
7600,340M SOUTH OTAKING LANE,MITCHELL HIGHWAY,DUBBO REGIONAL,West,Central West M3Ed3 2022-2023,-32.77085902,148.92505369999998,4551430.38124,9480192.14354
7610,NEAR NAROOGAL ROAD,MITCHELL HIGHWAY,DUBBO REGIONAL,West,Central West M3Ed3 2022-2023,-32.748556750000006,148.93131540000002,4553890.21925,9480823.86005
7620,AT 100KM SIGN,MITCHELL HIGHWAY,DUBBO REGIONAL,West,Western Plains M3Ed3,-32.722445300000004,148.94184096666666,4556764.578766666,9481863.021433333
7630,NEAR BLATHERY CREEK,MITCHELL HIGHWAY,DUBBO REGIONAL,West,Western Plains M3Ed3,-32.705816150000004,148.94856349999998,4558595.0358,9482526.89395
7635,ABERNETHY ST,MITCHELL HIGHWAY,DUBBO REGIONAL,West,Central West M3Ed2,-32.6903886,148.9439084,4560312.2281,9482122.6913
7640,BELL RIVER,MITCHELL HIGHWAY,DUBBO REGIONAL,West,Western Plains M3Ed3,-32.676858683333336,148.9499371,4561800.5461,9482715.430433333
7650,410M NORTH DRIPSTONE RD,MITCHELL HIGHWAY,DUBBO REGIONAL,West,Western Plains M3Ed3,-32.666877400000004,148.94349325,4562917.524125,9482132.25515
7660,SOUTH OF WELLINGTON CAV,MITCHELL HIGHWAY,DUBBO REGIONAL,West,Western Plains M3Ed3,-32.63391850909091,148.94635932727272,4566563.718809091,9482468.878490908
7670,AT CAVES TURNOFF,MITCHELL HIGHWAY,WELLINGTON,West,Central West M3Ed3 2022-2023,-32.6089345,148.9488819,4569327.047,9482756.9602
7810,LINCOLN ROAD NB,PACIFIC HIGHWAY,BYRON,North,Far North Coast M3Ed3,-28.6927011,153.532806,4985315.8183,9939391.4175
7930,AB2 NORTH COAST RAILWAY BR,PACIFIC HIGHWAY,MID-COAST,North,Newcastle M3Ed3,-31.8018655,152.6416142,4646045.8123,9833643.6308
7960,RON FROM FORREST RD,PACIFIC HIGHWAY,MID-COAST,North,Newcastle M3Ed3,-31.7741303,152.65685775,4649036.7564,9835250.53125
7975,600M NTH OF TOM CAT REST AREA,PACIFIC HIGHWAY,MID-COAST,North,Newcastle M3Ed3,-31.7621436,152.6822948,4650232.5057,9837727.16085
8080,JOHN RENSHAW DRIVE,NEW ENGLAND HIGHWAY,NEWCASTLE,North,Newcastle M3Ed3,-32.7966924,151.6383245,4540593.5793,9733918.3414
8097,KENNEDY LANE    SB,PACIFIC HIGHWAY,BYRON,North,Far North Coast M3Ed2,-28.6146957,153.5463554,4993880.3484,9941258.4318
8110,TYAGARAH SWAMP    NB,PACIFIC HIGHWAY,BYRON,North,Far North Coast M3Ed2,-28.6044758,153.5458762,4995016.3122,9941282.6423
8410,RAMP ON FROM WEAKLEYS DR,NEW ENGLAND HIGHWAY,MAITLAND,North,Upper Hunter M3Ed3,-32.79137485,151.62998345,4541216.797499999,9733164.6477
8420,RAMP OFF,NEW ENGLAND HIGHWAY,MAITLAND,North,Upper Hunter M3Ed3,-32.78673646666667,151.62547636666667,4541748.898766667,9732765.995316667
8430,200M WEST OF AVALON DR,NEW ENGLAND HIGHWAY,MAITLAND,North,Upper Hunter M3Ed2,-32.78415476666667,151.62197433333333,4542049.175,9732451.213200001
8440,FOUR MILE CK RD,NEW ENGLAND HIGHWAY,MAITLAND,North,Upper Hunter M3Ed3,-32.77941783333333,151.61679456666664,4542594.9439,9731990.0802
8450,FOUR MILE CK RD,NEW ENGLAND HIGHWAY,MAITLAND,North,Upper Hunter M3Ed2,-32.77807665,151.61494249999998,4542751.0587,9731823.4599
8460,FERRABY DR,NEW ENGLAND HIGHWAY,MAITLAND,North,Upper Hunter M3Ed3,-32.7732742,151.6076653,4543312.7078,9731166.4329
8470,FERRABY DR,NEW ENGLAND HIGHWAY,MAITLAND,North,Upper Hunter M3Ed3,-32.7707773,151.6049424,4543600.3292,9730923.992
8820,350M EAST OF KYLE ST,NEW ENGLAND HIGHWAY,MAITLAND,North,Upper Hunter M3Ed3,-32.706339175,151.4920987875,4551193.214,9720677.7722125
8830,120M WEST OF RIVER ROAD,NEW ENGLAND HIGHWAY,MAITLAND,North,Upper Hunter M3Ed3,-32.70188507142857,151.4694344642857,4551777.315407143,9718577.703735713
8860,WINDERMERE RD,NEW ENGLAND HIGHWAY,MAITLAND,North,Upper Hunter M3Ed3,-33.58026962,150.45097696,4457413.1241999995,9621369.66756
8870,ST CONC TO YASS RIVER (ABUT 2),BARTON HIGHWAY,YASS VALLEY,South,HMO South M3Ed3,-34.8847997631579,148.97413958421052,4317107.013205263,9480359.077710526
8880,YASS R (ABUT 2) TO MEDIAN NOSE,BARTON HIGHWAY,YASS VALLEY,South,HMO South M3Ed3,-34.67700418409091,149.19461529772727,4339497.844099999,9501441.838395454
8890,MEDIAN NOSE TO MEDIAN NOSE,BARTON HIGHWAY,YASS VALLEY,South,HMO South M3Ed3,-34.44700893207547,149.42621630943395,4364313.035060378,9523625.013873585
8900,WALKERS HILL LANE,NEW ENGLAND HIGHWAY,MAITLAND,North,Upper Hunter M3Ed3,-33.047049333333334,150.9949237,4514956.644583333,9673454.607616667
8910,ENTRY HOUSE NUMBER 1548,NEW ENGLAND HIGHWAY,CESSNOCK,North,Upper Hunter M3Ed3,-32.68905951666667,151.40177466666668,4553466.17695,9712304.7858
8920,60M WEST OF ORIENT ST,NEW ENGLAND HIGHWAY,CESSNOCK,North,Upper Hunter M3Ed3,-32.68550746666667,151.3979719,4553874.395466667,9711965.364033332
8930,50M BEFORE NELSON ST,NEW ENGLAND HIGHWAY,CESSNOCK,North,Upper Hunter M3Ed3,-32.6825717,151.3934479,4554217.2208,9711555.5207
8940,WEST ST,NEW ENGLAND HIGHWAY,CESSNOCK,North,Upper Hunter M3Ed3,-32.67043576842105,151.3785093631579,4555619.443652632,9710213.316794738
8950,ENTRY TO HOUSE NUMBER 2000,NEW ENGLAND HIGHWAY,CESSNOCK,North,Upper Hunter M3Ed3,-32.6650832,151.37364722499998,4556231.070675,9709782.887975
8985,AB2 BECAN BRIDGE ANVIL CREEK,NEW ENGLAND HIGHWAY,CESSNOCK,North,Upper Hunter M3Ed3,-32.6657142,151.36502,4556195.025933334,9708972.123666666
9010,CRABBES CREEK   NB,PACIFIC HIGHWAY,BYRON,North,Far North Coast M3Ed2,-28.4522493,153.5014402,5012166.81275,9937986.824749999
9025,HULLS ROAD   SB,PACIFIC HIGHWAY,TWEED,North,Far North Coast M3Ed2,-28.4508646,153.5025448,5012313.6144,9938104.6491
9045,START OF CONCRETE,NEW ENGLAND HIGHWAY,SINGLETON,North,Upper Hunter M3Ed3,-32.655581,151.29696622340424,4557581.07583617,9702645.749423405
9050,180M WEST OF WILKINS ST,NEW ENGLAND HIGHWAY,MUSWELLBROOK,North,Upper Hunter M3Ed3,-32.252967266666666,150.8906539666667,4603652.280766667,9666252.053266667
9055,START CONCRETE,NEW ENGLAND HIGHWAY,SINGLETON,North,Upper Hunter M3Ed3,-32.65506514761905,151.2946936595238,4557646.926052381,9702435.264007142
9057,VMS,NEW ENGLAND HIGHWAY,SINGLETON,North,Upper Hunter M3Ed3,-32.6521291,151.2639406,4558090.1348,9699568.442
9059,START ASPHALT,NEW ENGLAND HIGHWAY,SINGLETON,North,Upper Hunter M3Ed3,-32.64557036666667,151.24451465,4558890.366066667,9697778.580216667
9065,120M STH EAST OF SINGLETON / DENMAN OVER ROAD SIGN,NEW ENGLAND HIGHWAY,SINGLETON,North,Upper Hunter M3Ed3,-32.6489587,151.2521893,4558486.0084,9698482.1481
9067,150M NW OF SINGLETON / DENMAN OVER ROAD SIGN,NEW ENGLAND HIGHWAY,SINGLETON,North,Upper Hunter M3Ed3,-32.64593335,151.245040125,4558848.183725,9697826.167875
9070,END OF DIVIDED CARRIAGEWAY,NEW ENGLAND HIGHWAY,SINGLETON,North,Upper Hunter M3Ed3,-32.651950025,151.2629674,4558113.6809,9699478.104575
9075,CUDGERA CREEK ROAD SOUTH   SB,PACIFIC HIGHWAY,TWEED,North,Far North Coast M3Ed3,-28.3954354,153.5261371,5018315.8772,9940801.2833
9080,1186M WEST OF END OF DI,NEW ENGLAND HIGHWAY,SINGLETON,North,Upper Hunter M3Ed2,-32.64709952,151.24808665999998,4558707.47084,9698106.26176
9090,END OF DIVIDED CARRIAGEWAY / WIRE ROPE CONCRETE ANCHOR,NEW ENGLAND HIGHWAY,SINGLETON,North,Upper Hunter M3Ed3,-32.6415829,151.2326293,4559377.0131,9696683.2482
9095,KANES ROAD   SB,PACIFIC HIGHWAY,TWEED,North,Far North Coast M3Ed3,-28.3794607,153.524498,5020097.4741,9940751.3385
9100,ENTRY TO SERVICE STATION,NEW ENGLAND HIGHWAY,SINGLETON,North,Upper Hunter M3Ed3,-32.33931998,151.17035114,4593076.42433,9692107.35293
9110,EXIT FROM SERVICE STATION,NEW ENGLAND HIGHWAY,SINGLETON,North,Upper Hunter M3Ed3,-32.635801811111115,151.23012822777775,4560026.5240222225,9696474.904405557
9120,940M NORTH OF EXIT FROM SERVICE STATION,NEW ENGLAND HIGHWAY,SINGLETON,North,Upper Hunter M3Ed3,-32.624837514285716,151.22518165714285,4561259.128942857,9696060.644857142
9130,ENTRY TO HOUSE NUMBER 3840,NEW ENGLAND HIGHWAY,SINGLETON,North,Upper Hunter M3Ed3,-32.613831471428576,151.21207392857144,4562527.221257143,9694881.782428572
9140,HOUSE NUMBER 3998,NEW ENGLAND HIGHWAY,SINGLETON,North,Upper Hunter M3Ed3,-32.245950125,151.39407400833332,4602363.370225,9714444.447225
9150,DOUGHBOY HOLLOW AB1,NEW ENGLAND HIGHWAY,SINGLETON,North,Upper Hunter M3Ed3,-32.59425139,151.19716818,4564751.18459,9693572.27115
9160,190M WEST OF CEMETERY LANE,NEW ENGLAND HIGHWAY,SINGLETON,North,Upper Hunter M3Ed3,-32.582097366666666,151.1886616,4566128.777566667,9692829.000166668
9165,FILL 32 SETTLEMENT AREA   SB,PACIFIC HIGHWAY,TWEED,North,Far North Coast M3Ed3,-28.2942857,153.5155909,5029598.3808,9940467.6804
9190,SIMPSON TERRACE,NEW ENGLAND HIGHWAY,SINGLETON,North,Upper Hunter M3Ed3,-32.5511049625,151.15190022916667,4569697.65295,9689519.659775
9200,120M WEST OF CALTEX SERVICE STATION,NEW ENGLAND HIGHWAY,SINGLETON,North,Upper Hunter M3Ed3,-32.53923597058823,151.1467153294118,4571031.02092353,9689085.671764707
9210,70M WEST OF PARKLAND MOTEL ENTRY,NEW ENGLAND HIGHWAY,SINGLETON,North,Upper Hunter M3Ed3,-32.533764242857146,151.14125791428572,4571657.126114286,9688597.903757142
9220,120M WEST OF RIXS CREEK LANE,NEW ENGLAND HIGHWAY,SINGLETON,North,Upper Hunter M3Ed3,-32.530566666666665,151.13757420000002,4572024.8363333335,9688266.448833333
9230,560M AFTER RIXS CREEK LANE,NEW ENGLAND HIGHWAY,SINGLETON,North,Upper Hunter M3Ed3,-32.52658598461539,151.13498708461537,4572475.162792308,9688041.255592307
9240,RIX'S CREEK TO BOTTOM OF DEADMAN',NEW ENGLAND HIGHWAY,SINGLETON,North,Upper Hunter M3Ed3,-32.51653405121951,151.1259357487805,4573621.630856098,9687236.256385366
9250,BOTTOM DEADMAN'S TO TOP DEADMAN'S,NEW ENGLAND HIGHWAY,SINGLETON,North,Upper Hunter M3Ed3,-32.50507270769231,151.11643486153847,4574925.7446,9686395.058530768
9260,1170M BEFORE ENTRY TO HOUSE NUMBER 5708,NEW ENGLAND HIGHWAY,SINGLETON,North,Upper Hunter M3Ed3,-32.49230814210526,151.10779835789472,4576370.880594737,9685640.402705263
9270,ENTRY TO HOUSE NUMBER 5708,NEW ENGLAND HIGHWAY,SINGLETON,North,Upper Hunter M3Ed3,-32.48541751052632,151.09748240526315,4577171.807578947,9684702.368747368
9280,130M WEST OF MCINERNEY RD,NEW ENGLAND HIGHWAY,SINGLETON,North,Upper Hunter M3Ed3,-32.47634002142858,151.08799165000002,4578211.742042857,9683851.12332857
9290,110M NORTH OF GLENNIES CRK AB2,NEW ENGLAND HIGHWAY,SINGLETON,North,Upper Hunter M3Ed3,-32.47248794210526,151.08115902105263,4578663.312726316,9683226.5534
9300,SHIR-AL-EA,NEW ENGLAND HIGHWAY,TAMWORTH REGIONAL,North,New England M3Ed3,-32.284769133333334,151.06108196666668,4599523.489653333,9682137.911546668
9310,BOWMANS CK AB1,NEW ENGLAND HIGHWAY,SINGLETON,North,Upper Hunter M3Ed3,-32.45545603529412,151.0622636117647,4580618.188611764,9681526.513035294
9320,1.050KM WEST OF LEMINGTON RD,NEW ENGLAND HIGHWAY,SINGLETON,North,Upper Hunter M3Ed3,-32.44463066363637,151.0558514909091,4581840.1457,9680971.150254546
9330,200M WEST OF HEBDEN RD,NEW ENGLAND HIGHWAY,SINGLETON,North,Upper Hunter M3Ed3,-32.43228520555556,151.05248805555556,4583219.262772222,9680708.421905555
9340,2.260KM WEST OF HEBDEN RD,NEW ENGLAND HIGHWAY,SINGLETON,North,Upper Hunter M3Ed3,-32.42050724285714,151.0442117,4584553.4271142855,9679981.815971429
9360,300M BEFORE OLD NEW ENGLAND HIGHWAY,NEW ENGLAND HIGHWAY,SINGLETON,North,Upper Hunter M3Ed3,-32.41632473333333,151.03536476666667,4585048.6519,9679168.8982
9370,AB1 CONVEYOR UNDER,NEW ENGLAND HIGHWAY,SINGLETON,North,Upper Hunter M3Ed3,-32.41567042857143,151.0313363,4585135.7111,9678793.363685714
9380,BAYSWATER CK AB1,NEW ENGLAND HIGHWAY,SINGLETON,North,Upper Hunter M3Ed3,-32.4132883,151.02476570000002,4585423.262983333,9678186.447566668
9390,250M WEST OF LEMINGTON RD,NEW ENGLAND HIGHWAY,SINGLETON,North,Upper Hunter M3Ed3,-32.41017453928571,151.0127213357143,4585811.545492857,9677068.507985713
9400,1.6KM WEST OF BRIDGE CONVEYOR OVER,NEW ENGLAND HIGHWAY,SINGLETON,North,Upper Hunter M3Ed3,-32.40897041666667,150.9997074833333,4585991.773383333,9675851.3288
9410,200M BEFORE BRIDGE OVER,NEW ENGLAND HIGHWAY,SINGLETON,North,Upper Hunter M3Ed3,-32.40589493,150.99121516,4586362.80871,9675066.7072
9420,RAMP ON BULL NOSE FROM PIKES GULLY RD,NEW ENGLAND HIGHWAY,MUSWELLBROOK,North,Upper Hunter M3Ed3,-32.40215456666667,150.98205128666666,4586809.810246666,9674221.76548
9430,1050M AFTER RAMP ON FROM PIKES GULLY RD,NEW ENGLAND HIGHWAY,MUSWELLBROOK,North,Upper Hunter M3Ed3,-32.394923719999994,150.97141544,4587648.47196,9673253.1784
9440,435M BEFORE START DIVIDED CARRIAGEWAY,NEW ENGLAND HIGHWAY,MUSWELLBROOK,North,Upper Hunter M3Ed3,-32.3931588,150.96813876666667,4587855.5882,9672952.794566667
9450,START OF DIVIDED CARRIAGEWAY,NEW ENGLAND HIGHWAY,MUSWELLBROOK,North,Upper Hunter M3Ed3,-32.383247976190475,150.96058510476192,4588979.874614285,9672284.814128572
9460,START OF DIVIDED CARRIAGEWAY,NEW ENGLAND HIGHWAY,SINGLETON,North,Upper Hunter M3Ed3,-32.3851055,150.96140054166668,4588771.298925,9672353.617833333
9480,TINKERS CK,NEW ENGLAND HIGHWAY,MUSWELLBROOK,North,Upper Hunter M3Ed3,-32.368395875,150.96308358333332,4590615.4187,9672581.972749999
9484,SEXTON HILL NB,PACIFIC HIGHWAY,TWEED,North,Far North Coast M3Ed3,-28.2232059,153.5535538,5037248.6747,9944689.694
9490,270M STH OF BRIDGE OVER,NEW ENGLAND HIGHWAY,MUSWELLBROOK,North,Upper Hunter M3Ed3,-32.35761425555555,150.96421617777776,4591805.139677778,9672733.717333334
9500,830M WEST OF BRIDGE CONVEYOR OVER,NEW ENGLAND HIGHWAY,MUSWELLBROOK,North,Upper Hunter M3Ed3,-32.3441532625,150.958675425,4593315.3276125,9672269.50945
9510,HEBDEN RD,NEW ENGLAND HIGHWAY,MUSWELLBROOK,North,Upper Hunter M3Ed3,-32.33410081,150.95207004333332,4594451.875653333,9671690.755776668
9520,130M STH OF THOMAS MITCHELL DR,NEW ENGLAND HIGHWAY,MUSWELLBROOK,North,Upper Hunter M3Ed3,-32.323310049999996,150.94242300833332,4595680.950925,9670829.015025
9530,250M STH OF PAMGER DR,NEW ENGLAND HIGHWAY,MUSWELLBROOK,North,Upper Hunter M3Ed3,-32.31030626756757,150.93453083783783,4597148.762678378,9670141.263224324
9540,OVERHEAD GANTRY,NEW ENGLAND HIGHWAY,MUSWELLBROOK,North,Upper Hunter M3Ed3,-32.300350825,150.932531675,4598258.15365,9669994.812800001
9550,340M STH OF MILPERA DR,NEW ENGLAND HIGHWAY,MUSWELLBROOK,North,Upper Hunter M3Ed3,-32.289223775,150.9312764,4599494.630475,9669923.146275
9560,MUSCLE CK RD,NEW ENGLAND HIGHWAY,MUSWELLBROOK,North,Upper Hunter M3Ed3,-32.285586325000004,150.92704817499998,4599912.350675,9669540.622275
9570,320M WEST OF MUSCLE CK RD,NEW ENGLAND HIGHWAY,MUSWELLBROOK,North,Upper Hunter M3Ed3,-32.28509105,150.92116787499998,4599987.974925,9668989.5988
9580,979M WEST OF MUSCLE CK RD,NEW ENGLAND HIGHWAY,MUSWELLBROOK,North,Upper Hunter M3Ed3,-32.2840071,150.9144411,4600131.7321,9668361.389275
9590,BIMBADEEN DR,NEW ENGLAND HIGHWAY,MUSWELLBROOK,North,Upper Hunter M3Ed2,-32.282675,150.904387,4600314.6409,9667421.2281
9630,ABERDEEN ST,NEW ENGLAND HIGHWAY,MUSWELLBROOK,North,Upper Hunter M3Ed3,-32.2456787,150.8981565,4604432.9865,9666988.1149
9650,BURTONS LANE,NEW ENGLAND HIGHWAY,MUSWELLBROOK,North,Upper Hunter M3Ed3,-32.2301376,150.90198404,4606140.34024,9667412.58884
9660,'LYNDEMA PARK' TO BARKERS HILL,NEW ENGLAND HIGHWAY,MUSWELLBROOK,North,Upper Hunter M3Ed3,-32.21769865,150.8994382375,4607526.612725,9667224.4245375
9670,BARKERS HILL TO 'JABERWOKIE',NEW ENGLAND HIGHWAY,MUSWELLBROOK,North,Upper Hunter M3Ed3,-32.20569606666667,150.89337455,4608876.921933333,9666703.207933335
9680,HOUSE NUMBER 771,NEW ENGLAND HIGHWAY,MUSWELLBROOK,North,Upper Hunter M3Ed3,-32.196458750000005,150.89287854999998,4609901.48515,9666694.6463
9690,175M STH OF ACCESS RD TO DARTBROOK MINE,NEW ENGLAND HIGHWAY,MUSWELLBROOK,North,Upper Hunter M3Ed3,-32.18316566666667,150.89065757222224,4611381.188416666,9666540.379077777
9700,UPPER HUNTER SHIRE BOUNDARY,NEW ENGLAND HIGHWAY,UPPER HUNTER,North,Upper Hunter M3Ed3,-32.1760963,150.8897475,4612167.156,9666483.8429
9745,AB2 BRIDGE OVER HUNTER RIVER #10622,NEW ENGLAND HIGHWAY,UPPER HUNTER,North,Upper Hunter M3Ed3,-32.1553991,150.8849732,4614475.6577,9666119.4955
9760,70M WEST OF BLAIRMORE LANE,NEW ENGLAND HIGHWAY,UPPER HUNTER,North,Upper Hunter M3Ed2,-32.14966856666667,150.88379566666666,4615114.317066667,9666032.1768
9775,150M NTH OF SEGENHOE RD,NEW ENGLAND HIGHWAY,UPPER HUNTER,North,Upper Hunter M3Ed3,-32.139227242857146,150.87811108571427,4616290.3756142855,9665539.614285713
9780,ABT 1- BN10325 NORTH OF ABERDEEN,NEW ENGLAND HIGHWAY,UPPER HUNTER,North,Upper Hunter M3Ed3,-32.132538725,150.877710575,4617032.39061875,9665529.387975
9790,HALCOMBE RD,NEW ENGLAND HIGHWAY,UPPER HUNTER,North,Upper Hunter M3Ed3,-32.12680722857143,150.87654652857142,4617671.107057142,9665443.271142857
9800,826M NORTH OF HALCOMBE RD,NEW ENGLAND HIGHWAY,UPPER HUNTER,North,Upper Hunter M3Ed3,-32.113445299999995,150.87150441111112,4619168.2950777775,9665023.02487778
9810,230M SOUTH OF HOUSE NUMBER 1960,NEW ENGLAND HIGHWAY,UPPER HUNTER,North,Upper Hunter M3Ed3,-32.10373873333333,150.87016686666666,4620247.775011111,9664936.810433334
9820,390M WEST OF TURANVILLE RD,NEW ENGLAND HIGHWAY,UPPER HUNTER,North,Upper Hunter M3Ed3,-32.09130954166667,150.86858301666666,4621629.593441666,9664838.521583334
9830,750M SOUTH OF ILALA STUD ENTRY ROAD,NEW ENGLAND HIGHWAY,UPPER HUNTER,North,Upper Hunter M3Ed3,-32.07317345333333,150.87049975333332,4623631.113933334,9665093.65042
9840,280M NTH OF U TURN BAY,NEW ENGLAND HIGHWAY,UPPER HUNTER,North,Upper Hunter M3Ed3,-32.0651534,150.8719446,4624514.129550001,9665262.80095
9845,START WIRE ROPE CONCRETE ANCHOR,NEW ENGLAND HIGHWAY,UPPER HUNTER,North,Upper Hunter M3Ed3,-32.0610745,150.8716911,4624966.6757,9665255.6451
9855,AB1 BRIDGE # B11776,NEW ENGLAND HIGHWAY,UPPER HUNTER,North,Upper Hunter M3Ed3,-32.0580475,150.8683097,4625313.6763,9664949.2074
9860,START OF DIVIDED CARRIA,NEW ENGLAND HIGHWAY,UPPER HUNTER,North,Upper Hunter M3Ed2,-32.0532722,150.867081,4625846.7426,9664852.9242
9905,AB2 BRIDGE # B11779,NEW ENGLAND HIGHWAY,UPPER HUNTER,North,Upper Hunter M3Ed3,-32.043898033333335,150.86021336666667,4626908.723133333,9664243.646933334
9910,720 WEST OF EVERLEIGH C,NEW ENGLAND HIGHWAY,UPPER HUNTER,North,Upper Hunter M3Ed2,-32.0247332,150.8633263,4629020.0215,9664615.7601
9915,START RAMP OFF TO KELLY ST SCONE,NEW ENGLAND HIGHWAY,UPPER HUNTER,North,Upper Hunter M3Ed3,-32.02614425833334,150.86337519166668,4628863.601625,9664614.591225
9920,150M NORTH OF HOUSE NUMBER 2923,NEW ENGLAND HIGHWAY,UPPER HUNTER,North,Upper Hunter M3Ed3,-32.015227475,150.86366425,4630071.431150001,9664686.589825
9930,260M SOUTH OF SMITH RD,NEW ENGLAND HIGHWAY,UPPER HUNTER,North,Upper Hunter M3Ed3,-32.00379478,150.86395081999999,4631336.39982,9664760.47326
9940,25M STH OF HOUSE NUMBER 3162,NEW ENGLAND HIGHWAY,UPPER HUNTER,North,Upper Hunter M3Ed3,-31.9915447125,150.8645331,4632690.84875,9664865.6214875
9950,MAREEBA RD,NEW ENGLAND HIGHWAY,UPPER HUNTER,North,Upper Hunter M3Ed3,-31.977611542857144,150.8642872285714,4634234.568614285,9664899.514671428
9960,HOUSE NUMBER 3513,NEW ENGLAND HIGHWAY,UPPER HUNTER,North,Upper Hunter M3Ed3,-31.968187999999998,150.86428096666666,4635278.090033334,9664937.543133333
9970,30M STH OF BANOOL LANE,NEW ENGLAND HIGHWAY,UPPER HUNTER,North,Upper Hunter M3Ed3,-31.959104158333332,150.866534475,4636276.098941666,9665187.51835
9980,440M NORTH OF CRESSFIELD PROPERTY ENTRY,NEW ENGLAND HIGHWAY,UPPER HUNTER,North,Upper Hunter M3Ed3,-31.950007,150.87018255,4637270.701175,9665569.24615
9990,50M STH OF CRESSFIELD RD,NEW ENGLAND HIGHWAY,UPPER HUNTER,North,Upper Hunter M3Ed3,-31.936624190909093,150.8755545909091,4638733.814818182,9666131.451045455
10000,1500M NTH OF CRESSFIELD RD,NEW ENGLAND HIGHWAY,UPPER HUNTER,North,Upper Hunter M3Ed3,-31.91849104,150.87929546,4640728.6518399995,9666559.29185
10010,RAYS GULLY,NEW ENGLAND HIGHWAY,UPPER HUNTER,North,Upper Hunter M3Ed3,-31.910693875,150.87899781250002,4641593.1091125,9666563.25525
10020,1200M NORTH OF SPRING GULLY,NEW ENGLAND HIGHWAY,UPPER HUNTER,North,Upper Hunter M3Ed3,-31.898359655555552,150.88049534444445,4642953.676222223,9666755.464533335
10030,60M NORTH OF ABBOTT ST,NEW ENGLAND HIGHWAY,UPPER HUNTER,North,Upper Hunter M3Ed3,-31.883813500000002,150.88018424,4644565.53478,9666785.934
10040,730M WEST OF LIVINGSTON ST,NEW ENGLAND HIGHWAY,UPPER HUNTER,North,Upper Hunter M3Ed3,-31.873055599999997,150.88207247999998,4645750.17984,9667008.63582
10050,330M NTH OF ASHBROOKE RD,NEW ENGLAND HIGHWAY,UPPER HUNTER,North,Upper Hunter M3Ed3,-31.85824102,150.89029346,4647361.76208,9667846.6001
10060,965M NTH OF ASHBROOKE RD,NEW ENGLAND HIGHWAY,UPPER HUNTER,North,Upper Hunter M3Ed3,-31.851339894642855,150.9028970125,4648081.495171429,9669066.3515875
10070,1.550KM NORTH OF BURNING MOUNTAIN REST AREA ENTRY,NEW ENGLAND HIGHWAY,UPPER HUNTER,North,Upper Hunter M3Ed3,-31.83930527333333,150.91707456999998,4649363.97033,9670456.371263333
10080,750M NTH OF RAILWAY OVERPASS,NEW ENGLAND HIGHWAY,UPPER HUNTER,North,Upper Hunter M3Ed3,-31.828099057142857,150.92543395714284,4650575.217985715,9671293.228157144
10090,1.9KM NORTH OF RAILWAY OVER PASS,NEW ENGLAND HIGHWAY,UPPER HUNTER,North,Upper Hunter M3Ed3,-31.81635940526316,150.9257932105263,4651873.9305,9671376.061821053
10100,DRIVEWAY ENTRY TO HOUSE NUMBER 5448,NEW ENGLAND HIGHWAY,UPPER HUNTER,North,Upper Hunter M3Ed3,-31.809221960000002,150.92124493,4652680.46047,9670975.6888
10105,,NEWELL HIGHWAY,MOREE PLAINS,West,North West M3Ed3,-29.822694900000002,149.78757275,4876285.1727,9569629.8928
10110,788M NTH HOUSE NUMBER 5448,NEW ENGLAND HIGHWAY,UPPER HUNTER,North,Upper Hunter M3Ed3,-31.579695111111114,150.7915770222222,4678513.455855556,9659399.60101111
10120,440M STH OF HAYDONS LANE,NEW ENGLAND HIGHWAY,UPPER HUNTER,North,Upper Hunter M3Ed3,-31.572410305555554,150.78609681666666,4679340.334572222,9658909.832622223
10125,MERRIMBLA TURNOFF / CULVERT,NEWELL HIGHWAY,MOREE PLAINS,West,North West M3Ed3,-29.78065675,149.79290905,4880933.549000001,9570270.60145
10130,275M STH OLD NORTH ROAD RAIL CROSSING,NEWELL HIGHWAY,MOREE PLAINS,West,North West M3Ed3,-30.7788239875,150.3479024125,4768626.4107375,9619816.597775001
10135,LITTLE BUMBLE CK BRIDGE,NEWELL HIGHWAY,MOREE PLAINS,West,North West M3Ed3,-29.754235275,149.79742485,4883852.16655,9570785.9822
10140,BLANDFORD BRIDGE AB1,NEW ENGLAND HIGHWAY,UPPER HUNTER,North,Upper Hunter M3Ed3,-31.782335,150.8937515,4655755.1329666665,9668486.8557
10150,470M WEST OF TIMOR RD,NEWELL HIGHWAY,MOREE PLAINS,West,North West M3Ed3,-31.548685222222225,150.75931656666666,4682064.084066667,9656469.439644445
10155,,NEWELL HIGHWAY,MOREE PLAINS,West,North West M3Ed3,-29.7246513,149.80007323333334,4887126.430283333,9571130.246616667
10160,20M N/W OF HOUSE NUMBER 6125,NEW ENGLAND HIGHWAY,UPPER HUNTER,North,Upper Hunter M3Ed3,-31.7723285125,150.8692538,4656949.38465,9666210.6502
10165,,NEWELL HIGHWAY,MOREE PLAINS,West,North West M3Ed3,-29.705042525,149.802049625,4889296.136175,9571379.92505
10170,140M STH EAST OF HOUSE NUMBER 6243,NEW ENGLAND HIGHWAY,UPPER HUNTER,North,Upper Hunter M3Ed3,-31.075161322222225,150.50307384444443,4735329.971511111,9633640.671500001
10175,GURLEY CK BRIDGE (  COURALLIE CK,NEWELL HIGHWAY,MOREE PLAINS,West,North West M3Ed3,-29.680823,149.8060197,4891972.089,9571836.5077
10180,,NEWELL HIGHWAY,MOREE PLAINS,West,North West M3Ed2,-29.6771755,149.8072307,4892373.4993,9571964.6705
10185,GURLEY SETTLEMENT ROAD,NEWELL HIGHWAY,MOREE PLAINS,West,North West M3Ed3,-29.66506843333333,149.80951866666666,4893710.404266667,9572222.4022
10190,ADELAIDE ST,NEWELL HIGHWAY,MOREE PLAINS,West,North West M3Ed3,-30.706420758333334,150.31510069166666,4776775.587499999,9616965.827074999
10195,MARDELL CURVE,NEWELL HIGHWAY,MOREE PLAINS,West,North West M3Ed3,-29.643383466666666,149.81264256666668,4896107.4970333325,9572589.783366667
10200,70M S/E OF GLENALVON DIRT ROAD,NEW ENGLAND HIGHWAY,UPPER HUNTER,North,Upper Hunter M3Ed3,-31.577081175,150.73075056666667,4679029.3950166665,9653705.313383333
10205,FLOODWAY SOUTH OF TYCANNAH,NEWELL HIGHWAY,MOREE PLAINS,West,North West M3Ed3,-29.623377,149.7961098,4898369.6267,9571047.296
10210,TYCANNAH CK BRIDGE / FLOODWAY,NEWELL HIGHWAY,MOREE PLAINS,West,North West M3Ed3,-31.32225667,150.60946964,4707638.10291,9642988.312989999
10215,,NEWELL HIGHWAY,MOREE PLAINS,West,North West M3Ed2,-29.6077781,149.8048373,4900077.2002,9571939.5793
10220,START OF DIVIDED CARRIAGEWAY,NEW ENGLAND HIGHWAY,UPPER HUNTER,North,Upper Hunter M3Ed3,-31.596006785714284,150.73906135714284,4676908.824728572,9654441.123057142
10225,,NEWELL HIGHWAY,NARRABRI,West,North West M3Ed3,-29.59150413333333,149.81655883333335,4901851.7765999995,9573124.436366668
10230,BRIDGE NO NAME AB1,NEW ENGLAND HIGHWAY,UPPER HUNTER,North,Upper Hunter M3Ed3,-31.741394330434783,150.79953032173913,4660617.313613043,9659739.17316087
10240,BRIDGE NO NAME AB1,NEW ENGLAND HIGHWAY,UPPER HUNTER,North,Upper Hunter M3Ed3,-31.7418585617647,150.80021902352942,4660563.529247059,9659802.476447059
10250,110M WEST OF EXIT KENNEDYS GAP TRUCK STOP AREA,NEW ENGLAND HIGHWAY,LIVERPOOL PLAINS,North,Upper Hunter M3Ed3,-31.249225044444447,150.5776756888889,4715839.522555556,9640227.97971111
10260,LIVERPOOL PLAINS LGA BOUNDARY,NEW ENGLAND HIGHWAY,LIVERPOOL PLAINS,North,Upper Hunter M3Ed3,-31.734951505555557,150.78725906111111,4661373.007094445,9658603.721755557
10265,HALLS CK BRIDGE,NEWELL HIGHWAY,MOREE PLAINS,West,North West M3Ed3,-29.5198543,149.8510554,4909708.895,9576685.732
10270,80M STH OF ARDGLEN,NEW ENGLAND HIGHWAY,LIVERPOOL PLAINS,North,Upper Hunter M3Ed3,-31.357435708333337,150.629287025,4703692.414041667,9644799.12225
10275,MOREE AIRPORT,NEWELL HIGHWAY,MOREE PLAINS,West,North West M3Ed3,-29.497647,149.8524086,4912168.7968,9576884.3055
10280,80M STH OF ARDGLEN,NEW ENGLAND HIGHWAY,LIVERPOOL PLAINS,North,Upper Hunter M3Ed3,-31.726700829166663,150.78479163333333,4662295.187095833,9658403.3193375
10290,ENTRY TO HOUSE NUMBER 7386,NEW ENGLAND HIGHWAY,LIVERPOOL PLAINS,North,Upper Hunter M3Ed3,-31.714750922222223,150.7822225333333,4663627.3774,9658208.074877778
10300,ENTRY TO HOUSE NUMBER 7386,NEW ENGLAND HIGHWAY,LIVERPOOL PLAINS,North,Upper Hunter M3Ed3,-31.71589803846154,150.78290364615384,4663498.005292308,9658267.950184615
10310,END OF DIVIDED CARRIAGEWAY,NEW ENGLAND HIGHWAY,LIVERPOOL PLAINS,North,Upper Hunter M3Ed3,-31.706918899999998,150.7780899,4664508.89376,9657848.234579999
10320,1.1KM STH FROM RTA CHECKING STATION,NEW ENGLAND HIGHWAY,LIVERPOOL PLAINS,North,Upper Hunter M3Ed3,-31.556970175,150.71763461875,4681312.72781875,9652588.89191875
10325,YARRAMAN CULVERTS,NEWELL HIGHWAY,MOREE PLAINS,West,North West M3Ed3,-29.4323372,149.8787284,4919343.8794,9579638.2346
10330,180M NORTH OF EXIT RTA CHECKING STATION,NEW ENGLAND HIGHWAY,LIVERPOOL PLAINS,North,Upper Hunter M3Ed3,-30.78392666,150.4167281,4767909.789,9626472.86222
10340,300M STH OF CHILCOTTS CRK AB1,NEW ENGLAND HIGHWAY,LIVERPOOL PLAINS,North,Upper Hunter M3Ed3,-31.06390367272727,150.53131444545454,4736533.0852272725,9636486.012081819
10345,BOOLOOROO BR. OV. GWYDIR R. ABUT.2,NEWELL HIGHWAY,MOREE PLAINS,West,North West M3Ed3,-29.407906583333332,149.92052651666668,4921941.48725,9583773.214516668
10350,660M NTH OF CHILCOTTS CRK AB1,NEW ENGLAND HIGHWAY,LIVERPOOL PLAINS,North,Upper Hunter M3Ed3,-31.14140462352941,150.55677202352942,4727868.588870589,9638662.111588236
10355,IRRIGATION CROSSING,NEWELL HIGHWAY,MOREE PLAINS,West,North West M3Ed3,-29.3867630875,149.92834196249999,4924265.9126375,9584598.182225
10360,MARSHALLS PONDS,NEWELL HIGHWAY,MOREE PLAINS,West,North West M3Ed3,-31.503914007142857,150.68346160714285,4687307.575564286,9649551.4807
10365,,NEWELL HIGHWAY,MOREE PLAINS,West,North West M3Ed3,-29.370658279999997,149.93327832,4926039.175720001,9585127.98876
10370,NEWPORT TURN OFF,NEWELL HIGHWAY,MOREE PLAINS,West,North West M3Ed3,-29.3516617,149.9366566,4928137.52665,9585515.54985
10380,,NEWELL HIGHWAY,MOREE PLAINS,West,North West M3Ed2,-29.3380882,149.9423248,4929627.9541,9586108.9132
10390,,NEWELL HIGHWAY,MOREE PLAINS,West,North West M3Ed2,-29.3276823,149.95282,4930753.6698,9587161.8256
10395,22KLM. FLOODWAY,NEWELL HIGHWAY,MOREE PLAINS,West,North West M3Ed3,-29.3232697,149.9570439,4931231.6216,9587586.3513
10400,TERLING PARK TURN OFF,NEWELL HIGHWAY,MOREE PLAINS,West,North West M3Ed3,-29.31363146,149.96798212,4932270.80462,9588680.24918
10410,CROPPA CK TURNOFF,NEWELL HIGHWAY,MOREE PLAINS,West,North West M3Ed3,-29.301433699999997,149.98220715000002,4933584.7403,9590102.108649999
10415,,NEWELL HIGHWAY,MOREE PLAINS,West,North West M3Ed3,-29.28822272,149.98601372000002,4935039.9355,9590514.21258
10420,27KM FLOODWAY,NEWELL HIGHWAY,MOREE PLAINS,West,North West M3Ed2,-29.2838722,149.9869059,4935520.1527,9590614.7937
10425,,NEWELL HIGHWAY,MOREE PLAINS,West,North West M3Ed3,-29.275565599999997,149.98825763333332,4936438.032233334,9590772.6514
10430,WALLON  CREEK  BRIDGE,NEWELL HIGHWAY,MOREE PLAINS,West,North West M3Ed3,-29.2559432,149.9942236,4938598.5955,9591415.430066666
10435,,NEWELL HIGHWAY,MOREE PLAINS,West,North West M3Ed3,-29.2452644,149.9991166,4939769.808333334,9591925.547733333
10440,,NEWELL HIGHWAY,MOREE PLAINS,West,North West M3Ed3,-29.2355295,150.0019695,4940841.9876,9592234.205300001
10445,BRUDLE PARK,NEWELL HIGHWAY,MOREE PLAINS,West,North West M3Ed3,-29.221332866666668,150.0042439,4942410.855233333,9592500.864533333
10450,,NEWELL HIGHWAY,MOREE PLAINS,West,North West M3Ed3,-29.205939060000002,150.00676984,4944111.873299999,9592795.90432
10455,GIL GIL FLOODWAY,NEWELL HIGHWAY,MOREE PLAINS,West,North West M3Ed3,-29.199014299999998,150.00791413333334,4944877.044133333,9592929.4331
10460,,NEWELL HIGHWAY,MOREE PLAINS,West,North West M3Ed3,-29.193425816666664,150.00879738333333,4945494.675216666,9593033.290983332
10465,GIL GIL BRIDGE,NEWELL HIGHWAY,MOREE PLAINS,West,North West M3Ed3,-29.17948983333333,150.00952641666666,4947039.007716667,9593148.835316667
10470,,NEWELL HIGHWAY,MOREE PLAINS,West,North West M3Ed3,-29.16787668,150.01260826,4948319.00036,9593486.11812
10475,GIL GIL REST AREA,NEWELL HIGHWAY,MOREE PLAINS,West,North West M3Ed3,-29.16290535,150.014209125,4948866.146575,9593657.951875001
10480,,NEWELL HIGHWAY,MOREE PLAINS,West,North West M3Ed3,-29.145550599999996,150.01970106666667,4950776.4887,9594248.536633333
10485,,NEWELL HIGHWAY,MOREE PLAINS,West,North West M3Ed3,-29.135523066666668,150.02280991666666,4951880.462166667,9594583.592633333
10490,,NEWELL HIGHWAY,MOREE PLAINS,West,North West M3Ed3,-29.12712165,150.02552535,4952805.0978500005,9594875.15525
10495,NEE NEE CREEK,NEWELL HIGHWAY,MOREE PLAINS,West,North West M3Ed3,-29.112313485714285,150.02884674285716,4954438.983414286,9595246.434642857
10500,TERLINGS,NEWELL HIGHWAY,MOREE PLAINS,West,North West M3Ed3,-29.101076114285714,150.03246582857145,4955675.777842857,9595635.331799999
10505,,NEWELL HIGHWAY,MOREE PLAINS,West,North West M3Ed3,-29.089467366666668,150.03790736666667,4956948.620466667,9596203.155633334
10510,BEEFWOOD FLOODWAY,NEWELL HIGHWAY,MOREE PLAINS,West,North West M3Ed3,-29.077395,150.0421851,4958276.2052,9596659.1417
10515,BEEFWOOD BORE,NEWELL HIGHWAY,MOREE PLAINS,West,North West M3Ed3,-29.06069087142857,150.04514375714285,4960121.555242857,9597001.630542858
10520,,NEWELL HIGHWAY,MOREE PLAINS,West,North West M3Ed3,-29.042760214285718,150.05111768571427,4962094.451357142,9597642.27472857
10525,,NEWELL HIGHWAY,MOREE PLAINS,West,North West M3Ed3,-29.031752224999998,150.057836025,4963296.954125,9598333.21875
10535,END OF CULVB4 FOXES LANE TURNOFF,NEWELL HIGHWAY,MOREE PLAINS,West,North West M3Ed3,-29.01784088,150.06100836000002,4964831.78112,9598687.891600002
10550,END CALROSSIE FLOODWAY,NEWELL HIGHWAY,MOREE PLAINS,West,North West M3Ed3,-29.0006045,150.0684013,4966723.5538,9599465.2712
10555,,NEWELL HIGHWAY,MOREE PLAINS,West,North West M3Ed3,-28.9889438,150.07641665384614,4967994.6974461535,9600285.443430768
10560,ALAWA TURNOFF,NEWELL HIGHWAY,MOREE PLAINS,West,North West M3Ed3,-28.9779812,150.07946504,4969202.61828,9600618.778280001
10565,,NEWELL HIGHWAY,MOREE PLAINS,West,North West M3Ed3,-28.9733098,150.0806322,4969717.7199,9600747.9761
10570,,NEWELL HIGHWAY,MOREE PLAINS,West,North West M3Ed3,-28.96447205,150.0827982,4970692.3574,9600988.3255
10575,,NEWELL HIGHWAY,MOREE PLAINS,West,North West M3Ed3,-28.9600229,150.08401995,4971182.638049999,9601122.16105
10580,,NEWELL HIGHWAY,MOREE PLAINS,West,North West M3Ed3,-28.94042303333333,150.10141026666668,4973307.733433333,9602884.241966667
10585,TULLOONA TRUCK PARK,NEWELL HIGHWAY,MOREE PLAINS,West,North West M3Ed3,-28.9343057,150.1094059,4973963.4798,9603685.08865
10590,CROPPA CREEK BRIDGE,NEWELL HIGHWAY,MOREE PLAINS,West,North West M3Ed3,-28.9287067,150.11704205,4974562.69475,9604449.2033
10595,,NEWELL HIGHWAY,MOREE PLAINS,West,North West M3Ed3,-28.9164282,150.1296164,4975888.7821,9605717.8414
10605,,NEWELL HIGHWAY,MOREE PLAINS,West,North West M3Ed3,-28.9042311,150.13605975,4977223.695,9606387.7267
10610,,NEWELL HIGHWAY,MOREE PLAINS,West,North West M3Ed3,-28.89966425,150.1386692,4977722.92945,9606657.8248
10625,,NEWELL HIGHWAY,MOREE PLAINS,West,North West M3Ed3,-28.88088405,150.1610862,4979741.387,9608910.45905
10630,STH OTAKE,NEWELL HIGHWAY,MOREE PLAINS,West,North West M3Ed3,-28.87321955,150.1735902,4980555.063100001,9610157.8629
10635,GIRRAWEEN  FLOODWAY,NEWELL HIGHWAY,MOREE PLAINS,West,North West M3Ed3,-28.86993803333333,150.18248663333335,4980892.8478666665,9611038.148266668
10640,80KLM PEG,NEWELL HIGHWAY,MOREE PLAINS,West,North West M3Ed3,-28.868161,150.1879867,4981073.704,9611581.5453
10645,,NEWELL HIGHWAY,MOREE PLAINS,West,North West M3Ed3,-28.86217293333333,150.20747733333334,4981680.043033333,9613506.299333334
10650,MUNGLE CREEK,NEWELL HIGHWAY,MOREE PLAINS,West,North West M3Ed3,-28.85562195,150.216336325,4982380.557525001,9614394.320325
10655,OSTERELY PIT,NEWELL HIGHWAY,MOREE PLAINS,West,North West M3Ed3,-28.849952950000002,150.22039375,4982997.58325,9614810.20595
10665,MUNGLE BACK CREEK,NEWELL HIGHWAY,MOREE PLAINS,West,North West M3Ed3,-28.8316017,150.2296303,4985006.671,9615775.831
10670,BOOROOLA TURNOFF,NEWELL HIGHWAY,MOREE PLAINS,West,North West M3Ed3,-28.8195081,150.2355939,4986331.0212,9616400.3238
10675,,NEWELL HIGHWAY,MOREE PLAINS,West,North West M3Ed3,-28.8101097,150.2400905,4987360.6296,9616872.2606
10680,SLOANES,NEWELL HIGHWAY,MOREE PLAINS,West,North West M3Ed3,-28.7930774,150.25064665,4989219.1917,9617963.1442
10685,SLOANES FLOODWAY,NEWELL HIGHWAY,MOREE PLAINS,West,North West M3Ed3,-28.7828147,150.258325,4990334.997866667,9618749.5077
10690,BATTLE HILL PIT,NEWELL HIGHWAY,MOREE PLAINS,West,North West M3Ed3,-28.77246835,150.26411109999998,4991465.8323,9619351.2457
10695,,NEWELL HIGHWAY,MOREE PLAINS,West,North West M3Ed3,-28.756636,150.26711015,4993214.166,9619699.55305
10700,DOLGELLY BORE ROAD,NEWELL HIGHWAY,MOREE PLAINS,West,North West M3Ed3,-28.738223372727273,150.26784124545455,4995255.904190909,9619835.029218182
10705,,NEWELL HIGHWAY,MOREE PLAINS,West,North West M3Ed3,-28.7263934,150.27593654,4996544.34692,9620668.28176
10710,,NEWELL HIGHWAY,MOREE PLAINS,West,North West M3Ed3,-28.7176511,150.2783272,4997507.510933333,9620932.680333333
10715,,NEWELL HIGHWAY,MOREE PLAINS,West,North West M3Ed3,-28.713545233333335,150.27902113333332,4997961.1847,9621014.9027
10720,,NEWELL HIGHWAY,MOREE PLAINS,West,North West M3Ed3,-28.703154899999998,150.28152002,4999106.9773,9621295.70924
10730,,NEWELL HIGHWAY,MOREE PLAINS,West,North West M3Ed3,-28.689769066666667,150.29485146666664,5000551.920633334,9622647.456633333
10740,,NEWELL HIGHWAY,MOREE PLAINS,West,North West M3Ed3,-28.6791813,150.30656855,5001691.0877,9623831.67455
10745,,NEWELL HIGHWAY,MOREE PLAINS,West,North West M3Ed3,-28.668061475000002,150.319060975,5002886.779375,9625093.965824999
10760,,NEWELL HIGHWAY,MOREE PLAINS,West,North West M3Ed3,-28.6483122,150.340887,5005011.1827,9627301.1727
10765,MORELLA WATERCOURSE,NEWELL HIGHWAY,MOREE PLAINS,West,North West M3Ed3,-28.6392779,150.343653,5006005.5079,9627604.1746
10770,LOWES ROAD,NEWELL HIGHWAY,MOREE PLAINS,West,North West M3Ed3,-28.628174450000003,150.34556874999998,5007232.226500001,9627831.3044
10775,,NEWELL HIGHWAY,MOREE PLAINS,West,North West M3Ed3,-28.611777080000003,150.34912676,5009041.552879999,9628238.220719999
10780,TOWN &COUNTRY CLUB B'BILLA,NEWELL HIGHWAY,MOREE PLAINS,West,North West M3Ed3,-28.6070238,150.354475,5009552.4687,9628779.1543
10790,,NEWELL HIGHWAY,MOREE PLAINS,West,North West M3Ed3,-28.59200485,150.3543817,5011220.26285,9628823.57525
10795,,NEWELL HIGHWAY,MOREE PLAINS,West,North West M3Ed3,-28.58648795,150.3484168,5011851.5526,9628258.68945
10810,GOONDIWINDI BRIDGE- END NH LINK MB3,NEWELL HIGHWAY,MOREE PLAINS,West,North West M3Ed3,-28.56163223333333,150.31782168333334,5014707.0124,9625348.026899999
14005,OFFLOAD RAMP SH2 - SH1,STURT HIGHWAY,WAGGA WAGGA,South,HMO South M3Ed2,-35.216103,147.8009825,4281793.3348,9372900.7109
14010,ONLOAD RAMP SH14 - SH2,STURT HIGHWAY,WAGGA WAGGA,South,HMO South M3Ed3,-35.21759003333333,147.79443296666668,4281632.9726,9372303.373200001
14015,TRUCK PARKING AREA,STURT HIGHWAY,WAGGA WAGGA,South,HMO South M3Ed3,-35.218075025,147.78923575000002,4281582.771525,9371829.966925
14020,OVERTAKING LANE,STURT HIGHWAY,WAGGA WAGGA,South,HMO South M3Ed3,-35.21805711363636,147.7808310590909,4281590.505772728,9371065.073222728
14025,,STURT HIGHWAY,WAGGA WAGGA,South,HMO South M3Ed3,-35.21496428571429,147.77210214285716,4281939.4082,9370273.189742858
14030,LOWER TARCUTTA ROAD,STURT HIGHWAY,WAGGA WAGGA,South,HMO South M3Ed3,-35.21092732941177,147.76430398235294,4282392.330570588,9369566.731494118
14040,MUNDARLO TURNOFF,STURT HIGHWAY,WAGGA WAGGA,South,HMO South M3Ed3,-35.201078055555556,147.75590131666667,4283490.1788111115,9368809.830872223
14050,TARCUTTA CREEK,STURT HIGHWAY,WAGGA WAGGA,South,HMO South M3Ed3,-35.191728,147.7486015,4284531.88695,9368152.79185
14060,CROWN RESERVE NEAR TARCUTTA CREEK,STURT HIGHWAY,WAGGA WAGGA,South,HMO South M3Ed3,-35.18911968,147.74575368,4284823.0015,9367895.596619999
14070,TARCUTTA CREEK TRUCK PARK,STURT HIGHWAY,WAGGA WAGGA,South,HMO South M3Ed3,-35.17929722857143,147.73999062857143,4285916.023999999,9367378.6225
14080,GLENDALOCH,STURT HIGHWAY,WAGGA WAGGA,South,HMO South M3Ed3,-35.16435740666667,147.72453764666668,4287582.683053333,9365983.12024
14090,INVERMAY,STURT HIGHWAY,WAGGA WAGGA,South,HMO South M3Ed3,-35.165652099999996,147.7120037,4287446.948066667,9364840.718366668
14100,WEEROONA,STURT HIGHWAY,WAGGA WAGGA,South,HMO South M3Ed3,-35.1733054,147.6883315,4286612.6706,9362679.391
14110,MATES GULLY ROAD,STURT HIGHWAY,WAGGA WAGGA,South,HMO South M3Ed3,-35.177117960714284,147.67373435357143,4286198.516007143,9361347.480271429
14120,MARTINS ROAD,STURT HIGHWAY,WAGGA WAGGA,South,HMO South M3Ed3,-35.173433599999996,147.65415528,4286618.44532,9359567.284219999
14130,STANMORE,STURT HIGHWAY,WAGGA WAGGA,South,HMO South M3Ed3,-35.169072400000005,147.6262105,4287117.6943,9357025.59305
14140,BORAMBOLA FITNESS CAMP,STURT HIGHWAY,WAGGA WAGGA,South,HMO South M3Ed3,-35.16718651666667,147.6130884833333,4287333.914283333,9355831.890216665
14150,BORAMBOLA ROAD NORTH,STURT HIGHWAY,WAGGA WAGGA,South,HMO South M3Ed3,-35.1640275375,147.5996478875,4287691.341275,9354609.93579375
14160,WOKOLENA RD - EAST SIDE,STURT HIGHWAY,WAGGA WAGGA,South,HMO South M3Ed3,-35.1611861076923,147.57935583076923,4288016.884238461,9352763.727246154
14180,GUYS HILL,STURT HIGHWAY,WAGGA WAGGA,South,HMO South M3Ed3,-35.1628731825,147.56468479,4287837.1019775,9351426.606765
14190,BETWEEN OVERTAKING LANES,STURT HIGHWAY,WAGGA WAGGA,South,HMO South M3Ed3,-35.16052766666667,147.55489986666666,4288102.0022,9350536.880466668
14200,MONOOKA RADIO TOWER/ OVERTAKING LANE,STURT HIGHWAY,WAGGA WAGGA,South,HMO South M3Ed3,-35.15787667272727,147.54894048181816,4288398.8555000005,9349995.688372727
14210,WOKOLENA RD - WEST SIDE,STURT HIGHWAY,WAGGA WAGGA,South,HMO South M3Ed3,-35.15336816111111,147.53537628333333,4288905.250883333,9348762.896033334
14220,TUMBARUMBA RD (MR384),STURT HIGHWAY,WAGGA WAGGA,South,HMO South M3Ed3,-35.15905058571429,147.52252504285713,4288281.0100714285,9347589.259057144
14230,KYEAMBA CREEK,STURT HIGHWAY,WAGGA WAGGA,South,HMO South M3Ed3,-35.1608706,147.5064121,4288086.402625,9346120.809475001
14240,OHEHIRS ROAD,STURT HIGHWAY,WAGGA WAGGA,South,HMO South M3Ed3,-35.15708662857143,147.4906729785714,4288512.869842857,9344689.38447857
14250,FOREST HILL,STURT HIGHWAY,WAGGA WAGGA,South,HMO South M3Ed3,-35.15177963333333,147.4752928,4289107.8831,9343291.2943
14270,FOREST HILL,STURT HIGHWAY,WAGGA WAGGA,South,HMO South M3Ed3,-35.14398725,147.45763685,4289979.226199999,9341686.9532
14280,,STURT HIGHWAY,WAGGA WAGGA,South,HMO South M3Ed3,-35.14131166666667,147.45221556666667,4290278.087933333,9341194.409466667
14290,MURRAY COD CORNER,STURT HIGHWAY,WAGGA WAGGA,South,HMO South M3Ed3,-35.138758975,147.44684512499998,4290563.28095,9340706.414325
14300,CALTEX SERVO,STURT HIGHWAY,WAGGA WAGGA,South,HMO South M3Ed3,-35.1353656,147.44300529999998,4290941.084799999,9340358.2197
14310,GUMLY GUMLY,STURT HIGHWAY,WAGGA WAGGA,South,HMO South M3Ed3,-35.1307198,147.43864399999998,4291457.960533333,9339963.067133332
14320,NR ROAD TO OLD DRIVE IN,STURT HIGHWAY,WAGGA WAGGA,South,HMO South M3Ed3,-35.126761,147.429406,4291900.4746,9339123.2562
14325,WEST OF TASMAN RD TO B,STURT HIGHWAY,WAGGA WAGGA,South,Riverina East M3Ed3,-35.1250107,147.4099327,4292101.7032,9337349.8358
14330,BLAXLAND RD (EAST) TO,STURT HIGHWAY,WAGGA WAGGA,South,Riverina East M3Ed3,-35.1245643,147.4045028,4292153.1356,9336855.3075
14375,MOORONG ST (W) - START,STURT HIGHWAY,WAGGA WAGGA,South,Riverina East M3Ed3,-35.1202653,147.3319793,4292653.1698,9330249.138
14385,AC JOINT TO MR78 (EAST),STURT HIGHWAY,WAGGA WAGGA,South,Riverina East M3Ed3,-35.12175266666667,147.31985256666667,4292491.674433333,9329143.698033333
14390,MR78 (EAST) - END OF M,STURT HIGHWAY,WAGGA WAGGA,South,Riverina East M3Ed3,-35.1221251,147.31693466666667,4292451.1837,9328877.7109
14400,FROM MR 78 MEDIAN TO CLIMBING LANE,STURT HIGHWAY,WAGGA WAGGA,South,Riverina East M3Ed3,-35.123031266666665,147.31177820000002,4292352.107233333,9328407.586333333
14402,SAN ISADORE CLIMBING LANE,STURT HIGHWAY,WAGGA WAGGA,South,Riverina East M3Ed3,-35.12261363333334,147.30409026666666,4292400.480133333,9327707.2487
14404,POMIGALANA RESERVE,STURT HIGHWAY,WAGGA WAGGA,South,Riverina East M3Ed3,-35.116270642857145,147.29495655714285,4293106.282071428,9326877.036314284
14406,CUMMINS DRIVE,STURT HIGHWAY,WAGGA WAGGA,South,Riverina East M3Ed3,-35.11027755714286,147.28325984285715,4293773.826114286,9325813.024771428
14408,,STURT HIGHWAY,WAGGA WAGGA,South,Riverina East M3Ed3,-35.10811748,147.27085608,4294016.37298,9324683.34658
14410,YARRAGUNDRY CURVES,STURT HIGHWAY,WAGGA WAGGA,South,Riverina East M3Ed3,-35.113198833333335,147.25900336666666,4293455.612366666,9323601.832166666
14414,,STURT HIGHWAY,WAGGA WAGGA,South,Riverina East M3Ed2,-35.1148107,147.2447352,4293280.005,9322301.2457
14416,SANDY CREEK,STURT HIGHWAY,WAGGA WAGGA,South,Riverina East M3Ed3,-35.112532699999996,147.23383153333336,4293534.895666666,9321308.248166667
14418,YARRAGUNDRY ROAD,STURT HIGHWAY,WAGGA WAGGA,South,Riverina East M3Ed3,-35.11013475,147.2267208,4293802.2495,9320660.86895
14422,ELEVEN MILE LANE,STURT HIGHWAY,WAGGA WAGGA,South,Riverina East M3Ed3,-35.10375533333333,147.18825656666667,4294516.6518,9317157.0246
14424,TWELVE MILE ROAD,STURT HIGHWAY,WAGGA WAGGA,South,Riverina East M3Ed2,-35.0986528,147.1681062,4295085.632,9315321.5656
14426,THIRTEEN MILE ROAD,STURT HIGHWAY,WAGGA WAGGA,South,Riverina East M3Ed3,-35.09398855,147.15075174999998,4295605.2667,9313740.6358
14428,COLLINGULLIE,STURT HIGHWAY,WAGGA WAGGA,South,Riverina East M3Ed3,-35.0905189,147.1371005,4295991.7608,9312496.9235
14430,COOLOMAN INTERSECTION,STURT HIGHWAY,WAGGA WAGGA,South,Riverina East M3Ed2,-35.0838887,147.1208904,4296728.8308,9311020.263
14432,OAKLEIGH,STURT HIGHWAY,WAGGA WAGGA,South,Riverina East M3Ed2,-35.0795135,147.1014652,4297215.8945,9309250.0372
14434,BALMORAL,STURT HIGHWAY,WAGGA WAGGA,South,Riverina East M3Ed3,-35.078675366666666,147.09048083333334,4297309.754166666,9308248.788733333
14440,TO CAMERONS ROAD,STURT HIGHWAY,WAGGA WAGGA,South,Riverina East M3Ed3,-35.06162282857143,147.05668092857144,4299202.9095,9305168.6072
14442,BUNYONS LANE,STURT HIGHWAY,WAGGA WAGGA,South,Riverina East M3Ed3,-35.055789725,147.0202501,4299850.96975,9301847.021875001
14444,ROHANS ROAD,STURT HIGHWAY,WAGGA WAGGA,South,Riverina East M3Ed3,-35.039818600000004,146.9827846,4301622.00445,9298430.39295
14446,CENTRAL ISLAND RD,STURT HIGHWAY,WAGGA WAGGA,South,Riverina East M3Ed2,-35.0268551,146.951917,4303058.7084,9295614.6373
14448,,STURT HIGHWAY,WAGGA WAGGA,South,Riverina East M3Ed3,-35.02194771428571,146.9388646,4303602.242871429,9294423.727542857
14450,BULLENBUNG CREEK,STURT HIGHWAY,WAGGA WAGGA,South,Riverina East M3Ed3,-35.01902176666667,146.92404278333333,4303925.81555,9293071.449433334
14452,ARAJOEL ROAD,STURT HIGHWAY,WAGGA WAGGA,South,Riverina East M3Ed3,-35.01148176666666,146.9049757,4304760.474633333,9291331.304
14454,1ST ARAJOEL CULVERT,STURT HIGHWAY,WAGGA WAGGA,South,Riverina East M3Ed3,-35.0072904,146.87051929999998,4305221.88395,9288187.243383333
14456,2ND ARAJOEL CULVERT,STURT HIGHWAY,WAGGA WAGGA,South,Riverina East M3Ed3,-35.0083547,146.85484465000002,4305101.98395,9286757.3178
14458,KINGS ROAD,STURT HIGHWAY,WAGGA WAGGA,South,Riverina East M3Ed3,-35.0102703,146.84630436666666,4304888.459199999,9285978.4557
14462,START NARRANDERA SHIRE,STURT HIGHWAY,NARRANDERA,South,Riverina East M3Ed3,-34.99796415,146.7951408,4306245.0094,9281307.998750001
14464,MR 370,STURT HIGHWAY,NARRANDERA,South,Riverina East M3Ed3,-34.99961571666667,146.76716061666667,4306056.5084833335,9278755.312466666
14466,KYWONG,STURT HIGHWAY,NARRANDERA,South,Riverina East M3Ed3,-34.990937342857144,146.74262244285714,4307013.6086142855,9276513.992585715
14468,PAINTINGS BRIDGE ROAD,STURT HIGHWAY,NARRANDERA,South,Riverina East M3Ed3,-34.9789119,146.73174483333332,4308344.5264,9275517.9127
14470,MITCHELLS ROAD,STURT HIGHWAY,NARRANDERA,South,Riverina East M3Ed3,-34.968025000000004,146.7121652666667,4309546.981,9273727.683600001
14472,FAITHFUL ROAD,STURT HIGHWAY,NARRANDERA,South,Riverina East M3Ed3,-34.95485442,146.68918094,4311001.32764,9271625.34406
14476,,STURT HIGHWAY,NARRANDERA,South,Riverina East M3Ed2,-34.9401629,146.6703891,4312625.1342,9269904.7243
14478,SUNNYBRAE QUARY,STURT HIGHWAY,NARRANDERA,South,Riverina East M3Ed3,-34.931132733333335,146.66208503333334,4313623.9862,9269143.266966665
14480,SANDIGO RIVER ROAD,STURT HIGHWAY,NARRANDERA,South,Riverina East M3Ed3,-34.9214073,146.651074,4314699.0407,9268134.1789
14482,SANDIGO,STURT HIGHWAY,NARRANDERA,South,Riverina East M3Ed3,-34.920935639999996,146.64770286,4314750.30368,9267826.12714
14486,AVONDALE,STURT HIGHWAY,NARRANDERA,South,Riverina East M3Ed3,-34.9047403,146.62473315,4316538.7275,9265721.9198
14490,SANDIGO REALIGNMENT,STURT HIGHWAY,NARRANDERA,South,Riverina East M3Ed3,-34.89414655,146.61891780000002,4317711.42045,9265186.43425
14492,,STURT HIGHWAY,NARRANDERA,South,Riverina East M3Ed3,-34.876788,146.615155,4319634.8282,9264835.5937
14494,KYWONG ROAD,STURT HIGHWAY,NARRANDERA,South,Riverina East M3Ed3,-34.860339350000004,146.60696504999999,4321455.792875,9264080.3545
14496,STRONTIAN ROAD,STURT HIGHWAY,NARRANDERA,South,Riverina East M3Ed3,-34.84410095,146.5963719,4323252.528775,9263105.279425
14498,WALLARINGA,STURT HIGHWAY,NARRANDERA,South,Riverina East M3Ed3,-34.825658,146.58751761666667,4325294.205816667,9262287.86235
14500,POISON WATERHOLES CK,STURT HIGHWAY,NARRANDERA,South,Riverina East M3Ed3,-34.80665533333333,146.57907953333333,4327397.995866667,9261507.906933332
14502,TO THE GAP ROAD,STURT HIGHWAY,NARRANDERA,South,Riverina East M3Ed3,-34.784989625,146.56392445,4329794.39955,9260111.97275
14504,FISHERY TO HW17,STURT HIGHWAY,NARRANDERA,South,Riverina East M3Ed3,-34.77374798333333,146.55425016666666,4331037.007483333,9259221.719533334
14506,GILLENBAH,STURT HIGHWAY,NARRANDERA,South,Riverina East M3Ed3,-34.76250911,146.5264636,4332271.86425,9256674.09371
14508,NORTONS ROAD,STURT HIGHWAY,NARRANDERA,South,Riverina East M3Ed3,-34.7476017,146.50166636666665,4333914.0585,9254397.385566667
14510,GILLENBAH STATION ROAD,STURT HIGHWAY,NARRANDERA,South,Riverina East M3Ed3,-34.735939,146.4780337,4335196.504,9252228.2941
14516,GOONARAH LAGOON,STURT HIGHWAY,NARRANDERA,South,Riverina East M3Ed3,-34.7218279,146.4424883,4336744.127049999,9248966.73085
14518,,STURT HIGHWAY,NARRANDERA,South,Riverina East M3Ed3,-34.71275862,146.42799467999998,4337742.4008599995,9247634.494380001
14520,YANCO CREEK REST AREA,STURT HIGHWAY,NARRANDERA,South,Riverina East M3Ed3,-34.7085402,146.41894580000002,4338205.5141,9246803.51265
14522,YANCO CREEK,STURT HIGHWAY,NARRANDERA,South,Riverina East M3Ed3,-34.7042191,146.401493075,4338675.545325,9245202.94135
14524,STARTS AT YANCO WEIR RD,STURT HIGHWAY,NARRANDERA,South,Riverina East M3Ed3,-34.70051395,146.394264075,4339082.484375,9244538.692125
14528,RD TO MOLLEYS LAGOON,STURT HIGHWAY,NARRANDERA,South,Riverina East M3Ed3,-34.699080099999996,146.35268711428571,4339218.596128571,9240730.938057143
14530,RD TO YANCO,STURT HIGHWAY,NARRANDERA,South,Riverina East M3Ed3,-34.694486225,146.3385324375,4339719.7842375,9239431.668525
14532,MUNDARRA ROAD,STURT HIGHWAY,NARRANDERA,South,Riverina East M3Ed3,-34.684161585714286,146.29234882857142,4340836.666671428,9235195.075271428
14534,,STURT HIGHWAY,NARRANDERA,South,Riverina East M3Ed3,-34.6823745,146.2772173,4341025.3224,9233808.0145
14536,CARINGAL,STURT HIGHWAY,NARRANDERA,South,Riverina East M3Ed3,-34.680219574999995,146.2603756,4341253.4177250005,9232263.982025001
14538,,STURT HIGHWAY,NARRANDERA,South,Riverina East M3Ed3,-34.679349,146.2531449,4341345.225,9231601.1
14540,BELVEDERE,STURT HIGHWAY,NARRANDERA,South,Riverina East M3Ed3,-34.6778605,146.240625825,4341501.9686,9230453.380675
14546,SPILLERS CK,STURT HIGHWAY,MURRUMBIDGEE,South,Riverina East M3Ed3,-34.6627769,146.1743156,4343128.0567499995,9224367.269000001
14548,CHANNEL,STURT HIGHWAY,MURRUMBIDGEE,South,Riverina East M3Ed3,-34.65800025,146.16132131666666,4343648.09705,9223172.755766666
14550,TUBBO,STURT HIGHWAY,MURRUMBIDGEE,South,Riverina East M3Ed3,-34.652607700000004,146.1368547,4344227.653966666,9220926.584133334
14552,TUBBO,STURT HIGHWAY,MURRUMBIDGEE,South,Riverina East M3Ed3,-34.646675933333334,146.11518636666668,4344868.627366667,9218935.994233333
14556,TUBBO,STURT HIGHWAY,MURRUMBIDGEE,South,Riverina East M3Ed3,-34.6346954,146.0912347,4346177.920133334,9216730.095866667
14560,DONALD ROSS DRIVE,STURT HIGHWAY,MURRUMBIDGEE,South,Riverina East M3Ed3,-34.61655413846154,146.04781141538461,4348153.529546154,9212733.000284616
14562,CAVASO,STURT HIGHWAY,MURRUMBIDGEE,South,Riverina East M3Ed3,-34.618721533333336,146.02419863333333,4347893.305766667,9210571.200966666
14564,WOODLANDS LEFT,STURT HIGHWAY,MURRUMBIDGEE,South,Riverina East M3Ed3,-34.6081653,146.0063244,4349048.0714,9208922.002
14566,WADDI,STURT HIGHWAY,MURRUMBIDGEE,South,Riverina East M3Ed3,-34.593006349999996,145.9913333,4350715.32165,9207531.760400001
14568,BACK POINT ROAD,STURT HIGHWAY,MURRUMBIDGEE,South,Riverina East M3Ed3,-34.584538620000004,145.97914562,4351643.13424,9206405.32722
14570,FRUITFLY PIT,STURT HIGHWAY,MURRUMBIDGEE,South,Riverina East M3Ed3,-34.5870308,145.9644742,4351353.6348,9205062.9859
14572,WIDE ROAD,STURT HIGHWAY,MURRUMBIDGEE,South,Riverina East M3Ed3,-34.596767119999996,145.93205372,4350244.41242,9202101.79318
14574,WIDE ROAD,STURT HIGHWAY,MURRUMBIDGEE,South,Riverina East M3Ed3,-34.59536825,145.91592715,4350384.2308875,9200621.9145125
14576,URI PARK,STURT HIGHWAY,MURRUMBIDGEE,South,Riverina East M3Ed3,-34.59848115,145.8809358,4350005.357175,9197418.025075
14578,URI PARK,STURT HIGHWAY,MURRUMBIDGEE,South,Riverina East M3Ed3,-34.60160322,145.86257209000001,4349641.06901,9195738.48952
14580,FIDDLER'S,STURT HIGHWAY,MURRUMBIDGEE,South,Riverina East M3Ed3,-34.59761,145.83421545,4350055.09325,9193134.345674999
14582,GUM CREEK BRIDGE,STURT HIGHWAY,MURRUMBIDGEE,South,Riverina East M3Ed3,-34.591427925,145.8235825,4350729.45685,9192151.95695
14586,YARADA STATE FOREST,STURT HIGHWAY,MURRUMBIDGEE,South,Riverina East M3Ed3,-34.57836116,145.80749784,4352161.18714,9190660.916339999
14588,YARRADA,STURT HIGHWAY,MURRUMBIDGEE,South,Riverina East M3Ed3,-34.5736051,145.78966897777778,4352669.587388889,9189020.16208889
14590,HOMESTEAD,STURT HIGHWAY,MURRUMBIDGEE,South,Riverina East M3Ed3,-34.56364596,145.76795882000002,4353750.268680001,9187016.51866
14592,THE HOMESTEAD,STURT HIGHWAY,MURRUMBIDGEE,South,Riverina East M3Ed3,-34.550882,145.73632465,4355130.4819,9184098.5604
14594,BIRDCAGE,STURT HIGHWAY,MURRUMBIDGEE,South,Riverina East M3Ed3,-34.53154356923077,145.71497093076923,4357250.186215385,9182113.755023077
14596,BIRDCAGE REST AREA,STURT HIGHWAY,MURRUMBIDGEE,South,Riverina East M3Ed3,-34.52345868571429,145.70096035238095,4358130.444566666,9180817.36277143
14598,KULKI,STURT HIGHWAY,HAY,South,Riverina West M3Ed3,-34.50729826956522,145.66718382173912,4359882.693608696,9177695.759665217
14600,TOGANMAIN,STURT HIGHWAY,HAY,South,Riverina West M3Ed3,-34.491130747619046,145.63955257142857,4361642.068666667,9175137.012533333
14602,TOGANMAIN,STURT HIGHWAY,MURRUMBIDGEE,South,Riverina West M3Ed3,-34.48109518888889,145.61649360555555,4362726.628744444,9173006.04216111
14604,TOGANMAIN,STURT HIGHWAY,HAY,South,Riverina West M3Ed3,-34.47836672631579,145.5916207263158,4362998.554442105,9170718.979205264
14606,TOGANMAIN,STURT HIGHWAY,HAY,South,Riverina West M3Ed3,-34.4782641,145.57963279999998,4362995.04165,9169618.4688
14608,GUNDALINE CHANNEL,STURT HIGHWAY,HAY,South,Riverina West M3Ed3,-34.47826906666667,145.56807556666666,4362980.004033333,9168557.6491
14610,,STURT HIGHWAY,HAY,South,Riverina West M3Ed3,-34.47529985,145.54332278333334,4363277.6762999995,9166281.027983332
14612,GUNDALINE,STURT HIGHWAY,HAY,South,Riverina West M3Ed3,-34.47224738333333,145.51763038333334,4363582.844175,9163917.8854
14614,GUNDALINE RESERVE,STURT HIGHWAY,HAY,South,Riverina West M3Ed3,-34.4714902,145.48203303333335,4363619.818750001,9160649.052458333
14616,GUNDALINE,STURT HIGHWAY,MURRUMBIDGEE,South,Riverina West M3Ed3,-34.47289564444444,145.46364764444445,4363439.403688889,9158963.640366666
14618,CONARGO LANE,STURT HIGHWAY,HAY,South,Riverina West M3Ed3,-34.47018105714285,145.44313312857142,4363712.393257143,9157076.062614286
14620,REPEATER STATION- WEBBS CATTLE YARDS,STURT HIGHWAY,HAY,South,Riverina West M3Ed3,-34.46794874166667,145.42290070833334,4363931.942358333,9155215.078425
14622,WEST OF CARRATHOOL TURNOFF,STURT HIGHWAY,MURRUMBIDGEE,South,Riverina West M3Ed3,-34.470215466666666,145.38989915,4363634.4945,9152189.485383334
14624,,STURT HIGHWAY,MURRUMBIDGEE,South,Riverina West M3Ed3,-34.47252514,145.37047574,4363350.863580001,9150410.511039998
14626,KOLORA,STURT HIGHWAY,MURRUMBIDGEE,South,Riverina West M3Ed3,-34.475505733333335,145.3584069,4363003.149866667,9149307.881183334
14628,COOEY POINT RESERVE,STURT HIGHWAY,MURRUMBIDGEE,South,Riverina West M3Ed3,-34.48452771111111,145.32962111111112,4361961.283444445,9146681.672300002
14630,,STURT HIGHWAY,HAY,South,Riverina West M3Ed3,-34.49191505,145.30399419999998,4361104.57745,9144342.9709
14632,MULBERYGONG,STURT HIGHWAY,MURRUMBIDGEE,South,Riverina West M3Ed3,-34.4990187,145.28451760000002,4360288.0793200005,9142568.485860001
14634,MULBERYGONG,STURT HIGHWAY,HAY,South,Riverina West M3Ed2,-34.508881425,145.256723125,4359152.6864,9140036.238325
14636,MULBERRYGONG RESERVE,STURT HIGHWAY,HAY,South,Riverina West M3Ed3,-34.51295356666667,145.23818253333334,4358672.810666666,9138342.700533332
14638,BURRABOGIE,STURT HIGHWAY,HAY,South,Riverina West M3Ed3,-34.50880555,145.20433028,4359079.65436,9135228.93734
14640,BURRABOGIE,STURT HIGHWAY,HAY,South,Riverina West M3Ed3,-34.50652636363636,145.18679942727272,4359304.486409091,9133616.071090909
14642,BURRABOGIE,STURT HIGHWAY,HAY,South,Riverina West M3Ed3,-34.501834683333335,145.16253965,4359785.601183333,9131381.007775
14644,BURRABOGIE,STURT HIGHWAY,HAY,South,Riverina West M3Ed3,-34.49612260740741,145.1296826,4360365.190144445,9128354.774918519
14646,WAHWOON,STURT HIGHWAY,HAY,South,Riverina West M3Ed3,-34.498294632352945,145.10596366470588,4360085.234644118,9126182.617370589
14648,WAHWOON,STURT HIGHWAY,HAY,South,Riverina West M3Ed3,-34.4965017,145.08730164166667,4360252.7527749995,9124466.5206125
14650,GUM CREEK,STURT HIGHWAY,HAY,South,Riverina West M3Ed3,-34.49541579090909,145.07213097272728,4360347.517290909,9123072.205336364
14652,WAHWOON,STURT HIGHWAY,HAY,South,Riverina West M3Ed3,-34.496511712,145.053031804,4360193.5378600005,9121321.86364
14654,GRE GRE,STURT HIGHWAY,HAY,South,Riverina West M3Ed3,-34.49637191153846,145.04055411538462,4360187.6312384615,9120176.593165385
14656,GRE GRE,STURT HIGHWAY,HAY,South,Riverina West M3Ed3,-34.495761936,145.019318308,4360218.465548,9118226.672724001
14658,CEDAR GROVE,STURT HIGHWAY,HAY,South,Riverina West M3Ed3,-34.493967836,145.002183904,4360387.375844,9116650.582432
14660,CEDAR GROVE,STURT HIGHWAY,HAY,South,Riverina West M3Ed3,-34.5006988,144.97749107916667,4359597.766179167,9114399.120983334
14662,ELI-ELWAH RESERVE,STURT HIGHWAY,HAY,South,Riverina West M3Ed3,-34.5049453625,144.96197605625,4359099.446875,9112984.702725
14664,BARRY MILLIKEN LEFT,STURT HIGHWAY,HAY,South,Riverina West M3Ed3,-34.50957139090909,144.94613826363636,4358558.271790909,9111541.645554544
14666,BERTANGLES,STURT HIGHWAY,HAY,South,Riverina West M3Ed3,-34.516789800000005,144.91898136,4357708.92678,9109066.04066
14668,GIBSON'S,STURT HIGHWAY,HAY,South,Riverina West M3Ed3,-34.51847835,144.90532965,4357496.761916666,9107817.402716666
14670,LANG'S CROSSING,STURT HIGHWAY,HAY,South,Riverina West M3Ed3,-34.51893607333333,144.89111001333333,4357419.77284,9106513.973406667
14672,MARKET GARDENS,STURT HIGHWAY,HAY,South,Riverina West M3Ed3,-34.52066365,144.86667419285715,4357182.788085715,9104276.248757143
14674,BOON ST.->EAST PT.OF ROUND-A-BOUT,STURT HIGHWAY,HAY,South,Riverina West M3Ed3,-34.5197351,144.8534141,4357260.782733333,9103057.746
14680,MEDIAN NOSE - BUNGAH CK (ABUT 1),STURT HIGHWAY,HAY,South,Riverina West M3Ed3,-34.52054756666667,144.8367619,4357139.2276,9101532.038233332
14682,BUNGAH CK WEST (TO MUNGADAL),STURT HIGHWAY,HAY,South,Riverina West M3Ed3,-34.51996163333333,144.82052642833332,4357173.185348334,9100041.35668
14684,MUNGADAL HOMESTEAD,STURT HIGHWAY,HAY,South,Riverina West M3Ed3,-34.5217870893617,144.79681938723402,4356925.25166383,9097870.915017022
14686,MUNGADAL,STURT HIGHWAY,HAY,South,Riverina West M3Ed3,-34.52480571666667,144.76909768166666,4356536.67981,9095335.137643334
14688,MUNGADAL,STURT HIGHWAY,HAY,South,Riverina West M3Ed3,-34.53261242758621,144.73810911724138,4355610.365382759,9092511.431910345
14690,MUNGADAL DAM,STURT HIGHWAY,HAY,South,Riverina West M3Ed3,-34.54834023157895,144.71465474210527,4353820.492963158,9090398.334405264
14692,,STURT HIGHWAY,HAY,South,Riverina West M3Ed3,-34.55898554666667,144.69555574666666,4352602.1898,9088672.9837
14694,,STURT HIGHWAY,HAY,South,Riverina West M3Ed3,-34.564437999999996,144.6837178,4351973.913699999,9087600.9461
14696,PEVENSEY,STURT HIGHWAY,HAY,South,Riverina West M3Ed3,-34.57386865294117,144.67321954117648,4350907.322288236,9086661.732858822
14698,ROMANI ROAD LEFT,STURT HIGHWAY,HAY,South,Riverina West M3Ed3,-34.5845487,144.6619761,4349700.6504999995,9085657.490418183
14700,PEVENSEY,STURT HIGHWAY,HAY,South,Riverina West M3Ed3,-34.5936742375,144.647497125,4348659.44255,9084353.1298625
14702,PEVENSEY,STURT HIGHWAY,HAY,South,Riverina West M3Ed3,-34.60263331666667,144.60336420000002,4347574.5431,9080331.06395
14704,PEVENSEY,STURT HIGHWAY,HAY,South,Riverina West M3Ed3,-34.605178030000005,144.58283639,4347249.19101,9078456.377050001
14706,PEVENSEY REST AREA LEFT,STURT HIGHWAY,HAY,South,Riverina West M3Ed3,-34.602249425000004,144.55363955833334,4347511.445233333,9075773.230358334
14708,PEVENSEY,STURT HIGHWAY,HAY,South,Riverina West M3Ed3,-34.6032948875,144.5374503375,4347360.7524500005,9074292.39
14710,PEVENSEY,STURT HIGHWAY,HAY,South,Riverina West M3Ed3,-34.614482234782606,144.5202356173913,4346083.547504348,9072744.295073913
14712,PEVENSEY,STURT HIGHWAY,HAY,South,Riverina West M3Ed3,-34.61562806,144.49903802,4345910.251739999,9070805.0458
14714,BOOTH'S,STURT HIGHWAY,HAY,South,Riverina West M3Ed3,-34.61298784,144.47702038,4346154.336519999,9068780.6059
14716,BOOTH'S LEFT,STURT HIGHWAY,HAY,South,Riverina West M3Ed3,-34.60955807,144.44813635999998,4346470.144789999,9066124.749019999
14718,WAYMEA DOWNS,STURT HIGHWAY,HAY,South,Riverina West M3Ed2,-34.6075133,144.4315309,4346659.4797,9064597.6129
14720,WAYMEA DOWNS,STURT HIGHWAY,HAY,South,Riverina West M3Ed3,-34.6083767,144.4170265,4346531.0167,9063270.9057
14722,WAYMEA DOWNS,STURT HIGHWAY,HAY,South,Riverina West M3Ed3,-34.60983934615385,144.40200826923078,4346334.771015385,9061898.803961538
14724,PATTERSON'S LEFT,STURT HIGHWAY,HAY,South,Riverina West M3Ed3,-34.61319935,144.38442785,4345922.203299999,9060297.2489
14730,PATTERSON'S LEFT,STURT HIGHWAY,HAY,South,Riverina West M3Ed3,-34.623715485714285,144.34316362857143,4344661.311057143,9056546.04952857
14732,PATTERSON'S LEFT,STURT HIGHWAY,HAY,South,Riverina West M3Ed3,-34.6243334,144.32566724999998,4344551.95185,9054944.9066
14734,PATTERSONS LEFT,STURT HIGHWAY,HAY,South,Riverina West M3Ed3,-34.62685042,144.31542248,4344248.93052,9054013.52854
14736,PATTERSON'S LEFT,STURT HIGHWAY,HAY,South,Riverina West M3Ed3,-34.631332223076924,144.29697797692307,4343708.6519461535,9052336.700923078
14738,RAVENSWORTH - MR 319,STURT HIGHWAY,HAY,South,Riverina West M3Ed3,-34.63430526923077,144.2851212769231,4343351.006492307,9051259.136976924
14740,RAVENSWORTH,STURT HIGHWAY,HAY,South,Riverina West M3Ed3,-34.6373946,144.2725094,4342978.539375,9050112.8193
14742,RAVENSWORTH,STURT HIGHWAY,HAY,South,Riverina West M3Ed3,-34.64134096,144.25625766000002,4342502.1995399995,9048635.69686
14746,RAVENSWORTH,STURT HIGHWAY,HAY,South,Riverina West M3Ed2,-34.646768,144.23390565,4341846.754000001,9046604.352
14748,RAVENSWORTH,STURT HIGHWAY,HAY,South,Riverina West M3Ed3,-34.654754576923075,144.20138293076923,4340882.302292308,9043649.44556154
14750,ROOKERY,STURT HIGHWAY,HAY,South,Riverina West M3Ed3,-34.66309272142857,144.16740238095238,4339874.3227904765,9040562.700430952
14752,JERALY,STURT HIGHWAY,HAY,South,Riverina West M3Ed3,-34.66885162941177,144.1445469352941,4339179.182164706,9038487.300088236
14754,JERALY,STURT HIGHWAY,HAY,South,Riverina West M3Ed3,-34.67617590526316,144.11983474210524,4338305.346647369,9036247.034605263
14756,JERALY,STURT HIGHWAY,HAY,South,Riverina West M3Ed3,-34.681957634285716,144.0941233142857,4337599.394671428,9033910.91960857
14758,HELLS GATE,STURT HIGHWAY,HAY,South,Riverina West M3Ed3,-34.68846835217391,144.05770410869565,4336784.518947826,9030597.240265219
14760,HELL'S GATE,STURT HIGHWAY,HAY,South,Riverina West M3Ed3,-34.693897164999996,144.02769638499998,4336105.1525825,9027867.5099275
14762,HELL'S GATE,STURT HIGHWAY,HAY,South,Riverina West M3Ed3,-34.702968948,144.007961124,4335048.241084,9026089.934736
14764,2.2KM WEST OF LGA BDRY,STURT HIGHWAY,HAY,South,Riverina West M3Ed3,-34.717658358974354,143.98275334871795,4333353.974402565,9023829.948566666
14766,5.5KM WEST OF LGA BDRY,STURT HIGHWAY,MURRAY RIVER,South,Riverina West M3Ed3,-34.725504743589745,143.94999740512822,4332397.341910257,9020857.956094872
14768,MILLICENT,STURT HIGHWAY,HAY,South,Riverina West M3Ed3,-34.722651291666665,143.9202630125,4332633.771754167,9018128.0659125
14770,GORMAN'S HILL,STURT HIGHWAY,HAY,South,Riverina West M3Ed3,-34.7239948362069,143.89275381551724,4332410.303858621,9015615.479356896
14772,YANGA STATION,STURT HIGHWAY,MURRAY RIVER,South,Riverina West M3Ed3,-34.723053658,143.851266034,4332400.908804,9011816.36331
14774,YANGA STATION,STURT HIGHWAY,MURRAY RIVER,South,Riverina West M3Ed3,-34.72454132,143.83826503999998,4332200.1500699995,9010631.82163
14776,YANGA STATION,STURT HIGHWAY,MURRAY RIVER,South,Riverina West M3Ed3,-34.730575127631575,143.82161525657895,4331485.235547368,9009128.837505264
14778,YANGA STATION,STURT HIGHWAY,HAY,South,Riverina West M3Ed3,-34.7330069362069,143.79445517068964,4331139.826167242,9006652.293724138
14780,YANGA STATION,STURT HIGHWAY,MURRAY RIVER,South,Riverina West M3Ed3,-34.73457404772727,143.77335996363638,4330906.738163636,9004727.796113636
14782,YANGA STATION,STURT HIGHWAY,MURRAY RIVER,South,Riverina West M3Ed3,-34.738710175,143.750943465,4330384.820051666,9002691.35872
14784,YANGA STATION,STURT HIGHWAY,MURRAY RIVER,South,Riverina West M3Ed3,-34.737971025,143.728771825,4330403.408261111,9000660.601977777
14786,YANGA STATION,STURT HIGHWAY,MURRAY RIVER,South,Riverina West M3Ed3,-34.73612055454545,143.71258047878788,4330561.957836363,8999173.016087878
14788,YANGA STATION,STURT HIGHWAY,MURRAY RIVER,South,Riverina West M3Ed3,-34.734080592,143.694957636,4330737.130096,8997553.756072
14790,YANGA STATION,STURT HIGHWAY,MURRAY RIVER,South,Riverina West M3Ed3,-34.72609501221374,143.67147302290076,4331553.742851908,8995377.128980152
14792,YANGA,STURT HIGHWAY,MURRAY RIVER,South,Riverina West M3Ed3,-34.71020496116505,143.64132960873786,4333226.223062135,8992562.78682136
14794,YANGA,STURT HIGHWAY,MURRAY RIVER,South,Riverina West M3Ed3,-34.704348971929825,143.62318838245614,4333821.599180701,8990881.82983158
14796,YANGA,STURT HIGHWAY,MURRAY RIVER,South,Riverina West M3Ed3,-34.69984809468085,143.6085225287234,4334276.8272585105,8989523.564662766
14798,YANGA BRIDGE,STURT HIGHWAY,HAY,South,Riverina West M3Ed3,-34.6984105875,143.59190764285714,4334386.612923214,8987997.874185715
14800,YANGA BRIDGE,STURT HIGHWAY,BALRANALD,South,Riverina West M3Ed3,-34.68633927567568,143.57992155135133,4335688.319637838,8986857.158324324
14802,,STURT HIGHWAY,BALRANALD,South,Riverina West M3Ed3,-34.676104860869565,143.57299337391302,4336801.547221739,8986185.830291305
14804,SERVICE STATION RIGHT/SWANHILL RD,STURT HIGHWAY,BALRANALD,South,Riverina West M3Ed3,-34.663706974074074,143.56211272222222,4338142.530255555,8985144.608351853
14806,MURRUMBIDGEE RIVER,STURT HIGHWAY,BALRANALD,South,Riverina West M3Ed3,-34.651307975,143.56344895,4339520.3940625,8985221.7438625
14808,"MCCABE STREET, BALRANALD",STURT HIGHWAY,BALRANALD,South,Riverina West M3Ed3,-34.64414114,143.56695562,4340325.05346,8985516.71908
14810,MARKET ST BALRANALD,STURT HIGHWAY,BALRANALD,South,Riverina West M3Ed3,-34.64217106666667,143.5651721,4340537.966,8985346.211133333
14812,MOA ST - SERVICE STATION RIGHT,STURT HIGHWAY,BALRANALD,South,Riverina West M3Ed3,-34.63186056666667,143.55312793333334,4341644.0362,8984205.580166666
14814,110 KPH ZONE,STURT HIGHWAY,BALRANALD,South,Riverina West M3Ed3,-34.630716840000005,143.53997913,4341730.931530001,8982997.15562
14816,WEST OF BALRANALD,STURT HIGHWAY,BALRANALD,South,Riverina West M3Ed3,-34.629844633333335,143.5258251388889,4341784.526311111,8981697.643577777
14818,WEST OF BALRANALD,STURT HIGHWAY,BALRANALD,South,Riverina West M3Ed3,-34.6281714,143.49767751538462,4341883.79146923,8979113.509446153
14820,WEST OF BALRANALD,STURT HIGHWAY,BALRANALD,South,Riverina West M3Ed3,-34.62674074117647,143.47424172352942,4341970.070270589,8976961.754041176
14822,WEST OF BALRANALD,STURT HIGHWAY,BALRANALD,South,Riverina West M3Ed3,-34.62483504,143.4433268,4342085.20512,8974123.150813334
14824,,STURT HIGHWAY,BALRANALD,South,Riverina West M3Ed3,-34.623764892857146,143.42723344285713,4342153.460121429,8972645.12685
14826,TRUCK PARKING AREA,STURT HIGHWAY,BALRANALD,South,Riverina West M3Ed3,-34.62135507777778,143.39140926666667,4342307.6179,8969354.800522221
14828,TRUCK PARKING AREA LEFT,STURT HIGHWAY,BALRANALD,South,Riverina West M3Ed3,-34.62002934545455,143.37134922727273,4342390.845954546,8967512.387263637
14830,PRUNGLE ROAD,STURT HIGHWAY,BALRANALD,South,Riverina West M3Ed3,-34.618277283333335,143.34522764166667,4342501.506933333,8965113.079266666
14832,BOX CREEK,STURT HIGHWAY,BALRANALD,South,Riverina West M3Ed3,-34.6143369375,143.3226266375,4342865.3771125,8963027.6118375
14834,PAST OVER/HEAD POWER L,STURT HIGHWAY,BALRANALD,South,Riverina West M3Ed3,-34.60855115,143.295962675,4343420.072662501,8960562.5715875
14836,,STURT HIGHWAY,BALRANALD,South,Riverina West M3Ed3,-34.602271928571426,143.2674264857143,4344022.651871429,8957923.7552
14838,,STURT HIGHWAY,BALRANALD,South,Riverina West M3Ed3,-34.59626729166667,143.24018398333334,4344598.354966667,8955404.201683333
14840,,STURT HIGHWAY,BALRANALD,South,Riverina West M3Ed3,-34.59045000625,143.21464813125,4345158.2985,8953041.4334375
14842,,STURT HIGHWAY,BALRANALD,South,Riverina West M3Ed3,-34.58409151666667,143.1871505,4345771.066933333,8950496.444466667
14844,,STURT HIGHWAY,BALRANALD,South,Riverina West M3Ed3,-34.579682955555555,143.1686125,4346197.291322222,8948780.003944444
14846,ABBOTS TANK,STURT HIGHWAY,BALRANALD,South,Riverina West M3Ed3,-34.57432169,143.14682365,4346717.75008,8946761.6188
14848,PRUNGLE MAIL ROAD,STURT HIGHWAY,BALRANALD,South,Riverina West M3Ed3,-34.56947856,143.12650298,4347185.39586,8944879.6835
14850,,STURT HIGHWAY,BALRANALD,South,Riverina West M3Ed3,-34.564509099999995,143.105881575,4347665.618525,8942969.461075
14852,,STURT HIGHWAY,BALRANALD,South,Riverina West M3Ed3,-34.55974242857143,143.0851597142857,4348122.648957143,8941050.671542857
14854,SUNNY SIDE STATION,STURT HIGHWAY,BALRANALD,South,Riverina West M3Ed3,-34.555155133333336,143.06423696666667,4348558.726333333,8939114.023233334
14856,,STURT HIGHWAY,BALRANALD,South,Riverina West M3Ed3,-34.551544250000006,143.04680125,4348898.375050001,8937500.8947
14858,,STURT HIGHWAY,BALRANALD,South,Riverina West M3Ed3,-34.548970366666666,143.03475648333333,4349141.625733334,8936386.111883333
14860,,STURT HIGHWAY,BALRANALD,South,Riverina West M3Ed3,-34.544370225,143.013008275,4349575.280541667,8934373.293325
14862,REST AREA RIGHT,STURT HIGHWAY,BALRANALD,South,Riverina West M3Ed3,-34.53963974,142.9903752,4350019.86163,8932278.625049999
14864,,STURT HIGHWAY,BALRANALD,South,Riverina West M3Ed3,-34.53530753333333,142.9695498,4350426.241366667,8930351.148416666
14866,TRUCK STOP LEFT,STURT HIGHWAY,BALRANALD,South,Riverina West M3Ed3,-34.5296638625,142.941236425,4350950.86695,8927731.4169375
14868,MELMAN ROAD LEFT,STURT HIGHWAY,BALRANALD,South,Riverina West M3Ed3,-34.52662356,142.92628806,4351234.27578,8926347.911220001
14870,,STURT HIGHWAY,BALRANALD,South,Riverina West M3Ed3,-34.52250095,142.90572605,4351617.1781,8924444.95125
14872,LAKE BENANEE,STURT HIGHWAY,BALRANALD,South,Riverina West M3Ed3,-34.51924508,142.88103710000001,4351888.80258,8922167.2643
14878,,STURT HIGHWAY,BALRANALD,South,Riverina West M3Ed3,-34.527373375,142.81016705,4350729.972975,8915705.931075
14880,LAKE MUNGO/TURN OFF,STURT HIGHWAY,BALRANALD,South,Riverina West M3Ed3,-34.5350038,142.7962421,4349833.476559999,8914463.45052
14882,,STURT HIGHWAY,BALRANALD,South,Riverina West M3Ed3,-34.54418375,142.77971630000002,4348755.563124999,8912989.74375
14892,EUSTON TOWN,STURT HIGHWAY,BALRANALD,South,Riverina West M3Ed3,-34.570101666666666,142.73426996666666,4345715.5194999995,8908941.764
14893,600M NORTH OF MORRIS RD,STURT HIGHWAY,BALRANALD,South,Riverina West M3Ed3,-34.56137127142857,142.72386797142858,4346643.557857143,8907949.110585716
14896,TAPALIN MAIL ROAD,STURT HIGHWAY,BALRANALD,South,Riverina West M3Ed3,-34.548875725,142.692112675,4347907.95605,8904982.204075001
14898,,STURT HIGHWAY,BALRANALD,South,Riverina West M3Ed3,-34.5426353,142.6697601,4348514.411566667,8902905.0633
14900,REST AREA,STURT HIGHWAY,BALRANALD,South,Riverina West M3Ed3,-34.540729920000004,142.65685954,4348676.326160001,8901713.935519999
14902,,STURT HIGHWAY,BALRANALD,South,Riverina West M3Ed3,-34.5344824,142.63875015,4349299.0854,8900025.26605
14904,,STURT HIGHWAY,BALRANALD,South,Riverina West M3Ed3,-34.520337225,142.61503925,4350774.7449375,8897786.197
14906,,STURT HIGHWAY,BALRANALD,South,Riverina West M3Ed3,-34.5143175,142.60305463333333,4351395.2568333335,8896659.477466667
14908,BALRANALD SHIRE BOUNDARY,STURT HIGHWAY,BALRANALD,South,Riverina West M3Ed3,-34.511255219999995,142.59308374,4351695.87596,8895731.04952
14979,ROUNDABOUT-NTH.SIDE(EAST BND),STURT HIGHWAY,HAY,South,Riverina West M3Ed3,-34.5203135,144.84342945,4357177.81735,9102143.13655
17010,NORTH OF TOCUMWAL ROUNDABOUT,NEWELL HIGHWAY,BERRIGAN,South,Riverina East M3Ed3,-35.7997062,145.5609942,4216437.3491,9169926.2766
17020,90M FROM ADCOCK ROAD,NEWELL HIGHWAY,BERRIGAN,South,Riverina East M3Ed3,-35.7880469,145.5612803,4217731.2863,9169934.3195
17025,188M TO ROAD TO GARBAGE TIP,NEWELL HIGHWAY,BERRIGAN,South,Riverina East M3Ed3,-35.78138455,145.5587795,4218467.34035,9169698.0522
17030,253M TO SILO ROAD,NEWELL HIGHWAY,BERRIGAN,South,Riverina East M3Ed3,-35.776974550000006,145.55717629999998,4218954.6152,9169546.35675
17035,227M AFTER LALATTA CHANNEL,NEWELL HIGHWAY,BERRIGAN,South,Riverina East M3Ed3,-35.76496816666667,145.5576379,4220287.251433332,9169569.6971
17040,QUIRKS ROAD OVERTAKING LANE,NEWELL HIGHWAY,BERRIGAN,South,Riverina East M3Ed3,-35.7514908,145.5430146,4221764.1398,9168226.562
17045,830M FROM F15 KM POST,NEWELL HIGHWAY,BERRIGAN,South,Riverina East M3Ed3,-35.7424194,145.533352,4222758.3203,9167338.5753
17050,CHINAMANS ROAD,NEWELL HIGHWAY,BERRIGAN,South,Riverina East M3Ed3,-35.73770865,145.5317019,4223278.8453,9167181.98285
17060,480M AFTER LANGUNYAH ROAD,NEWELL HIGHWAY,BERRIGAN,South,Riverina East M3Ed3,-35.691921,145.5474686,4228378.4671,9168537.4725
17065,FULLERS ROAD SB OVERTAKING LANE,NEWELL HIGHWAY,BERRIGAN,South,Riverina East M3Ed3,-35.6804663,145.5538522,4229657.2338,9169097.603149999
17070,BURKES ROAD,NEWELL HIGHWAY,BERRIGAN,South,Riverina East M3Ed3,-35.6746452,145.5569044,4230306.8276,9169364.9395
17098,ST LEONS ROAD,NEWELL HIGHWAY,BERRIGAN,South,Riverina East M3Ed2,-35.5973694,145.6020435,4238934.8188,9173336.1659
17100,506M FROM CULVERT-IRRIG CHANNEL,NEWELL HIGHWAY,BERRIGAN,South,Riverina East M3Ed2,-35.5712747,145.616874,4241847.3379,9174641.5039
17110,294M FROM OAKVALE,NEWELL HIGHWAY,BERRIGAN,South,Riverina East M3Ed3,-35.5590763,145.6228547,4243207.6214,9175165.6917
17125,649M FROM INVERLOCHIE,NEWELL HIGHWAY,BERRIGAN,South,Riverina East M3Ed3,-35.5302935,145.6358803,4246415.8283,9176304.6699
17130,699M FROM BILLABONG NO 1 CANAL,NEWELL HIGHWAY,MURRUMBIDGEE,South,Riverina East M3Ed3,-35.5080095,145.6495585,4248903.7323,9177512.9596
17140,TO MAYRUNG ROAD,NEWELL HIGHWAY,MURRUMBIDGEE,South,Riverina East M3Ed3,-35.493605200000005,145.66071675,4250514.4942499995,9178504.4943
17165,WILLOWS RD SB OVERTAKING LANE,NEWELL HIGHWAY,MURRUMBIDGEE,South,Riverina East M3Ed3,-35.424790349999995,145.68465475,4258174.8162,9180579.87245
17170,770M FROM J10 KM POST,NEWELL HIGHWAY,MURRUMBIDGEE,South,Riverina East M3Ed3,-35.417339,145.6929114666667,4259010.672433333,9181319.115933334
17180,2M TO LEAHY LANE,NEWELL HIGHWAY,MURRUMBIDGEE,South,Riverina East M3Ed3,-35.377462050000005,145.7158582,4263459.34155,9183348.1709
17210,4M FROM EXIT TRUCK PARKING BAY,NEWELL HIGHWAY,MURRUMBIDGEE,South,Riverina East M3Ed3,-35.34682235,145.76110895,4266907.2052,9187418.268
17215,493M FROM N105 KM POST,NEWELL HIGHWAY,MURRUMBIDGEE,South,Riverina East M3Ed3,-35.3384016,145.76780645,4267848.3269,9188015.849849999
17220,1494M FROM OLD URANA ROAD,NEWELL HIGHWAY,MURRUMBIDGEE,South,Riverina East M3Ed3,-35.31451541176471,145.78386950588236,4270514.543876471,9189444.820688235
17225,COLLINGULLIE-JERILDERIE (MR 59),NEWELL HIGHWAY,MURRUMBIDGEE,South,Riverina East M3Ed3,-35.288876849999994,145.79545596,4273370.17644,9190465.287080001
17230,514M TO N95 KM POST,NEWELL HIGHWAY,MURRUMBIDGEE,South,Riverina East M3Ed3,-35.25953494545455,145.80291137272727,4276632.040890909,9191105.922409091
17235,580M FROM KIDMAN WAY (MR321),NEWELL HIGHWAY,MURRUMBIDGEE,South,Riverina East M3Ed3,-35.2434355125,145.8144139125,4278429.4023625,9192131.941287499
17240,3M FROM ENTR-'COOLBAROO',NEWELL HIGHWAY,MURRUMBIDGEE,South,Riverina East M3Ed3,-35.2254387,145.833727475,4280444.9904875,9193866.8171875
17245,1618M TO ENTR-TARA,NEWELL HIGHWAY,MURRUMBIDGEE,South,Riverina East M3Ed3,-35.21168983333334,145.85519122222223,4281991.3295,9195803.258577777
17250,186M TO MCKINNONS LANE,NEWELL HIGHWAY,MURRUMBIDGEE,South,Riverina East M3Ed3,-35.19622830833333,145.87223121666668,4283722.831041667,9197335.625841668
17255,721M FROM J25 KM POST,NEWELL HIGHWAY,MURRUMBIDGEE,South,Riverina East M3Ed3,-35.182187199999994,145.8834239,4285290.8718,9198337.849200001
17260,670M FROM SIX MILE LANE,NEWELL HIGHWAY,MURRUMBIDGEE,South,Riverina East M3Ed3,-35.1701415,145.90307255,4286645.63375,9200112.72735
17265,606M FROM N80 KM POST,NEWELL HIGHWAY,MURRUMBIDGEE,South,Riverina East M3Ed3,-35.16560757777778,145.92389423333333,4287168.121177778,9202003.536833333
17270,1664M FROM J30 KM POST,NEWELL HIGHWAY,MURRUMBIDGEE,South,Riverina East M3Ed3,-35.16463212666667,145.93819212666668,4287289.632900001,9203304.44548
17280,325M FROM J35 KM POST,NEWELL HIGHWAY,MURRUMBIDGEE,South,Riverina East M3Ed3,-35.1493274,145.9739397,4289019.3657,9206543.1071
17282,BUNDURE OVERTAKING LANE,NEWELL HIGHWAY,MURRUMBIDGEE,South,Riverina East M3Ed3,-35.1494825,145.98686133333334,4289013.631133333,9207720.187566666
17285,BUNDURE REST AREA,NEWELL HIGHWAY,MURRUMBIDGEE,South,Riverina East M3Ed3,-35.15113,146.01032213333335,4288851.438066666,9209858.747666666
17290,MURRUMBBIDGEE/FEDERATION LGA BDRY,NEWELL HIGHWAY,FEDERATION,South,Riverina East M3Ed3,-35.15259828,146.02432333333334,4288700.57834,9211135.487946667
17295,,NEWELL HIGHWAY,FEDERATION,South,Riverina East M3Ed3,-35.14911575,146.0434585,4289102.9208,9212874.7449
17298,,NEWELL HIGHWAY,FEDERATION,South,Riverina East M3Ed3,-35.141726157142855,146.05180535714285,4289929.309285714,9213627.55642857
17300,WAS AC TEST SEGMENT,NEWELL HIGHWAY,FEDERATION,South,Riverina East M3Ed3,-35.1333952,146.06193666666667,4290861.486044444,9214542.1162
17305,,NEWELL HIGHWAY,FEDERATION,South,Riverina East M3Ed3,-35.1259009,146.07387456,4291702.25326,9215622.27067
17308,,NEWELL HIGHWAY,FEDERATION,South,Riverina East M3Ed3,-35.1130628,146.085900625,4293135.5444249995,9216705.4665
17310,COONONG ROAD,NEWELL HIGHWAY,FEDERATION,South,Riverina East M3Ed3,-35.10484957142857,146.10528744285713,4294061.592657143,9218464.218228571
17315,,NEWELL HIGHWAY,FEDERATION,South,Riverina East M3Ed3,-35.08993848,146.12132194,4295727.48165,9219911.57261
17320,,NEWELL HIGHWAY,FEDERATION,South,Riverina East M3Ed3,-35.071485425,146.1398247125,4297787.791225,9221581.089975
17325,,NEWELL HIGHWAY,FEDERATION,South,Riverina East M3Ed3,-35.0675727,146.1439307,4298224.743175,9221951.852400001
17335,SANDSIDE,NEWELL HIGHWAY,FEDERATION,South,Riverina East M3Ed3,-35.0579951,146.171592425,4299307.105625,9224465.331575
17340,,NEWELL HIGHWAY,FEDERATION,South,Riverina East M3Ed3,-35.05254796666667,146.18833256666667,4299923.1098,9225986.992866667
17345,WIDGIERA,NEWELL HIGHWAY,FEDERATION,South,Riverina East M3Ed3,-35.0451252,146.1966423,4300752.0648,9226738.3806
17350,WIDGIEWA ROAD,NEWELL HIGHWAY,FEDERATION,South,Riverina East M3Ed3,-35.038729733333334,146.20175596666667,4301464.809183333,9227199.298566667
17355,,NEWELL HIGHWAY,FEDERATION,South,Riverina East M3Ed3,-35.0257867,146.2144147,4302908.7636,9228342.9767
17360,,NEWELL HIGHWAY,FEDERATION,South,Riverina East M3Ed3,-35.019423499999995,146.2241038,4303620.951733333,9229221.519633332
17365,,NEWELL HIGHWAY,FEDERATION,South,Riverina East M3Ed2,-35.0140843,146.2317489,4304218.1447,9229914.5529
17370,,NEWELL HIGHWAY,FEDERATION,South,Riverina East M3Ed3,-35.000911425,146.242588525,4305686.026125,9230892.8364
17375,,NEWELL HIGHWAY,FEDERATION,South,Riverina East M3Ed3,-34.98843415,146.25075955,4307074.9274,9231628.42715
17380,YAMMA RD,NEWELL HIGHWAY,FEDERATION,South,Riverina East M3Ed3,-34.984671533333334,146.26148391666666,4307499.1045,9232604.11665
17390,STH BOUND OT LANE MORUNDAH,NEWELL HIGHWAY,FEDERATION,South,Riverina East M3Ed3,-34.97166036,146.2768575,4308951.62818,9233997.09008
17395,,NEWELL HIGHWAY,FEDERATION,South,Riverina East M3Ed3,-34.95350479333333,146.290055,4310972.987813334,9235188.002753334
17400,COLOMBO CREEK & MR INTERSECTION,NEWELL HIGHWAY,FEDERATION,South,Riverina East M3Ed3,-34.93686361,146.30566674,4312827.748620001,9236600.92255
17405,MORUNDAH NORTH,NEWELL HIGHWAY,FEDERATION,South,Riverina East M3Ed3,-34.9260619,146.3249871,4314036.9995,9238357.2921
17410,FEDERATION LGA BOUNDARY,NEWELL HIGHWAY,FEDERATION,South,Riverina East M3Ed3,-34.917052516666665,146.34376766666665,4315046.836416666,9240066.108116666
17415,NARRANDERA SHIRE BOUNDARY,NEWELL HIGHWAY,NARRANDERA,South,Riverina East M3Ed3,-34.90272743333333,146.3699734,4316649.930333333,9242449.873933332
17420,,NEWELL HIGHWAY,NARRANDERA,South,Riverina East M3Ed3,-34.891191559999996,146.38481701999999,4317937.07842,9243798.2301
17425,,NEWELL HIGHWAY,NARRANDERA,South,Riverina East M3Ed3,-34.88334486666667,146.39449293333334,4318812.2595999995,9244677.147066666
17430,KANGAROO PLAINS ROAD,NEWELL HIGHWAY,NARRANDERA,South,Riverina East M3Ed3,-34.87100525,146.4095610125,4320188.2984,9246046.1327
17435,,NEWELL HIGHWAY,NARRANDERA,South,Riverina East M3Ed3,-34.85691494,146.42657474,4321759.21994,9247592.25466
17440,,NEWELL HIGHWAY,NARRANDERA,South,Riverina East M3Ed3,-34.8486515,146.43663700000002,4322680.4254,9248506.943750001
17445,DAVIES LANE,NEWELL HIGHWAY,NARRANDERA,South,Riverina East M3Ed3,-34.84152885,146.44534083333335,4323474.38825,9249298.32135
17450,OVERTAKING LANE,NEWELL HIGHWAY,NARRANDERA,South,Riverina East M3Ed3,-34.83020185714285,146.45925164285714,4324736.9153785715,9250563.409335714
17455,WALKERS RD,NEWELL HIGHWAY,NARRANDERA,South,Riverina East M3Ed3,-34.822458966666666,146.46874635,4325599.842333334,9251427.072933333
17460,,NEWELL HIGHWAY,NARRANDERA,South,Riverina East M3Ed3,-34.8131982,146.48019603333333,4326631.859633333,9252468.831766667
17465,,NEWELL HIGHWAY,NARRANDERA,South,Riverina East M3Ed3,-34.804147425000004,146.49124304166665,4327640.308358333,9253474.080666667
17470,,NEWELL HIGHWAY,NARRANDERA,South,Riverina East M3Ed3,-34.795539857142856,146.50171995714285,4328599.252485714,9254427.647657143
17475,REAS LANE,NEWELL HIGHWAY,NARRANDERA,South,Riverina East M3Ed3,-34.7878210375,146.5111152875,4329459.0855250005,9255282.96075
17480,POISONED WATER HOLES,NEWELL HIGHWAY,NARRANDERA,South,Riverina East M3Ed3,-34.7735937,146.52823586666668,4331043.673333333,9256841.799099999
17485,GILLENBAH CREEK,NEWELL HIGHWAY,NARRANDERA,South,Riverina East M3Ed3,-34.76809276666666,146.53163103333335,4331654.9519,9257149.665866667
17495,GILLENBAH TO MAIN CANAL,NEWELL HIGHWAY,NARRANDERA,South,Riverina East M3Ed3,-34.7529052,146.5488527,4333345.7018,9258717.9857
17520,BUNDIDGERRY ROAD,NEWELL HIGHWAY,NARRANDERA,South,Riverina East M3Ed3,-34.7377701,146.58300481428572,4335036.632485715,9261836.394114286
17525,,NEWELL HIGHWAY,NARRANDERA,South,Riverina East M3Ed3,-34.7348648,146.61109666666667,4335368.689233334,9264406.190533333
17530,NORDENS ROAD,NEWELL HIGHWAY,NARRANDERA,South,Riverina East M3Ed3,-34.73298440000001,146.62731185,4335582.56645,9265889.53565
17535,,NEWELL HIGHWAY,NARRANDERA,South,Riverina East M3Ed3,-34.7318048,146.63954722,4335717.275119999,9267008.945460001
17540,CHARLES LANE,NEWELL HIGHWAY,NARRANDERA,South,Riverina East M3Ed3,-34.72894408333333,146.66761266666666,4336042.938433333,9269576.71035
17545,,NEWELL HIGHWAY,NARRANDERA,South,Riverina East M3Ed3,-34.727921,146.6793767,4336159.7449,9270653.13215
17550,,NEWELL HIGHWAY,NARRANDERA,South,Riverina East M3Ed3,-34.7269116,146.6882964,4336274.1255,9271469.2369
17572,GRONG GRONG CURVE REALIGNMENT,NEWELL HIGHWAY,NARRANDERA,South,Riverina East M3Ed3,-34.7261209,146.7828861,4336383.7008,9280127.1616
17585,BOGOLONG ROAD,NEWELL HIGHWAY,NARRANDERA,South,Riverina East M3Ed3,-34.71243933333333,146.785875,4337901.084833333,9280397.643866666
17591,FIRETAIL OVERTAKING LANE,NEWELL HIGHWAY,NARRANDERA,South,Riverina East M3Ed3,-34.6871775,146.7904296,4340702.577,9280808.9893
17594,BUTLERS ROAD,NEWELL HIGHWAY,NARRANDERA,South,Riverina East M3Ed3,-34.6627339,146.7948872,4343413.2793,9281211.8762
17600,COVE ROAD,NEWELL HIGHWAY,NARRANDERA,South,Riverina East M3Ed3,-34.63618945,146.7997571,4346356.89595,9281652.34005
17605,COWABBIE ROAD,NEWELL HIGHWAY,NARRANDERA,South,Riverina East M3Ed3,-34.62065466666667,146.80263043333332,4348079.586733333,9281912.3555
17616,NORTH OF WILGA PARK,NEWELL HIGHWAY,NARRANDERA,South,Riverina East M3Ed3,-34.58906233333334,146.8083088,4351582.8352666665,9282426.330633333
17620,WILLIAMS ROAD,NEWELL HIGHWAY,NARRANDERA,South,Riverina East M3Ed3,-34.5761247,146.8107925,4353017.4794,9282651.4373
17625,FROM SULLIVANS ROAD,NEWELL HIGHWAY,NARRANDERA,South,Riverina East M3Ed3,-34.552554,146.8162523,4355631.3263,9283147.4696
17630,LANDERVALE OVERTAKING LANES,NEWELL HIGHWAY,NARRANDERA,South,Riverina East M3Ed3,-34.53334433333333,146.8203725333333,4357761.4639,9283521.714133333
17635,LANDERVALE ROAD,NEWELL HIGHWAY,NARRANDERA,South,Riverina East M3Ed3,-34.520133666666666,146.8260052166667,4359226.78675,9284036.023716668
17640,END AT NARRANDERA SHIRE BDY,NEWELL HIGHWAY,NARRANDERA,South,Riverina East M3Ed3,-34.47582785,146.834862,4364139.4962,9284840.88045
17645,NARRANDERA/COOLAMON SHIRE BDY,NEWELL HIGHWAY,COOLAMON,South,Riverina East M3Ed3,-34.4524723,146.8382331,4366728.9425,9285146.3374
17650,,NEWELL HIGHWAY,COOLAMON,South,Riverina East M3Ed3,-34.4338146,146.8427021,4368797.7516,9285553.5882
17655,WILLOWS ROAD,NEWELL HIGHWAY,COOLAMON,South,Riverina East M3Ed2,-34.42665456666666,146.84407253333333,4369591.6147,9285678.274699999
17660,SOUTH OF MR240,NEWELL HIGHWAY,COOLAMON,South,Riverina East M3Ed2,-34.411618950000005,146.874641,4371262.03145,9288484.06495
17665,NORTH FROM MR240,NEWELL HIGHWAY,COOLAMON,South,Riverina East M3Ed3,-34.387603,146.8909257,4373925.8122,9289977.3152
17672,ARDLETHAN REALIGNMENT,NEWELL HIGHWAY,COOLAMON,South,Riverina East M3Ed3,-34.3642059,146.90096185,4376520.17395,9290897.12805
17678,MIRROOL CK,NEWELL HIGHWAY,COOLAMON,South,Riverina East M3Ed3,-34.352366933333336,146.9165798,4377833.7127,9292331.648266666
17685,,NEWELL HIGHWAY,COOLAMON,South,Riverina East M3Ed3,-34.3352399,146.9322193,4379733.168533334,9293768.173066666
17690,,NEWELL HIGHWAY,COOLAMON,South,Riverina East M3Ed3,-34.3309294,146.95105909999998,4380211.9101,9295500.243933333
17695,BECKOM STH ROAD,NEWELL HIGHWAY,COOLAMON,South,Riverina East M3Ed3,-34.3307158,146.9623901,4380236.0324,9296542.1694
17705,GILBERTS ROAD,NEWELL HIGHWAY,COOLAMON,South,Riverina East M3Ed3,-34.337156,147.0224286,4379522.5834,9302062.7974
17710,,NEWELL HIGHWAY,COOLAMON,South,Riverina East M3Ed2,-34.3383872,147.0317882,4379385.8902,9302923.3447
17715,FAIRMANS LANE,NEWELL HIGHWAY,COOLAMON,South,Riverina East M3Ed3,-34.34003926666667,147.04513886666666,4379202.296633333,9304150.7976
17718,MR84 FROM TEMORA,NEWELL HIGHWAY,COOLAMON,South,Riverina East M3Ed3,-34.34353885,147.07296094999998,4378812.9651500005,9306708.6095
17730,,NEWELL HIGHWAY,COOLAMON,South,Riverina East M3Ed3,-34.32189305,147.088043225,4381211.173175,9308097.31165
17750,SCOTTS CREEK,NEWELL HIGHWAY,BLAND,South,Riverina East M3Ed2,-34.27874,147.09660315000002,4385993.600749999,9308888.925999999
17765,FISHERS LANE,NEWELL HIGHWAY,BLAND,South,Riverina East M3Ed3,-34.23234565,147.10452759999998,4391135.178850001,9309623.196600001
17770,TYNDALLS LANE,NEWELL HIGHWAY,BLAND,South,Riverina East M3Ed3,-34.21689726666667,147.1075156,4392847.1509,9309900.029466666
17775,ROAD TO BARDMEDMAN,NEWELL HIGHWAY,BLAND,South,Riverina East M3Ed3,-34.180434739999995,147.11346126,4396887.91532,9310451.8792
17780,KILDARY ROAD,NEWELL HIGHWAY,BLAND,South,Riverina East M3Ed2,-34.1541721,147.1179314,4399798.258,9310866.908
17785,BARTELS LANE,NEWELL HIGHWAY,BLAND,South,Riverina East M3Ed3,-34.12887752,147.12429788,4402601.046279999,9311456.8644
17795,STORMS LANE,NEWELL HIGHWAY,BLAND,South,Riverina East M3Ed3,-34.0992374,147.1424733,4405883.9662500005,9313136.5368
17800,ALLEENA,NEWELL HIGHWAY,BLAND,South,Riverina East M3Ed3,-34.06925235,147.1415825,4409207.32445,9313058.9093
17805,,NEWELL HIGHWAY,BLAND,South,Riverina East M3Ed3,-34.048965550000005,147.14525650000002,4411455.22445,9313400.89235
17810,KERRS LANE,NEWELL HIGHWAY,BLAND,South,Riverina East M3Ed3,-34.033465774999996,147.147911625,4413172.689475,9313648.2825
17815,CHARCOAL TANK ROAD,NEWELL HIGHWAY,BLAND,South,Riverina East M3Ed3,-33.985235175,147.1574033,4418516.65165,9314532.12025
17820,OVERTAKING LANE,NEWELL HIGHWAY,BLAND,South,Riverina East M3Ed2,-33.96962404999999,147.15998335,4420246.4,9314772.9541
17825,SOUTH OF YIDDAH CK,NEWELL HIGHWAY,BLAND,South,Riverina East M3Ed3,-33.9560184,147.1621564,4421753.9336,9314975.9475
17830,BOLTES LANE WEST,NEWELL HIGHWAY,BLAND,South,Riverina East M3Ed2,-33.94435135,147.1698212,4423045.7982,9315685.91
17836,GOLF CLUB TO HV ROUTE,NEWELL HIGHWAY,BLAND,South,Riverina East M3Ed2,-33.9294684,147.1896517,4424692.0317,9317520.52
17855,WEST WYALONG - WYALONG,NEWELL HIGHWAY,BLAND,South,Riverina East M3Ed2,-33.9235957,147.2234499,4425336.6889,9320644.1746
17880,QUANDIALLA ROAD,NEWELL HIGHWAY,BLAND,South,Riverina East M3Ed3,-33.9198212,147.26973035,4425744.896199999,9324920.90645
17885,FIVE MILE,NEWELL HIGHWAY,BLAND,South,Riverina East M3Ed3,-33.911204999999995,147.28612275,4426695.7137,9326438.03755
17890,GAGIES CK,NEWELL HIGHWAY,BLAND,South,Riverina East M3Ed3,-33.89982725,147.30791125,4427950.916850001,9328454.957150001
17905,COTTINGLEY LANE,NEWELL HIGHWAY,BLAND,South,Riverina East M3Ed2,-33.87637,147.3529545,4430537.3123,9332626.2184
17910,BODELS LANE,NEWELL HIGHWAY,BLAND,South,Riverina East M3Ed3,-33.8683185,147.3632736,4431426.3143,9333583.1727
17912,BACK CREEK OVERTAKING LANES,NEWELL HIGHWAY,BLAND,South,Riverina East M3Ed3,-33.85403676,147.37989416,4433003.54652,9335125.40944
17915,KALMS LANE,NEWELL HIGHWAY,BLAND,South,Riverina East M3Ed3,-33.8531375,147.38151772499998,4433102.648275,9335275.8975125
17920,BOXALLS TANK,NEWELL HIGHWAY,BLAND,South,Riverina East M3Ed3,-33.842179566666665,147.40314296666668,4434309.493466667,9337280.044833334
17925,EUROWIE,NEWELL HIGHWAY,BLAND,South,Riverina East M3Ed3,-33.83283635,147.4313869,4435334.40645,9339896.11725
17935,BACK CREEK,NEWELL HIGHWAY,BLAND,South,Riverina East M3Ed2,-33.8268829,147.4574105,4435983.992,9342305.6599
17940,,NEWELL HIGHWAY,BLAND,South,Riverina East M3Ed3,-33.8245235,147.4608793,4436244.0469,9342627.6347
17945,TIMBERSCOMB,NEWELL HIGHWAY,BLAND,South,Riverina East M3Ed2,-33.8122106,147.4760074,4437602.2643,9344033.0524
17975,BLAND CREEK,NEWELL HIGHWAY,BLAND,South,Riverina East M3Ed3,-33.76271236,147.52020802,4443068.0013,9348149.0623
20010,BETHANGA BRIDGE TO HUM,RIVERINA HIGHWAY,ALBURY,South,HMO South M3Ed3,-36.094805068,147.04562723200002,4184583.5541519998,9304110.693464
20022,HUME WEIR VILLAGE,RIVERINA HIGHWAY,ALBURY,South,HMO South M3Ed3,-36.0931296,147.037046375,4184769.82915,9303337.7547
20028,SANDY CREEK,RIVERINA HIGHWAY,ALBURY,South,HMO South M3Ed3,-36.076458725,147.02599205,4186620.4449,9302342.4143
20035,KERR ROAD,RIVERINA HIGHWAY,ALBURY,South,HMO South M3Ed3,-36.07144922083334,147.01614364166667,4187176.6248875,9301455.151904168
20045,WOOLSHED CREEK,RIVERINA HIGHWAY,ALBURY,South,HMO South M3Ed3,-36.065360999999996,146.9958256,4187852.46445,9299624.35685
20055,BOWNA ROAD,RIVERINA HIGHWAY,ALBURY,South,HMO South M3Ed3,-36.064673725,146.990525975,4187928.7129,9299146.787925
20065,AIRPORT,RIVERINA HIGHWAY,ALBURY,South,HMO South M3Ed3,-36.068948393333336,146.97290716666666,4187453.9787666667,9297559.23532
20075,AIRPORT TO EAST STREET,RIVERINA HIGHWAY,ALBURY,South,HMO South M3Ed3,-36.07459537857143,146.9516454142857,4186826.5425571427,9295643.651685715
20085,BORELLA ROAD,RIVERINA HIGHWAY,ALBURY,South,HMO South M3Ed3,-36.0764265,146.9358752,4186622.5464,9294222.8366
20097,HUME ST (SOUTH BOUND),RIVERINA HIGHWAY,ALBURY,South,HMO South M3Ed3,-36.085608,146.9199285,4185602.4956,9292786.8099
20110,"PADMAN DRIVE, ALBURY",RIVERINA HIGHWAY,ALBURY,South,HMO South M3Ed3,-36.08200926666667,146.9036386,4186000.6772333332,9291318.869533332
20120,"PADMAN DRIVE, ALBURY",RIVERINA HIGHWAY,ALBURY,South,HMO South M3Ed3,-36.0814162,146.8981714,4186066.0405,9290826.2408
20125,"PADMAN DRIVE, ALBURY",RIVERINA HIGHWAY,ALBURY,South,HMO South M3Ed2,-36.0764701,146.8829504,4186613.5729,9289454.2854
20130,PEMBERTON ST (WEST),RIVERINA HIGHWAY,ALBURY,South,HMO South M3Ed3,-36.071564585585584,146.8677797846847,4187156.3878450454,9288086.706155855
20140,HORSESHOE LAGOON,RIVERINA HIGHWAY,ALBURY,South,HMO South M3Ed3,-36.06622239761905,146.85115483095237,4187747.3050309527,9286587.859988095
20150,SPLITTERS CREEK,RIVERINA HIGHWAY,ALBURY,South,HMO South M3Ed3,-36.05489885714286,146.8302565,4189001.1977885715,9284702.614722857
20160,,RIVERINA HIGHWAY,GREATER HUME,South,HMO South M3Ed3,-36.04461791333333,146.81193006666666,4190139.413646667,9283048.9153
20170,,RIVERINA HIGHWAY,GREATER HUME,South,HMO South M3Ed3,-36.02849825714286,146.78727077142858,4191924.2113714283,9280822.649585715
20180,DEADMANS CREEK,RIVERINA HIGHWAY,GREATER HUME,South,HMO South M3Ed3,-36.019584216666665,146.76655776666666,4192909.5257833335,9278953.138266666
20190,CHAMBERS ROAD,RIVERINA HIGHWAY,GREATER HUME,South,HMO South M3Ed3,-36.011870512499996,146.736702,4193759.217575,9276259.1488
20200,HUMPHRIES ROAD,RIVERINA HIGHWAY,GREATER HUME,South,HMO South M3Ed3,-36.00441516666667,146.71967686666667,4194582.648466666,9274721.812266666
20210,BURRUMBUTTOCK ROAD,RIVERINA HIGHWAY,FEDERATION,South,HMO South M3Ed3,-36.000630083333334,146.6884605,4194994.735316667,9271905.56455
20220,MAJORS CREEK,RIVERINA HIGHWAY,FEDERATION,South,HMO South M3Ed3,-35.9961890625,146.670840225,4195482.7298125,9270314.9927625
20230,MR 370,RIVERINA HIGHWAY,FEDERATION,South,HMO South M3Ed3,-35.98912883333333,146.65588183333332,4196261.932066667,9268963.387166666
20245,HOLBEACH STREET,RIVERINA HIGHWAY,FEDERATION,South,HMO South M3Ed2,-35.983114,146.6451606,4196926.2255,9267994.1496
20260,"HAWKINS STREET, HOWLON",RIVERINA HIGHWAY,FEDERATION,South,HMO South M3Ed2,-35.98126,146.639024,4197130.0837,9267439.922
20270,"HAWKINS STREET, HOWLON",RIVERINA HIGHWAY,FEDERATION,South,HMO South M3Ed3,-35.978441520000004,146.6259624,4197438.72896,9266260.6297
20280,"STURT STREET, HOWLONG",RIVERINA HIGHWAY,FEDERATION,South,HMO South M3Ed3,-35.9690312,146.61837885,4198480.59055,9265572.74755
20290,MARTIN STREET,RIVERINA HIGHWAY,FEDERATION,South,HMO South M3Ed3,-35.96716073333334,146.60427140833335,4198683.416325,9264299.265358334
20300,HOWLONG-BALLDALE ROAD,RIVERINA HIGHWAY,FEDERATION,South,HMO South M3Ed3,-35.961175525,146.5836272125,4199340.3998125,9262434.17195
20310,,RIVERINA HIGHWAY,FEDERATION,South,HMO South M3Ed3,-35.95284100909091,146.5569240636364,4200255.403181818,9260021.02659091
20320,CARROLLS LANE,RIVERINA HIGHWAY,FEDERATION,South,HMO South M3Ed3,-35.948919108333335,146.5339773,4200681.630841667,9257948.59
20330,LILYDALE ROAD,RIVERINA HIGHWAY,FEDERATION,South,HMO South M3Ed3,-35.9459857,146.51729519999998,4201000.33776,9256441.76238
20340,WOOLSHED ROAD,RIVERINA HIGHWAY,FEDERATION,South,HMO South M3Ed3,-35.94895046,146.4805474,4200655.397290001,9253127.36311
20350,BALLDALE ROAD,RIVERINA HIGHWAY,FEDERATION,South,HMO South M3Ed3,-35.9468681,146.45395002499998,4200874.2659,9250726.130625
20360,MR86 EAST,RIVERINA HIGHWAY,FEDERATION,South,HMO South M3Ed3,-35.94500447777778,146.42861852222222,4201068.855122223,9248439.171955556
20370,MR86 NORTH,RIVERINA HIGHWAY,FEDERATION,South,HMO South M3Ed3,-35.94008003333334,146.41368509999998,4201607.880433333,9247088.511966666
20380,WHITEHEAD ST,RIVERINA HIGHWAY,FEDERATION,South,HMO South M3Ed3,-35.9224041,146.40710902499998,4203566.065325,9246483.93485
20390,HOPEFIELD SIDING ROAD,RIVERINA HIGHWAY,FEDERATION,South,HMO South M3Ed3,-35.89670556666667,146.39733162222223,4206412.7682,9245584.947111111
20400,ROSEMOUNT ROAD,RIVERINA HIGHWAY,FEDERATION,South,HMO South M3Ed3,-35.874707099999995,146.3857574,4208847.7764,9244525.5463
20410,LOWESDALE,RIVERINA HIGHWAY,FEDERATION,South,HMO South M3Ed3,-35.857149119999995,146.37159144,4210788.483159999,9243234.45302
20420,IZONS ROAD,RIVERINA HIGHWAY,FEDERATION,South,HMO South M3Ed3,-35.83814186666667,146.3638538,4212893.346866666,9242522.652099999
20430,WANGAMONG CREEK,RIVERINA HIGHWAY,FEDERATION,South,HMO South M3Ed3,-35.81284046111111,146.35554206666666,4215696.193011111,9241754.353966666
20440,LOWESDALE-URANA ROAD,RIVERINA HIGHWAY,FEDERATION,South,HMO South M3Ed3,-35.803794599999996,146.3480847,4216695.7179166665,9241074.1097
20460,GLENHOPE ROAD,RIVERINA HIGHWAY,FEDERATION,South,HMO South M3Ed3,-35.796385099999995,146.285889,4217481.07725,9235446.718875
20470,ROBINSONS ROAD,RIVERINA HIGHWAY,FEDERATION,South,HMO South M3Ed3,-35.792291525,146.25123399166668,4217913.330758333,9232310.785091667
20480,MR 299 EAST,RIVERINA HIGHWAY,FEDERATION,South,HMO South M3Ed3,-35.78835168,146.2176275,4218328.23642,9229269.48972
20490,MR 299 WEST,RIVERINA HIGHWAY,FEDERATION,South,HMO South M3Ed2,-35.7851836,146.1911554333333,4218661.5106999995,9226873.581766667
20500,BULL PLAIN ROAD,RIVERINA HIGHWAY,FEDERATION,South,HMO South M3Ed3,-35.781035275,146.15837965,4219098.390575,9223906.71035
20510,RAIL CROSSING,RIVERINA HIGHWAY,FEDERATION,South,HMO South M3Ed2,-35.7786401,146.140045,4219350.6707,9222246.8688
20520,LOWDENS ROAD,RIVERINA HIGHWAY,FEDERATION,South,HMO South M3Ed3,-35.76685435,146.12182065000002,4220644.62395,9220588.1409
20530,TELEPHONE LANE,RIVERINA HIGHWAY,FEDERATION,South,HMO South M3Ed3,-35.7419717,146.08139403333334,4223373.925533333,9216908.2408
20540,,RIVERINA HIGHWAY,FEDERATION,South,HMO South M3Ed3,-35.74006416666666,146.0655786,4223572.880933333,9215475.805399999
20550,SAVERNAKE,RIVERINA HIGHWAY,FEDERATION,South,HMO South M3Ed3,-35.7330831,146.03601,4224323.1154,9212794.0532
20610,24M FROM ENTR-CAPE PLA,RIVERINA HIGHWAY,NARRANDERA,South,Riverina East M3Ed3,-35.7133637,145.9428801,4226429.4043,9204347.2773
20615,226M FROM ENTR-WANBORO,RIVERINA HIGHWAY,BERRIGAN,South,Riverina East M3Ed3,-35.7106573,145.9211887,4226709.5994,9202381.5042
20705,MURRAY ST (SH17) TO HA,RIVERINA HIGHWAY,BERRIGAN,South,Riverina West M3Ed3,-35.6329799,145.5729618,4234948.9039,9170755.294
20710,HAMILTON ST TO SEGMENT,RIVERINA HIGHWAY,BERRIGAN,South,Riverina West M3Ed2,-35.631004,145.5663412,4235159.8844,9170152.703
20715,144M FROM IRRIGATION C,RIVERINA HIGHWAY,BERRIGAN,South,Riverina West M3Ed3,-35.62869952857143,145.5474996,4235391.906271429,9168442.744257143
20720,48M FM CHNL AFTER STH,RIVERINA HIGHWAY,BERRIGAN,South,Riverina West M3Ed3,-35.625438925,145.520633125,4235719.48395,9166004.403975
20725,22M FM CHNL AFTER D55,RIVERINA HIGHWAY,DENILIQUIN,South,Riverina West M3Ed2,-35.62262775,145.4969039,4236000.6441,9163850.7487
20735,555M FM ENTR-THE RETRE,RIVERINA HIGHWAY,EDWARD RIVER,South,Riverina West M3Ed3,-35.6121849,145.4602667,4237110.7496,9160515.336
20740,FROM HAMILTONS RD,RIVERINA HIGHWAY,EDWARD RIVER,South,Riverina West M3Ed3,-35.61044754,145.44532912,4237283.40596,9159159.357460001
20745,56M FROM ENTR-WOOD BUR,RIVERINA HIGHWAY,EDWARD RIVER,South,Riverina West M3Ed2,-35.6085523,145.4307605,4237473.9308,9157836.5006
20750,712M FROM F15 KM POAT,RIVERINA HIGHWAY,EDWARD RIVER,South,Riverina West M3Ed3,-35.603164225,145.4010968,4238030.82685,9155140.190925
20755,81M TO ENTR-DIXIE,RIVERINA HIGHWAY,EDWARD RIVER,South,Riverina West M3Ed2,-35.599336300000004,145.36792865,4238409.0005,9152128.777649999
20760,746M FROM F20 KM POST,RIVERINA HIGHWAY,EDWARD RIVER,South,Riverina West M3Ed3,-35.59685,145.3468189,4238654.71395,9150211.947900001
20765,708M FROM BLIGHTY SCHO,RIVERINA HIGHWAY,EDWARD RIVER,South,Riverina West M3Ed3,-35.595099028571425,145.32591475714284,4238818.780671428,9148314.953714285
20770,127M FROM F25 KM POST,RIVERINA HIGHWAY,EDWARD RIVER,South,Riverina West M3Ed2,-35.5937286,145.3010694,4238934.44575,9146061.484900001
20775,8M FROM BOX CREEK CHAN,RIVERINA HIGHWAY,EDWARD RIVER,South,Riverina West M3Ed3,-35.59098436666667,145.27749046666668,4239203.842633333,9143920.1808
20780,22M FROM CHNL AFTER LA,RIVERINA HIGHWAY,EDWARD RIVER,South,Riverina West M3Ed3,-35.5887888,145.25866845000002,4239419.13605,9142210.7824
20785,71M FROM BIRGANBIGAL C,RIVERINA HIGHWAY,EDWARD RIVER,South,Riverina West M3Ed3,-35.5868075,145.24189695,4239613.4465,9140687.48495
20790,845M FROM ENTR-STRATHL,RIVERINA HIGHWAY,EDWARD RIVER,South,Riverina West M3Ed3,-35.58333883333333,145.2127077111111,4239953.314477778,9138036.133166667
20795,307M FROM ENTR- RAMLEH,RIVERINA HIGHWAY,EDWARD RIVER,South,Riverina West M3Ed3,-35.581078857142856,145.19316945714286,4240173.503028572,9136261.4079
20800,440M FROM HINDLEYS ROA,RIVERINA HIGHWAY,EDWARD RIVER,South,Riverina West M3Ed3,-35.57763697,145.16385621,4240508.98001,9133598.540479999
20805,192M FROM ENTR-CARRIGA,RIVERINA HIGHWAY,EDWARD RIVER,South,Riverina West M3Ed3,-35.57539335,145.1450676,4240727.77465,9131891.570300002
20815,CARRIGAN ROAD,RIVERINA HIGHWAY,EDWARD RIVER,South,Riverina West M3Ed3,-35.56896105,145.11834464999998,4241397.92275,9129457.12835
20820,1512M FROM ENTR-TPA,RIVERINA HIGHWAY,EDWARD RIVER,South,Riverina West M3Ed3,-35.56605665,145.09126064999998,4241675.5304000005,9126996.7592
20825,5M FROM ENTR-TUPPAL PA,RIVERINA HIGHWAY,EDWARD RIVER,South,Riverina West M3Ed3,-35.564544999999995,145.0710128,4241809.4553,9125158.64955
20830,389M FROM IRRIGATION C,RIVERINA HIGHWAY,EDWARD RIVER,South,Riverina West M3Ed3,-35.5610851,145.04457565,4242148.687125,9122755.490899999
21055,625M TO D60 KM POST,COBB HIGHWAY,MURRAY RIVER,South,Riverina West M3Ed2,-36.0190183,144.8071966,4190920.9547,9102308.3026
21125,MITCHEL STREET,COBB HIGHWAY,MURRAY RIVER,South,Riverina West M3Ed3,-35.80022295,144.89928062500002,4215366.6765,9110120.775475
21130,141M FROM ENTR-GARBAGE TIP,COBB HIGHWAY,MURRAY RIVER,South,Riverina West M3Ed3,-35.79324107307692,144.90060280384617,4216143.625392308,9110224.7037
21135,950M TO 'D 30' KM POST',COBB HIGHWAY,MURRAY RIVER,South,Riverina West M3Ed3,-35.7717823037037,144.90091335555556,4218524.723292593,9110204.922251852
21140,1603M FROM E 45 KM POST,COBB HIGHWAY,MURRAY RIVER,South,Riverina West M3Ed3,-35.74864441754386,144.89901976666667,4221088.038092982,9109982.104208771
21145,995M FROM D 25 KM POST,COBB HIGHWAY,MURRAY RIVER,South,Riverina West M3Ed3,-35.73275205822785,144.89413603670886,4222842.096574684,9109504.917751899
21150,214M FROM ENTR-ILDERTON,COBB HIGHWAY,MURRAY RIVER,South,Riverina West M3Ed3,-35.711220612903226,144.89501529999998,4225232.157554839,9109536.336945161
21155,ROAD TO WALLISTON,COBB HIGHWAY,MURRAY RIVER,South,Riverina West M3Ed3,-35.698641256410255,144.9058054846154,4226647.178351282,9110484.54295641
21160,1460M FROM ROAD TO WAL,COBB HIGHWAY,MURRAY RIVER,South,Riverina West M3Ed3,-35.6869509,144.9128716375,4227956.7468375,9111097.9985875
21165,522M FROM ENTR-KIA ORA,COBB HIGHWAY,MURRAY RIVER,South,Riverina West M3Ed3,-35.6767235,144.9123879,4229090.3491,9111031.542033333
21170,1612M FROM ENTR-KIA ORA,COBB HIGHWAY,MURRAY RIVER,South,Riverina West M3Ed3,-35.66489956666667,144.91086804761903,4230399.157995238,9110867.753057143
21175,1289M TO HILL PLAIN RO,COBB HIGHWAY,MURRAY RIVER,South,Riverina West M3Ed3,-35.64002096666667,144.90884273333333,4233155.07795,9110629.173150001
21180,649M FROM ENTR-YALAMA,COBB HIGHWAY,MURRAY RIVER,South,Riverina West M3Ed3,-35.62273828,144.91233694,4235078.40708,9110907.2501
21185,109M FROM ENTR- CAL COL,COBB HIGHWAY,MURRAY RIVER,South,Riverina West M3Ed3,-35.60553313333333,144.92212976666667,4237004.460966666,9111756.176966667
21190,2079M FROM ENTR-CAL CO,COBB HIGHWAY,MURRAY RIVER,South,Riverina West M3Ed3,-35.5968445,144.9278884,4237978.548633333,9112258.6842
21275,WANDOOK RD,COBB HIGHWAY,EDWARD RIVER,South,Riverina West M3Ed3,-35.46490050681818,144.94105308863638,4252636.166970455,9113162.814015908
21280,612M FROM D 10 KM POST,COBB HIGHWAY,EDWARD RIVER,South,Riverina West M3Ed3,-35.448107308,144.924481644,4254468.833728,9111622.244479999
21285,18M FROM ENTR-HOLM WOOD,COBB HIGHWAY,EDWARD RIVER,South,Riverina West M3Ed3,-35.43843615,144.9108624375,4255516.7518625,9110364.8621875
21290,784 M TO D 15 KM POST,COBB HIGHWAY,EDWARD RIVER,South,Riverina West M3Ed3,-35.42550056666666,144.89316956666664,4256919.0522799995,9108730.10466
21295,DAHWILLY - NO 2 CHANNEL,COBB HIGHWAY,EDWARD RIVER,South,Riverina West M3Ed3,-35.41667935,144.88044,4257873.953862499,9107554.7624
21300,510M FROM DAHWILLY CHANNEL,COBB HIGHWAY,EDWARD RIVER,South,Riverina West M3Ed3,-35.40383904736842,144.87797770526313,4259293.387052632,9107302.307347368
21305,176M TO BOX CREEK ESCAPE CHANNEL,COBB HIGHWAY,EDWARD RIVER,South,Riverina West M3Ed3,-35.38753145319149,144.87531649361702,4261096.935861702,9107023.884748936
21310,849M FROM MOULAMEIN NO 6 CHANNEL,COBB HIGHWAY,HAY,South,Riverina West M3Ed3,-35.37620664193549,144.86920691290322,4262341.50506129,9106443.433096774
21315,326M TO 'H 100' KM POST',COBB HIGHWAY,EDWARD RIVER,South,Riverina West M3Ed3,-35.36184993,144.86131170000002,4263918.9261,9105693.748440001
21320,263M TO 'D 25' KM POST',COBB HIGHWAY,EDWARD RIVER,South,Riverina West M3Ed3,-35.34270686956522,144.85077523043478,4266022.099165217,9104692.922017392
21325,1212M TO MOULAMEIN MAIN CHANNEL,COBB HIGHWAY,EDWARD RIVER,South,Riverina West M3Ed3,-35.323204861194036,144.84331302985075,4268170.7146746265,9103970.25143582
21330,1323M FROM 'H 95' MK POST',COBB HIGHWAY,EDWARD RIVER,South,Riverina West M3Ed3,-35.303357263855425,144.83866942168675,4270362.869437349,9103502.700196385
21335,1313M FROM D 30 KM POST,COBB HIGHWAY,EDWARD RIVER,South,Riverina West M3Ed3,-35.28659553409091,144.8372920284091,4272218.938780681,9103339.014214773
21340,273M FROM H 90 KM POST,COBB HIGHWAY,EDWARD RIVER,South,Riverina West M3Ed3,-35.26964854366197,144.8369953197183,4274097.558754929,9103273.121216903
21345,14M FROM D 35 KM POST,COBB HIGHWAY,EDWARD RIVER,South,Riverina West M3Ed3,-35.25435020909091,144.83308707676767,4275786.532651516,9102882.512529293
21350,4M FROM CULVERT-DRAINAGE CHANNEL,COBB HIGHWAY,EDWARD RIVER,South,Riverina West M3Ed3,-35.24551606956521,144.82617289130434,4276753.023865217,9102233.260247827
21355,6M FROM EIGHT MILE CREEK,COBB HIGHWAY,EDWARD RIVER,South,Riverina West M3Ed3,-35.23910364545455,144.82220997272728,4277456.538859091,9101857.955322728
21360,438M FROM H 85 KM POST,COBB HIGHWAY,EDWARD RIVER,South,Riverina West M3Ed3,-35.22991075,144.8195311607143,4278470.776771428,9101592.983778572
21365,1578M FROM H 85 KM POST,COBB HIGHWAY,EDWARD RIVER,South,Riverina West M3Ed3,-35.216562540000005,144.8165931285714,4279945.247891429,9101294.741314285
21370,230M FROM WANGANELLA LOC SIGN,COBB HIGHWAY,EDWARD RIVER,South,Riverina West M3Ed3,-35.19276121111111,144.8167146361111,4282584.5433,9101250.636577778
21375,17M FROM TWO MILE CREEK,COBB HIGHWAY,EDWARD RIVER,South,Riverina West M3Ed3,-35.168574082142854,144.81426326785714,4285261.671053572,9100971.394482143
21380,876M FROM ROAD TO MOULAMEIN,COBB HIGHWAY,EDWARD RIVER,South,Riverina West M3Ed3,-35.149832215625,144.81248426875,4287336.284528125,9100765.904534375
21385,15M FROM STEAM PLAINS ROAD,COBB HIGHWAY,EDWARD RIVER,South,Riverina West M3Ed3,-35.12674950869565,144.81032623043478,4289891.42115,9100515.731036955
21390,1792M FROM 'D 50' KM POST',COBB HIGHWAY,EDWARD RIVER,South,Riverina West M3Ed3,-35.108871006818184,144.80915240681819,4291871.397743181,9100367.237045454
21395,613M FROM H 70 KM POST,COBB HIGHWAY,EDWARD RIVER,South,Riverina West M3Ed3,-35.09311985357143,144.81275531785715,4293624.610971428,9100658.928528572
21400,149M FROM 'D 55' KM POST',COBB HIGHWAY,EDWARD RIVER,South,Riverina West M3Ed3,-35.08119175294117,144.81004850588238,4294941.896267647,9100384.529852942
21405,436M FROM WARWILLAH ROAD,COBB HIGHWAY,EDWARD RIVER,South,Riverina West M3Ed3,-35.07203740597015,144.79311222985075,4295924.323450746,9098819.541816417
21410,981M FROM H 65 KM POST,COBB HIGHWAY,EDWARD RIVER,South,Riverina West M3Ed3,-35.05719523414634,144.7812679195122,4297546.963734146,9097705.027119512
21415,HAY WD MAINT AREA,COBB HIGHWAY,EDWARD RIVER,South,Riverina West M3Ed3,-35.041693587719294,144.77555845964912,4299254.489642105,9097147.941626316
21420,,COBB HIGHWAY,EDWARD RIVER,South,Riverina West M3Ed3,-35.02235264,144.77158047,4301390.97088,9096739.4907
21425,,COBB HIGHWAY,EDWARD RIVER,South,Riverina West M3Ed3,-35.00130507037037,144.76836994814815,4303718.099862963,9096396.841037037
21430,PARK ESTATE,COBB HIGHWAY,EDWARD RIVER,South,Riverina West M3Ed3,-34.98076424210526,144.76553239999998,4305989.732994737,9096089.280907894
21435,PARK ESTATE,COBB HIGHWAY,MURRAY RIVER,South,Riverina West M3Ed3,-34.96094124130435,144.76277767173914,4308181.909147826,9095790.86115
21440,,COBB HIGHWAY,EDWARD RIVER,South,Riverina West M3Ed3,-34.94654514186047,144.76171577674418,4309775.749809302,9095659.75167442
21445,BOOROORBAN,COBB HIGHWAY,EDWARD RIVER,South,Riverina West M3Ed3,-34.9341600875,144.7627238625,4311150.6868125,9095722.361125
21450,BOOROORBAN-TCHELERY,COBB HIGHWAY,EDWARD RIVER,South,Riverina West M3Ed3,-34.917738382352944,144.75853065588237,4312962.911482354,9095300.473279411
21455,SOUTH OF NYANGY CREEK,COBB HIGHWAY,HAY,South,Riverina West M3Ed3,-34.89886788965517,144.75839686034485,4315054.520981034,9095243.389225863
21460,NYANGY CREEK,COBB HIGHWAY,EDWARD RIVER,South,Riverina West M3Ed3,-34.88095236666666,144.76211139999998,4317047.7855222225,9095540.072866667
21465,CURTAINS CK,COBB HIGHWAY,EDWARD RIVER,South,Riverina West M3Ed3,-34.87099148666667,144.76371428,4318155.10284,9095662.85649
21470,,COBB HIGHWAY,EDWARD RIVER,South,Riverina West M3Ed3,-34.855468757894734,144.7662322105263,4319880.734826316,9095856.094947368
21475,EDWARD RIVER/HAY SH BDY,COBB HIGHWAY,HAY,South,Riverina West M3Ed3,-34.84223982631579,144.76837624736842,4321351.3495947365,9096020.677905263
21480,,COBB HIGHWAY,HAY,South,Riverina West M3Ed3,-34.82911256296296,144.76958365185186,4322808.851611111,9096099.946377777
21485,,COBB HIGHWAY,HAY,South,Riverina West M3Ed3,-34.813065460000004,144.773085795,4324594.472325,9096382.138255
21490,WEST BURRABOGIE RD,COBB HIGHWAY,HAY,South,Riverina West M3Ed3,-34.802035315384614,144.77689904615383,4325824.560123077,9096704.72533846
21495,,COBB HIGHWAY,HAY,South,Riverina West M3Ed3,-34.79173015806451,144.77927411935485,4326971.470332258,9096897.597851614
21500,,COBB HIGHWAY,HAY,South,Riverina West M3Ed3,-34.76790066818182,144.77990578181817,4329614.0856090905,9096899.2212
21505,16 MILE GUMS,COBB HIGHWAY,HAY,South,Riverina West M3Ed3,-34.7459852,144.78866900416668,4332060.280733333,9097649.3799625
21510,,COBB HIGHWAY,HAY,South,Riverina West M3Ed3,-34.72156125217391,144.7980215,4334785.577708696,9098447.978186958
21515,ABERCROMBIE CREEK,COBB HIGHWAY,HAY,South,Riverina West M3Ed3,-34.70263440588235,144.80363789411763,4336894.274617648,9098917.873229412
21520,,COBB HIGHWAY,HAY,South,Riverina West M3Ed3,-34.682417316666665,144.8072749,4339142.134216666,9099203.748816667
21525,TELEGRAPH CREEK,COBB HIGHWAY,HAY,South,Riverina West M3Ed3,-34.66617258461538,144.80991176923078,4340947.74643077,9099407.43199231
21530,,COBB HIGHWAY,HAY,South,Riverina West M3Ed3,-34.65042493333333,144.81394242666664,4342700.915453333,9099740.020946668
21535,,COBB HIGHWAY,HAY,South,Riverina West M3Ed3,-34.626577072413795,144.8225478448276,4345360.5960896555,9100473.149817241
21540,MIDDLE OF FUNOOK,COBB HIGHWAY,HAY,South,Riverina West M3Ed3,-34.60828341,144.82553731000002,4347393.89335,9100704.80854
21545,,COBB HIGHWAY,HAY,South,Riverina West M3Ed3,-34.593985733333334,144.82536633333333,4348978.2431666665,9100656.149600001
21550,JERILDERIE ROAD,COBB HIGHWAY,HAY,South,Riverina West M3Ed3,-34.5764156,144.8313307,4350936.969666666,9101162.381666666
21555,SILOS,COBB HIGHWAY,HAY,South,Riverina West M3Ed3,-34.560682283333335,144.83372409166665,4352685.286541667,9101345.627600001
21560,,COBB HIGHWAY,HAY,South,Riverina West M3Ed3,-34.546516175,144.832676525,4354253.3478999995,9101216.995025
21565,,COBB HIGHWAY,HAY,South,Riverina West M3Ed3,-34.5369197,144.83461115555554,4355320.613333333,9101372.364877777
21570,AIRPORT TO MEDIAN NOSE ROUNDABOUT,COBB HIGHWAY,HAY,South,Riverina West M3Ed3,-34.526596899999994,144.83688923333332,4356469.023,9101557.604033334
21576,21576 - HAY R/ABOUT- N,COBB HIGHWAY,HAY,South,Riverina West M3Ed2,-34.5203228,144.8406735,4357171.5638,9101890.34565
21595,CNT.ALMA ST.- CNT SH6(,COBB HIGHWAY,HAY,South,Riverina West M3Ed3,-34.501287,144.8446753,4359288.87,9102213.9098
21600,SH6 - NTH BDY RYE STRE,COBB HIGHWAY,HAY,South,Riverina West M3Ed3,-34.499168,144.8452453,4359524.7949,9102261.3646
21620,RYE LANE TO JARRETS LANE,COBB HIGHWAY,HAY,South,Riverina West M3Ed3,-34.4866569,144.8474704,4360915.5881,9102436.9555
21625,HAY - BOOLIGAL,COBB HIGHWAY,HAY,South,Riverina West M3Ed3,-34.46147805,144.8460583,4363703.415899999,9102249.822900001
21630,HAY - BOOLIGAL,COBB HIGHWAY,HAY,South,Riverina West M3Ed3,-34.442271,144.84462272000002,4365829.33378,9102074.117759999
21635,CAUSEWAY,COBB HIGHWAY,HAY,South,Riverina West M3Ed3,-34.4364568,144.84395469999998,4366472.42705,9101999.4826
21640,HAY - BOOLIGAL,COBB HIGHWAY,HAY,South,Riverina West M3Ed3,-34.4271420375,144.8410154625,4367499.1553625,9101708.2529625
21645,BOGAMBA,COBB HIGHWAY,HAY,South,Riverina West M3Ed3,-34.41577005714286,144.83733735714287,4368752.454378571,9101344.389778571
21650,HAY - BOOLIGAL,COBB HIGHWAY,HAY,South,Riverina West M3Ed3,-34.404101725,144.833513525,4370038.297775,9100966.374225
21655,TI TREES ROAD,COBB HIGHWAY,HAY,South,Riverina West M3Ed3,-34.39189071111111,144.82830189999999,4371381.609422223,9100459.517733334
21660,HAY - BOOLIGAL,COBB HIGHWAY,HAY,South,Riverina West M3Ed3,-34.3777165,144.81857552857144,4372933.793171429,9099533.1547
21665,SUNSET VIEWING AREA,COBB HIGHWAY,HAY,South,Riverina West M3Ed3,-34.36399191818182,144.8078028909091,4374434.030209091,9098511.393418182
21670,HAY - BOOLIGAL,COBB HIGHWAY,HAY,South,Riverina West M3Ed3,-34.34805322727273,144.79976274545453,4376184.813090909,9097735.317254545
21675,LARA ROAD,COBB HIGHWAY,HAY,South,Riverina West M3Ed3,-34.333206133333334,144.79292303333332,4377816.879283333,9097071.8763
21677,LARA ROAD,COBB HIGHWAY,HAY,South,Riverina West M3Ed3,-34.32429235,144.78750044999998,4378794.13623,9096552.4486
21680,HAY - BOOLIGAL,COBB HIGHWAY,HAY,South,Riverina West M3Ed3,-34.309986512500004,144.77877,4380362.4246875,9095716.0503625
21685,NULLAGONG,COBB HIGHWAY,HAY,South,Riverina West M3Ed3,-34.301269024999996,144.7741695,4381319.459375,9095272.433225
21690,HAY - BOOLIGAL,COBB HIGHWAY,HAY,South,Riverina West M3Ed3,-34.28210944,144.76427224,4383423.18954,9094316.78884
21695,EMBAH,COBB HIGHWAY,HAY,South,Riverina West M3Ed3,-34.267282055555555,144.75643780000001,4385050.820088889,9093560.853022223
21700,HAY - BOOLIGAL,COBB HIGHWAY,HAY,South,Riverina West M3Ed3,-34.25511715555555,144.75005725555556,4386386.222466666,9092944.798944443
21705,HAY - BOOLIGAL,COBB HIGHWAY,HAY,South,Riverina West M3Ed3,-34.240922975000004,144.742854075,4387944.811775,9092248.020975001
21710,HAY - BOOLIGAL,COBB HIGHWAY,HAY,South,Riverina West M3Ed3,-34.221361699999996,144.73335428181818,4390093.484336364,9091326.723163636
21715,ONE TREE,COBB HIGHWAY,HAY,South,Riverina West M3Ed3,-34.19749558181818,144.72369406363634,4392718.7554636365,9090379.906563638
21720,ONE TREE PUB,COBB HIGHWAY,HAY,South,Riverina West M3Ed3,-34.18729235,144.725756075,4393853.5016375,9090545.1491
21725,HAY - BOOLIGAL,COBB HIGHWAY,HAY,South,Riverina West M3Ed3,-34.17941935,144.7316658,4394737.73355,9091070.394749999
21730,HAY - BOOLIGAL,COBB HIGHWAY,HAY,South,Riverina West M3Ed3,-34.16288157692308,144.7413270846154,4396589.537038461,9091920.516561538
21735,HAY - BOOLIGAL,COBB HIGHWAY,HAY,South,Riverina West M3Ed3,-34.14313365714286,144.7518136857143,4398798.6010714285,9092839.333228571
21740,HAY - BOOLIGAL,COBB HIGHWAY,HAY,South,Riverina West M3Ed3,-34.12645849166667,144.76449108333335,4400671.3946,9093967.792
21745,HAY - BOOLIGAL,COBB HIGHWAY,HAY,South,Riverina West M3Ed3,-34.11053501538461,144.77574665384617,4402457.9607,9094967.428415384
21750,WALJEERS,COBB HIGHWAY,HAY,South,Riverina West M3Ed3,-34.087250736363636,144.79430697727273,4405074.2775318185,9096623.598909091
21755,HAY - BOOLIGAL,COBB HIGHWAY,HAY,South,Riverina West M3Ed3,-34.06821191428571,144.8062329,4407207.045257143,9097678.745714286
21760,HAY - BOOLIGAL,COBB HIGHWAY,HAY,South,Riverina West M3Ed3,-34.05993012857143,144.81069177142857,4408133.338942857,9098070.657728571
21765,HAY - BOOLIGAL,COBB HIGHWAY,HAY,South,Riverina West M3Ed3,-34.04525937692308,144.8204658153846,4409777.774307692,9098938.127069231
21770,MIRROOL CREEK,COBB HIGHWAY,HAY,South,Riverina West M3Ed3,-34.026425275,144.82841575,4411879.944325,9099628.00705
21775,HAY - BOOLIGAL,COBB HIGHWAY,HAY,South,Riverina West M3Ed3,-34.01045422,144.84286907999999,4413677.22255,9100924.888
21780,HAY - BOOLIGAL,COBB HIGHWAY,HAY,South,Riverina West M3Ed3,-33.999773866666665,144.84979210000003,4414873.8169,9101539.3288
21785,HAY - BOOLIGAL,COBB HIGHWAY,HAY,South,Riverina West M3Ed3,-33.986686199999994,144.85626015,4416336.2366,9102106.4758
21790,CABBAGE GARDEN CREEK,COBB HIGHWAY,HAY,South,Riverina West M3Ed3,-33.973181507142854,144.86075445714286,4417841.093392857,9102490.65395
21795,ROUND BOX,COBB HIGHWAY,HAY,South,Riverina West M3Ed3,-33.94835081666667,144.86584303333333,4420601.983133334,9102904.197683334
21800,WALLABY,COBB HIGHWAY,HAY,South,Riverina West M3Ed3,-33.92767325,144.87363366666668,4422907.75,9103576.938116668
21805,HAY - BOOLIGAL,COBB HIGHWAY,HAY,South,Riverina West M3Ed3,-33.91709663333333,144.8779699,4424087.788066667,9103953.634766666
21810,HAY - BOOLIGAL,COBB HIGHWAY,HAY,South,Riverina West M3Ed3,-33.903299483333335,144.88496751666665,4425629.62375,9104569.07445
21815,END BLOCK,COBB HIGHWAY,HAY,South,Riverina West M3Ed3,-33.89308665,144.88917215,4426769.06095,9104934.66405
21825,BOOLIGAL,COBB HIGHWAY,HAY,South,Riverina West M3Ed3,-33.86894195,144.88838650000002,4429442.80155,9104807.9868
21830,MR 501,COBB HIGHWAY,HAY,South,Riverina West M3Ed3,-33.8639584,144.88650189999998,4429991.44775,9104622.6298
21835,LACHLAN RIVER,COBB HIGHWAY,HAY,South,Riverina West M3Ed3,-33.860927028571425,144.88434232857142,4430323.276957142,9104416.216428572
21840,START GEOTEXTILE SEAL,COBB HIGHWAY,HAY,South,Riverina West M3Ed3,-33.846597833333334,144.89205266666667,4431925.330833334,9105096.875666665
21845,BOOLIGAL STATION'RIVERSIDE',COBB HIGHWAY,HAY,South,Riverina West M3Ed3,-33.83608385,144.900077725,4433105.1987125,9105815.3673625
21850,BOOLIGAL - MOSSGIEL,COBB HIGHWAY,HAY,South,Riverina West M3Ed3,-33.8166292,144.91352095625,4435285.63149375,9107015.28125625
21855,BOOLIGAL - MOSSGIEL,COBB HIGHWAY,HAY,South,Riverina West M3Ed3,-33.80188448,144.92235274,4436935.58318,9107799.55786
21860,BOOLIGAL - MOSSGIEL,COBB HIGHWAY,HAY,South,Riverina West M3Ed3,-33.787304459999994,144.92647096000002,4438558.57204,9108148.3934
21865,MUGGABAH CK,COBB HIGHWAY,HAY,South,Riverina West M3Ed3,-33.771418833333335,144.92180824666667,4440310.0606,9107682.011973333
21870,BOOLIGAL - MOSSGIEL,COBB HIGHWAY,HAY,South,Riverina West M3Ed3,-33.75684304615385,144.91903424615384,4441919.8801384615,9107393.167723076
21875,MERRIMAJEEL CREEK,COBB HIGHWAY,HAY,South,Riverina West M3Ed3,-33.74032855,144.91765935,4443747.06355,9107229.451200001
21880,MERUNGLE ROAD,COBB HIGHWAY,HAY,South,Riverina West M3Ed3,-33.728540275,144.9068989375,4445033.2183375005,9106207.2660875
21885,BOOLIGAL - MOSSGIEL,COBB HIGHWAY,HAY,South,Riverina West M3Ed3,-33.7144436,144.88241513333332,4446549.351833333,9103909.043
21890,BOOLIGAL - MOSSGIEL,COBB HIGHWAY,HAY,South,Riverina West M3Ed3,-33.707963050000004,144.8657467,4447235.9384,9102351.06825
21895,BOOLIGAL - MOSSGIEL,COBB HIGHWAY,HAY,South,Riverina West M3Ed3,-33.70160048333333,144.846603,4447904.457416667,9100563.905966667
21900,BOOLIGAL - MOSSGIEL,COBB HIGHWAY,HAY,South,Riverina West M3Ed3,-33.69183305,144.82990569999998,4448954.611925,9098995.234075
21905,BOOLIGAL - MOSSGIEL,COBB HIGHWAY,HAY,South,Riverina West M3Ed3,-33.677975233333335,144.8133106,4450457.879188889,9097426.197055556
21910,MERROWIE CREEK,COBB HIGHWAY,HAY,South,Riverina West M3Ed3,-33.665641477777775,144.8121366111111,4451822.054911111,9097288.824622221
21915,BOOLIGAL - MOSSGIEL,COBB HIGHWAY,HAY,South,Riverina West M3Ed3,-33.6512176,144.8043731,4453404.9784,9096536.0372
21920,BOOLIGAL - MOSSGIEL,COBB HIGHWAY,HAY,South,Riverina West M3Ed3,-33.6343084,144.79987955714287,4455269.564185714,9096080.219571428
21925,TOM'S LAKE BORE,COBB HIGHWAY,HAY,South,Riverina West M3Ed3,-33.60879733,144.79066567,4458077.85294,9095166.56042
21930,COOLYAMBA CK,COBB HIGHWAY,HAY,South,Riverina West M3Ed3,-33.596714,144.77879416363638,4459393.1903,9094037.615236364
21935,BOOLIGAL - MOSSGIEL,COBB HIGHWAY,HAY,South,Riverina West M3Ed3,-33.580814995454546,144.76618658181818,4461129.655272727,9092831.072940908
21940,YARTO,COBB HIGHWAY,HAY,South,Riverina West M3Ed3,-33.56284808823529,144.75945095294117,4463106.760282353,9092163.807258824
21945,DAISY PLAIN ROAD,COBB HIGHWAY,HAY,South,Riverina West M3Ed3,-33.54653373181819,144.7557928818182,4464906.862977273,9091785.691240909
21950,YARTO,COBB HIGHWAY,HAY,South,Riverina West M3Ed3,-33.53048521111111,144.7454321777778,4466664.092077778,9090786.210744444
21955,BOOLIGAL - MOSSGIEL,COBB HIGHWAY,HAY,South,Riverina West M3Ed3,-33.516385875,144.7343320125,4468203.7807249995,9089722.43005
21960,JUMPING SANDHILL BORE,COBB HIGHWAY,HAY,South,Riverina West M3Ed3,-33.5019851,144.72393590000001,4469778.175411111,9088722.961133335
21965,SHIRE BDY SOUTH,COBB HIGHWAY,HAY,South,Riverina West M3Ed3,-33.491032755,144.71972305,4470982.978370001,9088305.469285
21970,SHIRE BDY NORTH,COBB HIGHWAY,CARRATHOOL,South,Riverina West M3Ed3,-33.47885072857143,144.71564370000002,4472324.259771428,9087897.305528572
21975,BOOLIGAL - MOSSGIEL,COBB HIGHWAY,CARRATHOOL,South,Riverina West M3Ed3,-33.467388699999994,144.71057303333333,4473583.739166667,9087398.735433333
21980,BOOLIGAL - MOSSGIEL,COBB HIGHWAY,CARRATHOOL,South,Riverina West M3Ed3,-33.45669115,144.7077519,4474763.0863499995,9087110.7926
21985,MIDDLE CREEK,COBB HIGHWAY,CARRATHOOL,South,Riverina West M3Ed3,-33.44009627142857,144.7016592,4476589.051614285,9086504.572871428
21990,BOOLIGAL - MOSSGIEL,COBB HIGHWAY,CARRATHOOL,South,Riverina West M3Ed3,-33.431588375,144.6965524375,4477521.114325,9086009.4900625
21995,BOOLIGAL - MOSSGIEL,COBB HIGHWAY,CARRATHOOL,South,Riverina West M3Ed3,-33.420192514285716,144.6891975,4478768.4602,9085298.392328572
56020,RAILWAY OVERBRIDGE,LACHLAN VALLEY WAY,YASS VALLEY,South,HMO South M3Ed3,-34.77993524285714,148.8562002857143,4328929.481,9469791.826314285
56030,FROST GULLY,LACHLAN VALLEY WAY,YASS VALLEY,South,HMO South M3Ed3,-34.764691757142856,148.85611252857143,4330619.400071428,9469813.827014286
56035,,LACHLAN VALLEY WAY,YASS VALLEY,South,HMO South M3Ed3,-34.75303196,148.85236344,4331917.99444,9469493.78526
56040,SOUTH OF WALLS JUNCTION,LACHLAN VALLEY WAY,YASS VALLEY,South,HMO South M3Ed3,-34.7497905,148.8501702,4332280.8707,9469299.4893
56045,WALLS JUNCTION,LACHLAN VALLEY WAY,YASS VALLEY,South,HMO South M3Ed3,-34.744423366666666,148.84770076666666,4332879.8201,9469084.068666667
56050,,LACHLAN VALLEY WAY,YASS VALLEY,South,HMO South M3Ed3,-34.7386811,148.84493336666665,4333520.8297999995,9468842.096533334
56055,,LACHLAN VALLEY WAY,YASS VALLEY,South,HMO South M3Ed3,-34.728057050000004,148.840324375,4334705.944525,9468441.086625
56060,BENDENINE STOCK ROAD,LACHLAN VALLEY WAY,YASS VALLEY,South,HMO South M3Ed3,-34.7230079,148.8386246,4335268.3809,9468295.3832
56070,,LACHLAN VALLEY WAY,YASS VALLEY,South,HMO South M3Ed3,-34.715362400000004,148.84010544,4336113.49022,9468445.84478
56085,,LACHLAN VALLEY WAY,YASS VALLEY,South,HMO South M3Ed3,-34.69466275,148.83096005,4338422.71735,9467648.96545
56090,,LACHLAN VALLEY WAY,YASS VALLEY,South,HMO South M3Ed3,-34.6877087,148.8232195,4339205.9552,9466953.7505
56100,,LACHLAN VALLEY WAY,YASS VALLEY,South,HMO South M3Ed3,-34.678626,148.8210999,4340216.1305,9466777.2302
56110,,LACHLAN VALLEY WAY,YASS VALLEY,South,HMO South M3Ed3,-34.6723861,148.8204605,4340908.822,9466730.7345
56130,,LACHLAN VALLEY WAY,YASS VALLEY,South,HMO South M3Ed3,-34.65194705,148.812448875,4343187.162425,9466036.36075
56135,,LACHLAN VALLEY WAY,YASS VALLEY,South,HMO South M3Ed3,-34.64775913333333,148.80983495,4343655.52245,9465804.967583334
56140,MOORBYS LANE,LACHLAN VALLEY WAY,YASS VALLEY,South,HMO South M3Ed3,-34.640410023076925,148.8007948923077,4344484.442607692,9464990.901107691
56150,ROAD TO RYE PARK,LACHLAN VALLEY WAY,YASS VALLEY,South,HMO South M3Ed3,-34.63201734,148.79092764,4345430.269959999,9464102.90164
56160,SOUTH BOUND OVER TAKING LANE,LACHLAN VALLEY WAY,YASS VALLEY,South,HMO South M3Ed3,-34.62254805,148.77923775,4346498.185450001,9463049.737
56170,,LACHLAN VALLEY WAY,YASS VALLEY,South,HMO South M3Ed3,-34.61717816666667,148.77184198333333,4347104.922266667,9462382.150566667
56180,FROM KANGIARA CK,LACHLAN VALLEY WAY,YASS VALLEY,South,HMO South M3Ed3,-34.60974568333334,148.76057156666667,4347946.225216667,9461363.2443
56190,ROAD TO KANGIARA,LACHLAN VALLEY WAY,YASS VALLEY,South,HMO South M3Ed3,-34.596436275,148.74883485,4349439.5527874995,9460312.333975
56200,STONEY CREEK,LACHLAN VALLEY WAY,YASS VALLEY,South,HMO South M3Ed3,-34.58315953333334,148.7368478,4350929.515866667,9459238.090333333
56210,SPRING CK,LACHLAN VALLEY WAY,YASS VALLEY,South,HMO South M3Ed3,-34.5767706125,148.733010925,4351643.516275,9458898.093825001
56230,KANGIARA NB OVERTAKING LANE IN HILLTOPS LGA,LACHLAN VALLEY WAY,HILLTOPS,South,HMO South M3Ed3,-34.564048,148.729362,4353059.2542,9458586.9127
78005,LOCKHART - WAGGA SHIRE BDY,OLYMPIC HIGHWAY,WAGGA WAGGA,South,Riverina East M3Ed3,-35.2532149,147.1558521,4277946.3286,9314179.1648
78045,URANQUINTY,OLYMPIC HIGHWAY,WAGGA WAGGA,South,Riverina East M3Ed3,-35.1931109,147.2460356,4284596.3439,9322399.2877
78060,MODEL AERO CLUB,OLYMPIC HIGHWAY,WAGGA WAGGA,South,Riverina East M3Ed3,-35.179173733333336,147.26588376666666,4286137.556066667,9324210.182533333
78065,NORTH OF DUNNS ROAD,OLYMPIC HIGHWAY,WAGGA WAGGA,South,Riverina East M3Ed3,-35.1672458875,147.289103725,4287454.73955,9326328.0847125
78075,KAPOOKA BRIDGE,OLYMPIC HIGHWAY,WAGGA WAGGA,South,Riverina East M3Ed3,-35.1454316,147.3097288857143,4289868.535314286,9328213.5079
78085,WAGGA - ROCK RD,OLYMPIC HIGHWAY,WAGGA WAGGA,South,Riverina East M3Ed3,-35.1354022,147.3117026,4290980.236500001,9328396.6045
84510,START CHANGE SEAL END SHIRE BDY,BURLEY GRIFFIN WAY,COOLAMON,South,Riverina East M3Ed3,-34.3508105,146.8327493,4377996.9895,9284624.749
103880,KNACKERY FLAT,SUMMERLAND WAY,CLARENCE VALLEY,North,Far North Coast M3Ed3,-29.779487333333336,153.00665966666668,4867967.540933333,9881021.8638
103890,BOM BOM CREEK,SUMMERLAND WAY,CLARENCE VALLEY,North,Far North Coast M3Ed3,-29.761957866666666,153.00203183333335,4869934.882866667,9880686.3899
103900,SIX MILE LANE,SUMMERLAND WAY,CLARENCE VALLEY,North,Far North Coast M3Ed3,-29.7546575,152.99983885,4870755.68975,9880520.941
103910,REILLEYS LANE,SUMMERLAND WAY,CLARENCE VALLEY,North,Far North Coast M3Ed3,-29.7417654,152.9879227,4872249.847100001,9879451.198350001
104000,OPPYS GULLY,SUMMERLAND WAY,CLARENCE VALLEY,North,Far North Coast M3Ed2,-29.733107,152.9737094,4873287.6649,9878132.1843
104010,OPPYS GULLY NORTH,SUMMERLAND WAY,CLARENCE VALLEY,North,Far North Coast M3Ed3,-29.7319346,152.971751,4873428.3663,9877950.2901
104020,BOUNDARY ROAD,SUMMERLAND WAY,CLARENCE VALLEY,North,Far North Coast M3Ed2,-29.7265175,152.9641597,4874070.3862,9877250.6941
104080,DUNCANS LANE,GWYDIR HIGHWAY,CLARENCE VALLEY,North,Far North Coast M3Ed3,-29.70350086666667,152.95510433333334,4876669.962233334,9876520.709566668
104090,MCCLARES LANE,GWYDIR HIGHWAY,CLARENCE VALLEY,North,Far North Coast M3Ed3,-29.6953963,152.9607466,4877536.571716667,9877117.6374
104100,CENTENARY DRIVE,GWYDIR HIGHWAY,CLARENCE VALLEY,North,Far North Coast M3Ed3,-29.6887343,152.9662462,4878244.1452,9877691.7133
104530,MCLACHLANS LANE,GWYDIR HIGHWAY,CLARENCE VALLEY,North,Far North Coast M3Ed3,-29.6522659,152.9957787,4882120.1456,9880780.2273
104535,NORTONS LANE,GWYDIR HIGHWAY,CLARENCE VALLEY,North,Far North Coast M3Ed3,-29.6484806,153.0025119,4882502.0066,9881455.8399
104560,OLD POST OFFICE LANE,GWYDIR HIGHWAY,CLARENCE VALLEY,North,Far North Coast M3Ed2,-29.6231922,153.0328531,4885134.0074,9884553.6477
104620,THE FIG TREES,GWYDIR HIGHWAY,CLARENCE VALLEY,North,Far North Coast M3Ed3,-29.5770379,153.0654118,4890064.1216,9888002.0783
104635,WESTERN TIE-IN SB,GWYDIR HIGHWAY,CLARENCE VALLEY,North,Far North Coast M3Ed3,-29.5742868,153.0716138,4890333.9565,9888620.3775
104680,COLDSTREAM RIVER SOUTH,GWYDIR HIGHWAY,CLARENCE VALLEY,North,Far North Coast M3Ed3,-29.5661709,153.1265969,4890921.7874,9893997.4808
106280,NORTH TUCKOMBIL,OLD PACIFIC HWY (Richmond Valley LGA),RICHMOND VALLEY,North,Far North Coast M3Ed3,-29.0839892,153.3388208,4943114.6236,9917794.0569
106400,TIP CORNER,OLD PACIFIC HWY (Richmond Valley LGA),RICHMOND VALLEY,North,Far North Coast M3Ed3,-29.024519,153.4192157,4949226.3708,9926025.164
107003,BOUNDARY CREEK,ROSS LANE,BALLINA,North,Far North Coast M3Ed3,-28.9910099,153.4622873,4952680.8072,9930450.3263
211000,BOOLIGAL - MOSSGIEL,COBB HIGHWAY,HAY,South,Riverina West M3Ed3,-33.406402066666665,144.67988176666668,4480276.979566666,9084399.055
211005,BOOLIGAL - MOSSGIEL,COBB HIGHWAY,CARRATHOOL,South,Riverina West M3Ed3,-33.3966011,144.67182298333333,4481346.063216667,9083626.101066666
211010,BOOLIGAL - MOSSGIEL,COBB HIGHWAY,CARRATHOOL,South,Riverina West M3Ed3,-33.38593494,144.6628149,4482508.95489,9082762.612160001
211015,BOOLIGAL - MOSSGIEL,COBB HIGHWAY,CARRATHOOL,South,Riverina West M3Ed3,-33.370994523076924,144.65194686923076,4484141.3695,9081715.388192307
211020,BOOLIGAL - MOSSGIEL,COBB HIGHWAY,CARRATHOOL,South,Riverina West M3Ed3,-33.35718093333333,144.64097263333335,4485648.630266666,9080660.803716667
211025,BOOLIGAL - MOSSGIEL,COBB HIGHWAY,CARRATHOOL,South,Riverina West M3Ed3,-33.33753955454545,144.6229287818182,4487786.4054,9078933.863554545
211030,BOOLIGAL - MOSSGIEL,COBB HIGHWAY,CARRATHOOL,South,Riverina West M3Ed3,-33.324873725,144.60880559999998,4489159.511150001,9077588.53465
211035,BOOLIGAL - MOSSGIEL,COBB HIGHWAY,CARRATHOOL,South,Riverina West M3Ed3,-33.3137573,144.5964710142857,4490364.613571429,9076413.123242857
211040,ROAD TO COORAIN,COBB HIGHWAY,CARRATHOOL,South,Riverina West M3Ed3,-33.29969088461539,144.58190941538462,4491891.55783077,9075022.687800001
211045,CARRATHOOL/CENTRAL DA,COBB HIGHWAY,CENTRAL DARLING,South,Riverina West M3Ed2,-33.288511,144.5747159,4493114.5001,9074324.7899
235360,WARNERS BAY RD TO AB1,CHARLESTOWN-SANDGATE HIGHWAY,LAKE MACQUARIE,North,Central Coast M3Ed3,-32.9660745,151.675612,4521689.3748,9736564.5715
235450,AB2 OF HILLSBOROUGH R,CHARLESTOWN-SANDGATE HIGHWAY,LAKE MACQUARIE,North,Central Coast M3Ed3,-32.9508207,151.683796,4523343.5688,9737403.9572
410010,HILLSTON,KIDMAN WAY,CARRATHOOL,South,Riverina West M3Ed3,-33.4821396,145.5418907,4473334.0877,9164613.3141
410020,TREATMENT PLANT,KIDMAN WAY,CARRATHOOL,South,Riverina West M3Ed3,-33.48203282857143,145.5525531,4473359.6788,9165603.106214287
410030,,KIDMAN WAY,CARRATHOOL,South,Riverina West M3Ed3,-33.4788463,145.5694362,4473734.3399,9167165.7907
410040,HILLSTON STATE FOREST,KIDMAN WAY,CARRATHOOL,South,Riverina West M3Ed3,-33.4726857,145.58678623333333,4474438.852833333,9168767.491733333
410045,,KIDMAN WAY,CARRATHOOL,South,Riverina West M3Ed3,-33.471182388888884,145.59337391111112,4474613.674355555,9169376.951911112
410050,ROSEMONT,KIDMAN WAY,CARRATHOOL,South,Riverina West M3Ed3,-33.4734137,145.603715225,4474379.33225,9170340.5246
410055,,KIDMAN WAY,CARRATHOOL,South,Riverina West M3Ed3,-33.4746574,145.6087233,4474247.737,9170807.3864
410060,PRE MITCHELLS RD,KIDMAN WAY,CARRATHOOL,South,Riverina West M3Ed3,-33.47742838333333,145.64510598333334,4473985.10745,9174189.652999999
410065,MITCHELLS RD,KIDMAN WAY,CARRATHOOL,South,Riverina West M3Ed3,-33.4755009,145.6538453,4474209.1754,9174998.3587
410070,FROM MITCHELLS RD,KIDMAN WAY,CARRATHOOL,South,Riverina West M3Ed3,-33.4685695,145.66498410000003,4474990.42355,9176022.85425
410075,,KIDMAN WAY,CARRATHOOL,South,Riverina West M3Ed3,-33.45778976666667,145.68178966666667,4476204.645966667,9177568.344233334
410080,PARKERS ROAD,KIDMAN WAY,CARRATHOOL,South,Riverina West M3Ed3,-33.4514613,145.6897384,4476915.1305,9178297.7593
410085,PRE OBRIENS RD,KIDMAN WAY,CARRATHOOL,South,Riverina West M3Ed3,-33.440677550000004,145.70425405,4478126.773700001,9179631.15145
410090,OBRIENS ROAD,KIDMAN WAY,CARRATHOOL,South,Riverina West M3Ed3,-33.4379618,145.7113963,4478435.8907,9180290.8854
410095,PAST OBRIENS ROAD,KIDMAN WAY,CARRATHOOL,South,Riverina West M3Ed3,-33.427555633333334,145.72710273333334,4479606.7669,9181735.885866666
410100,SHELLEY,KIDMAN WAY,CARRATHOOL,South,Riverina West M3Ed3,-33.4205502,145.743138,4480401.0126,9183216.2939
410105,,KIDMAN WAY,CARRATHOOL,South,Riverina West M3Ed3,-33.41902,145.75334526,4480581.920399999,9184162.6575
410120,,KIDMAN WAY,CARRATHOOL,South,Riverina West M3Ed3,-33.4087447,145.7834039,4481753.3509,9186942.2882
410125,,KIDMAN WAY,CARRATHOOL,South,Riverina West M3Ed3,-33.4052721,145.7904048,4482145.6684,9187588.3974
410130,,KIDMAN WAY,CARRATHOOL,South,Riverina West M3Ed3,-33.39971385,145.8021276,4482774.0736,9188670.73075
410135,,KIDMAN WAY,CARRATHOOL,South,Riverina West M3Ed3,-33.385465512500005,145.8251659,4484377.09535,9190794.0712875
410140,SOUTH OF MR501 INTERS,KIDMAN WAY,CARRATHOOL,South,Riverina West M3Ed3,-33.3686922,145.83014595,4486240.768,9191236.14655
410145,MR501 INTERSECTION,KIDMAN WAY,CARRATHOOL,South,Riverina West M3Ed3,-33.34910394285714,145.83572961428573,4488416.927885714,9191731.0627
410150,Willanthry Bridge,KIDMAN WAY,CARRATHOOL,South,Riverina West M3Ed3,-33.339064433333334,145.83410406666667,4489527.6068,9191567.482766667
410155,WILLANDRA CREEK,KIDMAN WAY,CARRATHOOL,South,Riverina West M3Ed3,-33.324876450000005,145.83350155,4491098.9885,9191493.8994
410160,VALROONA,KIDMAN WAY,CARRATHOOL,South,Riverina West M3Ed3,-33.291391492857144,145.84828358571428,4494824.298935714,9192828.06895
410165,NOMBINNIE NAT RES,KIDMAN WAY,CARRATHOOL,South,Riverina West M3Ed3,-33.23419533333333,145.8611509909091,4501174.633830303,9193956.20070909
410170,GRID-NAT RES SIGN,KIDMAN WAY,CARRATHOOL,South,Riverina West M3Ed3,-33.18225864864865,145.86806384054054,4506936.035794595,9194537.558445947
410175,RESERVE SIGN TO SHIRE,KIDMAN WAY,CARRATHOOL,South,Riverina West M3Ed3,-33.10133951851852,145.87822641851852,4515911.747733333,9195388.095811112
694060,MR 296 TO MOULAMEIN,TOOLEYBUC-BALRANALD,BALRANALD,South,Riverina West M3Ed3,-34.941510185714286,143.47909242857142,4307106.158042857,8978582.036457142
694065,KYALITE PISTACHIOS,TOOLEYBUC-BALRANALD,BALRANALD,South,Riverina West M3Ed3,-34.9310525,143.48885107142857,4308295.051471428,8979433.592957143
694070,ENDS AT WEIMBY KYALIT,TOOLEYBUC-BALRANALD,BALRANALD,South,Riverina West M3Ed3,-34.910553292307696,143.49485137692307,4310585.134707692,8979904.957253845
694075,STARTS AT WEIMBY KYAL,TOOLEYBUC-BALRANALD,BALRANALD,South,Riverina West M3Ed3,-34.8905803,143.49798614545455,4312808.078404546,8980116.894695453
694080,ENDS AT SPRING PLAIN,TOOLEYBUC-BALRANALD,BALRANALD,South,Riverina West M3Ed3,-34.874834075,143.5003939625,4314560.37428125,8980278.2755625
694085,STARTS AT SPRING PLAI,TOOLEYBUC-BALRANALD,BALRANALD,South,Riverina West M3Ed3,-34.85967968,143.50280161999999,4316247.0686800005,8980441.90932
694090,,TOOLEYBUC-BALRANALD,BALRANALD,South,Riverina West M3Ed3,-34.84272755333333,143.50548508666668,4318133.79734,8980624.158806665
694095,CONISTON HOMESTEAD,TOOLEYBUC-BALRANALD,BALRANALD,South,Riverina West M3Ed3,-34.82483239473684,143.5083944894737,4320125.691368422,8980823.658378948
694100,,TOOLEYBUC-BALRANALD,BALRANALD,South,Riverina West M3Ed3,-34.805265875,143.514867275,4322313.6348375,8981342.789825
694105,POWER SUB - STATION,TOOLEYBUC-BALRANALD,BALRANALD,South,Riverina West M3Ed3,-34.77931271,143.527230925,4325227.14732,8982377.195275
694110,STARTS AT RD TO MOULA,TOOLEYBUC-BALRANALD,BALRANALD,South,Riverina West M3Ed3,-34.76070785,143.53958014375,4327326.21971875,8983437.9108375
694115,SOUTH OF MAFFRA,TOOLEYBUC-BALRANALD,BALRANALD,South,Riverina West M3Ed3,-34.740587257142856,143.53981777142857,4329556.453942857,8983385.768042857
694120,STARTS AT ENTRANCE TO,TOOLEYBUC-BALRANALD,BALRANALD,South,Riverina West M3Ed3,-34.723709166666666,143.54441576666667,4331440.582733333,8983744.450633334
694125,STARTS AT ENTRANCE TO,TOOLEYBUC-BALRANALD,BALRANALD,South,Riverina West M3Ed3,-34.6984685875,143.551948175,4334260.1464375,8984341.2462875
694130,JOINS STURT HIGHWAY,TOOLEYBUC-BALRANALD,BALRANALD,South,Riverina West M3Ed3,-34.673949199999996,143.55952057,4336999.84812,8984944.70656
780121,GOBBA BR - END TAPER,OLYMPIC HIGHWAY,WAGGA WAGGA,South,Riverina East M3Ed2,-35.0795375,147.3561886,4297162.3659,9332470.3828
780123,END TAPER TO CIS (AC-FS),OLYMPIC HIGHWAY,WAGGA WAGGA,South,Riverina East M3Ed3,-35.072910375,147.37287557500002,4297891.945375,9333994.174725
780131,CIS TO END TAPER RHS,OLYMPIC HIGHWAY,WAGGA WAGGA,South,Riverina East M3Ed2,-35.0669251,147.3928843,4298548.9807,9335820.7763
780161,JUNEE RD,OLYMPIC HIGHWAY,WAGGA WAGGA,South,Riverina East M3Ed3,-35.0615626,147.400954,4299140.8371,9336558.7898
780175,JUNEE RD,OLYMPIC HIGHWAY,WAGGA WAGGA,South,Riverina East M3Ed3,-35.011369725,147.419296425,4304700.084925,9338253.552075
780180,JUNEE RD,OLYMPIC HIGHWAY,WAGGA WAGGA,South,Riverina East M3Ed2,-34.9921192,147.4281437,4306831.4208,9339069.4446
780185,JUNEE RD,OLYMPIC HIGHWAY,WAGGA WAGGA,South,Riverina East M3Ed3,-34.9807876,147.4374938,4308084.3852,9339927.9159
780190,JUNEE RD BOUNDARY WIT,OLYMPIC HIGHWAY,WAGGA WAGGA,South,Riverina East M3Ed2,-34.9706488,147.44048405,4309207.4662,9340205.5569
